-- phpMyAdmin SQL Dump
-- version 4.1.14
-- http://www.phpmyadmin.net
--
-- Host: 127.0.0.1
-- Generation Time: 2016-10-28 12:43:29
-- 服务器版本： 5.6.17
-- PHP Version: 5.5.12

SET SQL_MODE = "NO_AUTO_VALUE_ON_ZERO";
SET time_zone = "+00:00";


/*!40101 SET @OLD_CHARACTER_SET_CLIENT=@@CHARACTER_SET_CLIENT */;
/*!40101 SET @OLD_CHARACTER_SET_RESULTS=@@CHARACTER_SET_RESULTS */;
/*!40101 SET @OLD_COLLATION_CONNECTION=@@COLLATION_CONNECTION */;
/*!40101 SET NAMES utf8 */;

--
-- Database: `aiyue`
--

-- --------------------------------------------------------

--
-- 表的结构 `m_advertisement_category`
--

CREATE TABLE IF NOT EXISTS `m_advertisement_category` (
  `id` int(11) NOT NULL AUTO_INCREMENT,
  `channel_id` int(11) DEFAULT NULL,
  `title` varchar(100) DEFAULT NULL,
  `call_index` varchar(50) DEFAULT NULL,
  `parent_id` int(11) DEFAULT NULL,
  `class_list` longtext,
  `class_layer` int(11) DEFAULT NULL,
  `sort_id` int(11) DEFAULT NULL,
  `link_url` varchar(255) DEFAULT NULL,
  `img_url` varchar(255) DEFAULT NULL,
  `content` longtext,
  `seo_title` varchar(255) DEFAULT NULL,
  `seo_keywords` varchar(255) DEFAULT NULL,
  `seo_description` varchar(255) DEFAULT NULL,
  `is_top` tinyint(2) DEFAULT '1' COMMENT '是否置顶 1、否 2、是',
  `is_rec` tinyint(2) DEFAULT '1' COMMENT '是否推荐 1、否 2、是',
  PRIMARY KEY (`id`)
) ENGINE=InnoDB  DEFAULT CHARSET=utf8 AUTO_INCREMENT=36 ;

--
-- 转存表中的数据 `m_advertisement_category`
--

INSERT INTO `m_advertisement_category` (`id`, `channel_id`, `title`, `call_index`, `parent_id`, `class_list`, `class_layer`, `sort_id`, `link_url`, `img_url`, `content`, `seo_title`, `seo_keywords`, `seo_description`, `is_top`, `is_rec`) VALUES
(1, 21, '首页广告', 'index_adv', 0, NULL, NULL, 10, '', '', '', '', '', '', 1, 1),
(2, 21, 'A', 'position1', 1, NULL, NULL, 10, '', '', '', '', '', '', 1, 1),
(3, 21, 'B', 'position2', 1, NULL, NULL, 20, '', '', '', '', '', '', 1, 1),
(4, 21, 'C', 'position3', 1, NULL, NULL, 99, '', '', '', '', '', '', 1, 1),
(5, 21, '列表页广告', 'list_adv', 0, NULL, NULL, 99, '', '', '', '', '', '', 1, 1),
(6, 21, 'A', 'position1', 5, NULL, NULL, 10, '', '', '', '', '', '', 1, 1),
(7, 21, 'B', 'position2', 5, NULL, NULL, 20, '', '', '', '', '', '', 1, 1),
(8, 21, 'C', 'position3', 5, NULL, NULL, 30, '', '', '', '', '', '', 1, 1),
(9, 23, '购物指南', 'shoping_direct', 0, NULL, NULL, 99, '', '', '', '', '', '', 1, 1),
(10, 23, '会员注册', 'user_register', 9, NULL, NULL, 99, '', '', '', '', '', '', 1, 1),
(11, 23, '用户登录', 'user_login', 9, NULL, NULL, 99, '', '', '', '', '', '', 1, 1),
(12, 21, 'D', 'ders', 5, NULL, NULL, 99, '', '', '', '', '', '', 2, 2),
(13, 21, 'E', '4545', 5, NULL, NULL, 99, '', '', '', '', '', '', 2, 2),
(14, 21, 'F', 'fake', 5, NULL, NULL, 99, '', '', '', '', '', '', 1, 1),
(15, 21, 'g', 'ders', 5, NULL, NULL, 99, '', '', '', '', '', '', 1, 1),
(16, 21, 'L', 'lily', 5, NULL, NULL, 99, '', '', '', '', '', '', 1, 1),
(17, 23, '忘记密码', '', 9, NULL, NULL, 99, '', '', '', '', '', '', 1, 1),
(18, 23, '购物流程', '', 9, NULL, NULL, 99, '', '', '', '', '', '', 1, 1),
(19, 23, '常见问题', '', 9, NULL, NULL, 99, '', '', '', '', '', '', 1, 1),
(20, 23, '配送方式', '', 0, NULL, NULL, 99, '', '', '', '', '', '', 1, 1),
(21, 23, '配送时间', '', 20, NULL, NULL, 99, '', '', '', '', '', '', 1, 1),
(22, 23, '物流配送', '', 20, NULL, NULL, 99, '', '', '', '', '', '', 1, 1),
(23, 23, '配送物流', '', 20, NULL, NULL, 99, '', '', '', '', '', '', 1, 1),
(24, 23, '支付帮助', '', 0, NULL, NULL, 99, '', '', '', '', '', '', 1, 1),
(25, 23, '在线支付', '', 24, NULL, NULL, 99, '', '', '', '', '', '', 1, 1),
(26, 23, '线下转账', '', 24, NULL, NULL, 99, '', '', '', '', '', '', 1, 1),
(27, 23, '发票说明', '', 24, NULL, NULL, 99, '', '', '', '', '', '', 1, 1),
(28, 23, '服务条款', '', 0, NULL, NULL, 99, '', '', '', '', '', '', 1, 1),
(29, 23, '服务总则', '', 28, NULL, NULL, 99, '', '', '', '', '', '', 1, 1),
(30, 23, '售后服务', '', 28, NULL, NULL, 99, '', '', '', '', '', '', 1, 1),
(31, 23, '延保服务', '', 28, NULL, NULL, 99, '', '', '', '', '', '', 1, 1),
(32, 23, '会员积分', '', 0, NULL, NULL, 99, '', '', '', '', '', '', 1, 1),
(33, 23, '会员等级', '', 32, NULL, NULL, 99, '', '', '', '', '', '', 1, 1),
(34, 23, '获得积分', '', 32, NULL, NULL, 99, '', '', '', '', '', '', 1, 1),
(35, 23, '积分合同', '', 32, NULL, NULL, 99, '', '', '', '', '', '', 1, 1);

-- --------------------------------------------------------

--
-- 表的结构 `m_advertisement_field`
--

CREATE TABLE IF NOT EXISTS `m_advertisement_field` (
  `id` int(11) NOT NULL AUTO_INCREMENT,
  `channel_id` int(11) DEFAULT NULL,
  `field_id` int(11) DEFAULT NULL,
  PRIMARY KEY (`id`)
) ENGINE=InnoDB  DEFAULT CHARSET=utf8 AUTO_INCREMENT=51 ;

--
-- 转存表中的数据 `m_advertisement_field`
--

INSERT INTO `m_advertisement_field` (`id`, `channel_id`, `field_id`) VALUES
(47, 21, 131),
(48, 21, 132),
(49, 21, 133),
(50, 21, 137);

-- --------------------------------------------------------

--
-- 表的结构 `m_advertisement_value`
--

CREATE TABLE IF NOT EXISTS `m_advertisement_value` (
  `id` int(11) NOT NULL AUTO_INCREMENT,
  `link_url` varchar(255) DEFAULT NULL,
  `img_url` text,
  `title` varchar(50) DEFAULT NULL,
  `sort_id` int(11) DEFAULT NULL,
  `channel_id` int(11) DEFAULT NULL,
  `ad_content` varchar(50) DEFAULT NULL,
  `add_time` varchar(50) DEFAULT NULL,
  `css_icont` int(11) DEFAULT NULL,
  PRIMARY KEY (`id`)
) ENGINE=InnoDB  DEFAULT CHARSET=utf8 AUTO_INCREMENT=17 ;

--
-- 转存表中的数据 `m_advertisement_value`
--

INSERT INTO `m_advertisement_value` (`id`, `link_url`, `img_url`, `title`, `sort_id`, `channel_id`, `ad_content`, `add_time`, `css_icont`) VALUES
(6, 'www.baidu.com', '/upload/20160719/578e0977ed061.jpg', '无邪科技', 1, 21, 'bhababababa', '2016-09-10 18:02:22', NULL),
(7, 'www.weibo.com', '/upload/20160719/578df22389fff.jpg', '你猜', 2, 21, '哈哈哈哈哈', '', NULL),
(8, 'www.3Gqq.com', '/upload/20160719/578de5a4ce9d3.jpg', '哈哈', 3, 21, '呼呼呼呼', '', NULL),
(9, 'www.qq.com', '/upload/20160719/578de5c3ef84f.jpg', 'hahahahhaa', 4, 21, 'sdadsd', '', NULL),
(10, '', '/upload/20160719/578de5ee31ec6.jpg', '明天你会更好', 5, 21, '4546545', '', NULL),
(11, '', '/upload/20160719/578de60f17870.jpg', '阿帕奇', 6, 21, '撒旦撒打算的', '', NULL),
(12, '', '/upload/20160719/578dd9cde24d4.jpg', '百度杀毒', 7, 21, 'sdsdsadasd', '', NULL),
(13, '', '/upload/20160719/578dda0099860.jpg', '明明', 8, 21, '岁的萨达', '', NULL),
(14, '', '/upload/20160719/578dda1c70a70.jpg', 'sdsdsdsds', 9, 21, 'dsdsdasdad', '', NULL),
(15, '', '/upload/20160719/578dda2fdb200.jpg', '人之初', 10, 21, '', '', NULL),
(16, '', '/upload/20160719/578dda4b44a0e.jpg', '撒旦撒旦', 11, 21, '撒旦撒打算', '', NULL);

-- --------------------------------------------------------

--
-- 表的结构 `m_adv_albums`
--

CREATE TABLE IF NOT EXISTS `m_adv_albums` (
  `id` int(11) NOT NULL AUTO_INCREMENT,
  `article_id` int(11) DEFAULT NULL,
  `thumb_path` varchar(255) DEFAULT NULL,
  `original_path` varchar(255) DEFAULT NULL,
  `remark` longtext,
  `add_time` datetime DEFAULT NULL,
  PRIMARY KEY (`id`)
) ENGINE=InnoDB DEFAULT CHARSET=utf8 AUTO_INCREMENT=1 ;

-- --------------------------------------------------------

--
-- 表的结构 `m_adv_attach`
--

CREATE TABLE IF NOT EXISTS `m_adv_attach` (
  `id` int(11) NOT NULL AUTO_INCREMENT,
  `article_id` int(11) DEFAULT NULL,
  `file_name` varchar(255) DEFAULT NULL,
  `file_path` varchar(255) DEFAULT NULL,
  `file_size` int(11) DEFAULT NULL,
  `file_ext` varchar(20) DEFAULT NULL,
  `down_num` int(11) DEFAULT NULL,
  `point` int(11) DEFAULT NULL,
  `add_time` datetime DEFAULT NULL,
  PRIMARY KEY (`id`)
) ENGINE=InnoDB DEFAULT CHARSET=utf8 AUTO_INCREMENT=1 ;

-- --------------------------------------------------------

--
-- 表的结构 `m_adv_cat_relation`
--

CREATE TABLE IF NOT EXISTS `m_adv_cat_relation` (
  `id` int(11) NOT NULL AUTO_INCREMENT,
  `articleid` int(11) DEFAULT NULL COMMENT 'advertisement_value表id',
  `categoryid` int(11) DEFAULT NULL COMMENT 'advertisement_category表id',
  `ctime` varchar(30) DEFAULT NULL,
  PRIMARY KEY (`id`)
) ENGINE=InnoDB  DEFAULT CHARSET=utf8 AUTO_INCREMENT=27 ;

--
-- 转存表中的数据 `m_adv_cat_relation`
--

INSERT INTO `m_adv_cat_relation` (`id`, `articleid`, `categoryid`, `ctime`) VALUES
(11, 4, 10, '2016-09-28 09:15:54'),
(12, 5, 2, '2016-09-28 17:23:20'),
(13, 6, 2, '2016-09-28 18:02:28'),
(16, 7, 6, '2016-09-28 18:57:06'),
(18, 8, 7, '2016-09-28 19:01:25'),
(19, 9, 7, '2016-09-28 19:04:35'),
(20, 10, 7, '2016-09-28 19:05:32'),
(21, 11, 8, '2016-09-28 19:10:35'),
(22, 12, 12, '2016-09-28 19:21:26'),
(23, 13, 13, '2016-09-28 19:24:38'),
(24, 14, 14, '2016-09-28 19:27:06'),
(25, 15, 15, '2016-09-28 19:28:42'),
(26, 16, 16, '2016-09-28 19:29:58');

-- --------------------------------------------------------

--
-- 表的结构 `m_areas`
--

CREATE TABLE IF NOT EXISTS `m_areas` (
  `area_id` smallint(6) unsigned NOT NULL AUTO_INCREMENT COMMENT '地区id',
  `parent_id` smallint(6) unsigned NOT NULL DEFAULT '0' COMMENT '地区父id',
  `area_name` varchar(120) NOT NULL DEFAULT '' COMMENT '地区名称',
  `area_type` tinyint(1) NOT NULL DEFAULT '2' COMMENT '地区类型 0:country,1:province,2:city,3:district',
  PRIMARY KEY (`area_id`),
  KEY `parent_id` (`parent_id`),
  KEY `area_type` (`area_type`)
) ENGINE=MyISAM  DEFAULT CHARSET=utf8 AUTO_INCREMENT=3429 ;

--
-- 转存表中的数据 `m_areas`
--

INSERT INTO `m_areas` (`area_id`, `parent_id`, `area_name`, `area_type`) VALUES
(1, 0, '中国', 0),
(2, 1, '北京', 1),
(3, 1, '安徽', 1),
(4, 1, '福建', 1),
(5, 1, '甘肃', 1),
(6, 1, '广东', 1),
(7, 1, '广西', 1),
(8, 1, '贵州', 1),
(9, 1, '海南', 1),
(10, 1, '河北', 1),
(11, 1, '河南', 1),
(12, 1, '黑龙江', 1),
(13, 1, '湖北', 1),
(14, 1, '湖南', 1),
(15, 1, '吉林', 1),
(16, 1, '江苏', 1),
(17, 1, '江西', 1),
(18, 1, '辽宁', 1),
(19, 1, '内蒙古', 1),
(20, 1, '宁夏', 1),
(21, 1, '青海', 1),
(22, 1, '山东', 1),
(23, 1, '山西', 1),
(24, 1, '陕西', 1),
(25, 1, '上海', 1),
(26, 1, '四川', 1),
(27, 1, '天津', 1),
(28, 1, '西藏', 1),
(29, 1, '新疆', 1),
(30, 1, '云南', 1),
(31, 1, '浙江', 1),
(32, 1, '重庆', 1),
(33, 1, '香港', 1),
(34, 1, '澳门', 1),
(35, 1, '台湾', 1),
(36, 3, '安庆', 2),
(37, 3, '蚌埠', 2),
(38, 3, '巢湖', 2),
(39, 3, '池州', 2),
(40, 3, '滁州', 2),
(41, 3, '阜阳', 2),
(42, 3, '淮北', 2),
(43, 3, '淮南', 2),
(44, 3, '黄山', 2),
(45, 3, '六安', 2),
(46, 3, '马鞍山', 2),
(47, 3, '宿州', 2),
(48, 3, '铜陵', 2),
(49, 3, '芜湖', 2),
(50, 3, '宣城', 2),
(51, 3, '亳州', 2),
(52, 2, '北京', 2),
(53, 4, '福州', 2),
(54, 4, '龙岩', 2),
(55, 4, '南平', 2),
(56, 4, '宁德', 2),
(57, 4, '莆田', 2),
(58, 4, '泉州', 2),
(59, 4, '三明', 2),
(60, 4, '厦门', 2),
(61, 4, '漳州', 2),
(62, 5, '兰州', 2),
(63, 5, '白银', 2),
(64, 5, '定西', 2),
(65, 5, '甘南', 2),
(66, 5, '嘉峪关', 2),
(67, 5, '金昌', 2),
(68, 5, '酒泉', 2),
(69, 5, '临夏', 2),
(70, 5, '陇南', 2),
(71, 5, '平凉', 2),
(72, 5, '庆阳', 2),
(73, 5, '天水', 2),
(74, 5, '武威', 2),
(75, 5, '张掖', 2),
(76, 6, '广州', 2),
(77, 6, '深圳', 2),
(78, 6, '潮州', 2),
(79, 6, '东莞', 2),
(80, 6, '佛山', 2),
(81, 6, '河源', 2),
(82, 6, '惠州', 2),
(83, 6, '江门', 2),
(84, 6, '揭阳', 2),
(85, 6, '茂名', 2),
(86, 6, '梅州', 2),
(87, 6, '清远', 2),
(88, 6, '汕头', 2),
(89, 6, '汕尾', 2),
(90, 6, '韶关', 2),
(91, 6, '阳江', 2),
(92, 6, '云浮', 2),
(93, 6, '湛江', 2),
(94, 6, '肇庆', 2),
(95, 6, '中山', 2),
(96, 6, '珠海', 2),
(97, 7, '南宁', 2),
(98, 7, '桂林', 2),
(99, 7, '百色', 2),
(100, 7, '北海', 2),
(101, 7, '崇左', 2),
(102, 7, '防城港', 2),
(103, 7, '贵港', 2),
(104, 7, '河池', 2),
(105, 7, '贺州', 2),
(106, 7, '来宾', 2),
(107, 7, '柳州', 2),
(108, 7, '钦州', 2),
(109, 7, '梧州', 2),
(110, 7, '玉林', 2),
(111, 8, '贵阳', 2),
(112, 8, '安顺', 2),
(113, 8, '毕节', 2),
(114, 8, '六盘水', 2),
(115, 8, '黔东南', 2),
(116, 8, '黔南', 2),
(117, 8, '黔西南', 2),
(118, 8, '铜仁', 2),
(119, 8, '遵义', 2),
(120, 9, '海口', 2),
(121, 9, '三亚', 2),
(122, 9, '白沙', 2),
(123, 9, '保亭', 2),
(124, 9, '昌江', 2),
(125, 9, '澄迈县', 2),
(126, 9, '定安县', 2),
(127, 9, '东方', 2),
(128, 9, '乐东', 2),
(129, 9, '临高县', 2),
(130, 9, '陵水', 2),
(131, 9, '琼海', 2),
(132, 9, '琼中', 2),
(133, 9, '屯昌县', 2),
(134, 9, '万宁', 2),
(135, 9, '文昌', 2),
(136, 9, '五指山', 2),
(137, 9, '儋州', 2),
(138, 10, '石家庄', 2),
(139, 10, '保定', 2),
(140, 10, '沧州', 2),
(141, 10, '承德', 2),
(142, 10, '邯郸', 2),
(143, 10, '衡水', 2),
(144, 10, '廊坊', 2),
(145, 10, '秦皇岛', 2),
(146, 10, '唐山', 2),
(147, 10, '邢台', 2),
(148, 10, '张家口', 2),
(149, 11, '郑州', 2),
(150, 11, '洛阳', 2),
(151, 11, '开封', 2),
(152, 11, '安阳', 2),
(153, 11, '鹤壁', 2),
(154, 11, '济源', 2),
(155, 11, '焦作', 2),
(156, 11, '南阳', 2),
(157, 11, '平顶山', 2),
(158, 11, '三门峡', 2),
(159, 11, '商丘', 2),
(160, 11, '新乡', 2),
(161, 11, '信阳', 2),
(162, 11, '许昌', 2),
(163, 11, '周口', 2),
(164, 11, '驻马店', 2),
(165, 11, '漯河', 2),
(166, 11, '濮阳', 2),
(167, 12, '哈尔滨', 2),
(168, 12, '大庆', 2),
(169, 12, '大兴安岭', 2),
(170, 12, '鹤岗', 2),
(171, 12, '黑河', 2),
(172, 12, '鸡西', 2),
(173, 12, '佳木斯', 2),
(174, 12, '牡丹江', 2),
(175, 12, '七台河', 2),
(176, 12, '齐齐哈尔', 2),
(177, 12, '双鸭山', 2),
(178, 12, '绥化', 2),
(179, 12, '伊春', 2),
(180, 13, '武汉', 2),
(181, 13, '仙桃', 2),
(182, 13, '鄂州', 2),
(183, 13, '黄冈', 2),
(184, 13, '黄石', 2),
(185, 13, '荆门', 2),
(186, 13, '荆州', 2),
(187, 13, '潜江', 2),
(188, 13, '神农架林区', 2),
(189, 13, '十堰', 2),
(190, 13, '随州', 2),
(191, 13, '天门', 2),
(192, 13, '咸宁', 2),
(193, 13, '襄樊', 2),
(194, 13, '孝感', 2),
(195, 13, '宜昌', 2),
(196, 13, '恩施', 2),
(197, 14, '长沙', 2),
(198, 14, '张家界', 2),
(199, 14, '常德', 2),
(200, 14, '郴州', 2),
(201, 14, '衡阳', 2),
(202, 14, '怀化', 2),
(203, 14, '娄底', 2),
(204, 14, '邵阳', 2),
(205, 14, '湘潭', 2),
(206, 14, '湘西', 2),
(207, 14, '益阳', 2),
(208, 14, '永州', 2),
(209, 14, '岳阳', 2),
(210, 14, '株洲', 2),
(211, 15, '长春', 2),
(212, 15, '吉林', 2),
(213, 15, '白城', 2),
(214, 15, '白山', 2),
(215, 15, '辽源', 2),
(216, 15, '四平', 2),
(217, 15, '松原', 2),
(218, 15, '通化', 2),
(219, 15, '延边', 2),
(220, 16, '南京', 2),
(221, 16, '苏州', 2),
(222, 16, '无锡', 2),
(223, 16, '常州', 2),
(224, 16, '淮安', 2),
(225, 16, '连云港', 2),
(226, 16, '南通', 2),
(227, 16, '宿迁', 2),
(228, 16, '泰州', 2),
(229, 16, '徐州', 2),
(230, 16, '盐城', 2),
(231, 16, '扬州', 2),
(232, 16, '镇江', 2),
(233, 17, '南昌', 2),
(234, 17, '抚州', 2),
(235, 17, '赣州', 2),
(236, 17, '吉安', 2),
(237, 17, '景德镇', 2),
(238, 17, '九江', 2),
(239, 17, '萍乡', 2),
(240, 17, '上饶', 2),
(241, 17, '新余', 2),
(242, 17, '宜春', 2),
(243, 17, '鹰潭', 2),
(244, 18, '沈阳', 2),
(245, 18, '大连', 2),
(246, 18, '鞍山', 2),
(247, 18, '本溪', 2),
(248, 18, '朝阳', 2),
(249, 18, '丹东', 2),
(250, 18, '抚顺', 2),
(251, 18, '阜新', 2),
(252, 18, '葫芦岛', 2),
(253, 18, '锦州', 2),
(254, 18, '辽阳', 2),
(255, 18, '盘锦', 2),
(256, 18, '铁岭', 2),
(257, 18, '营口', 2),
(258, 19, '呼和浩特', 2),
(259, 19, '阿拉善盟', 2),
(260, 19, '巴彦淖尔盟', 2),
(261, 19, '包头', 2),
(262, 19, '赤峰', 2),
(263, 19, '鄂尔多斯', 2),
(264, 19, '呼伦贝尔', 2),
(265, 19, '通辽', 2),
(266, 19, '乌海', 2),
(267, 19, '乌兰察布市', 2),
(268, 19, '锡林郭勒盟', 2),
(269, 19, '兴安盟', 2),
(270, 20, '银川', 2),
(271, 20, '固原', 2),
(272, 20, '石嘴山', 2),
(273, 20, '吴忠', 2),
(274, 20, '中卫', 2),
(275, 21, '西宁', 2),
(276, 21, '果洛', 2),
(277, 21, '海北', 2),
(278, 21, '海东', 2),
(279, 21, '海南', 2),
(280, 21, '海西', 2),
(281, 21, '黄南', 2),
(282, 21, '玉树', 2),
(283, 22, '济南', 2),
(284, 22, '青岛', 2),
(285, 22, '滨州', 2),
(286, 22, '德州', 2),
(287, 22, '东营', 2),
(288, 22, '菏泽', 2),
(289, 22, '济宁', 2),
(290, 22, '莱芜', 2),
(291, 22, '聊城', 2),
(292, 22, '临沂', 2),
(293, 22, '日照', 2),
(294, 22, '泰安', 2),
(295, 22, '威海', 2),
(296, 22, '潍坊', 2),
(297, 22, '烟台', 2),
(298, 22, '枣庄', 2),
(299, 22, '淄博', 2),
(300, 23, '太原', 2),
(301, 23, '长治', 2),
(302, 23, '大同', 2),
(303, 23, '晋城', 2),
(304, 23, '晋中', 2),
(305, 23, '临汾', 2),
(306, 23, '吕梁', 2),
(307, 23, '朔州', 2),
(308, 23, '忻州', 2),
(309, 23, '阳泉', 2),
(310, 23, '运城', 2),
(311, 24, '西安', 2),
(312, 24, '安康', 2),
(313, 24, '宝鸡', 2),
(314, 24, '汉中', 2),
(315, 24, '商洛', 2),
(316, 24, '铜川', 2),
(317, 24, '渭南', 2),
(318, 24, '咸阳', 2),
(319, 24, '延安', 2),
(320, 24, '榆林', 2),
(321, 25, '上海', 2),
(322, 26, '成都', 2),
(323, 26, '绵阳', 2),
(324, 26, '阿坝', 2),
(325, 26, '巴中', 2),
(326, 26, '达州', 2),
(327, 26, '德阳', 2),
(328, 26, '甘孜', 2),
(329, 26, '广安', 2),
(330, 26, '广元', 2),
(331, 26, '乐山', 2),
(332, 26, '凉山', 2),
(333, 26, '眉山', 2),
(334, 26, '南充', 2),
(335, 26, '内江', 2),
(336, 26, '攀枝花', 2),
(337, 26, '遂宁', 2),
(338, 26, '雅安', 2),
(339, 26, '宜宾', 2),
(340, 26, '资阳', 2),
(341, 26, '自贡', 2),
(342, 26, '泸州', 2),
(343, 27, '天津', 2),
(344, 28, '拉萨', 2),
(345, 28, '阿里', 2),
(346, 28, '昌都', 2),
(347, 28, '林芝', 2),
(348, 28, '那曲', 2),
(349, 28, '日喀则', 2),
(350, 28, '山南', 2),
(351, 29, '乌鲁木齐', 2),
(352, 29, '阿克苏', 2),
(353, 29, '阿拉尔', 2),
(354, 29, '巴音郭楞', 2),
(355, 29, '博尔塔拉', 2),
(356, 29, '昌吉', 2),
(357, 29, '哈密', 2),
(358, 29, '和田', 2),
(359, 29, '喀什', 2),
(360, 29, '克拉玛依', 2),
(361, 29, '克孜勒苏', 2),
(362, 29, '石河子', 2),
(363, 29, '图木舒克', 2),
(364, 29, '吐鲁番', 2),
(365, 29, '五家渠', 2),
(366, 29, '伊犁', 2),
(367, 30, '昆明', 2),
(368, 30, '怒江', 2),
(369, 30, '普洱', 2),
(370, 30, '丽江', 2),
(371, 30, '保山', 2),
(372, 30, '楚雄', 2),
(373, 30, '大理', 2),
(374, 30, '德宏', 2),
(375, 30, '迪庆', 2),
(376, 30, '红河', 2),
(377, 30, '临沧', 2),
(378, 30, '曲靖', 2),
(379, 30, '文山', 2),
(380, 30, '西双版纳', 2),
(381, 30, '玉溪', 2),
(382, 30, '昭通', 2),
(383, 31, '杭州', 2),
(384, 31, '湖州', 2),
(385, 31, '嘉兴', 2),
(386, 31, '金华', 2),
(387, 31, '丽水', 2),
(388, 31, '宁波', 2),
(389, 31, '绍兴', 2),
(390, 31, '台州', 2),
(391, 31, '温州', 2),
(392, 31, '舟山', 2),
(393, 31, '衢州', 2),
(394, 32, '重庆', 2),
(395, 33, '香港', 2),
(396, 34, '澳门', 2),
(397, 35, '台湾', 2),
(398, 36, '迎江区', 3),
(399, 36, '大观区', 3),
(400, 36, '宜秀区', 3),
(401, 36, '桐城市', 3),
(402, 36, '怀宁县', 3),
(403, 36, '枞阳县', 3),
(404, 36, '潜山县', 3),
(405, 36, '太湖县', 3),
(406, 36, '宿松县', 3),
(407, 36, '望江县', 3),
(408, 36, '岳西县', 3),
(409, 37, '中市区', 3),
(410, 37, '东市区', 3),
(411, 37, '西市区', 3),
(412, 37, '郊区', 3),
(413, 37, '怀远县', 3),
(414, 37, '五河县', 3),
(415, 37, '固镇县', 3),
(416, 38, '居巢区', 3),
(417, 38, '庐江县', 3),
(418, 38, '无为县', 3),
(419, 38, '含山县', 3),
(420, 38, '和县', 3),
(421, 39, '贵池区', 3),
(422, 39, '东至县', 3),
(423, 39, '石台县', 3),
(424, 39, '青阳县', 3),
(425, 40, '琅琊区', 3),
(426, 40, '南谯区', 3),
(427, 40, '天长市', 3),
(428, 40, '明光市', 3),
(429, 40, '来安县', 3),
(430, 40, '全椒县', 3),
(431, 40, '定远县', 3),
(432, 40, '凤阳县', 3),
(433, 41, '蚌山区', 3),
(434, 41, '龙子湖区', 3),
(435, 41, '禹会区', 3),
(436, 41, '淮上区', 3),
(437, 41, '颍州区', 3),
(438, 41, '颍东区', 3),
(439, 41, '颍泉区', 3),
(440, 41, '界首市', 3),
(441, 41, '临泉县', 3),
(442, 41, '太和县', 3),
(443, 41, '阜南县', 3),
(444, 41, '颖上县', 3),
(445, 42, '相山区', 3),
(446, 42, '杜集区', 3),
(447, 42, '烈山区', 3),
(448, 42, '濉溪县', 3),
(449, 43, '田家庵区', 3),
(450, 43, '大通区', 3),
(451, 43, '谢家集区', 3),
(452, 43, '八公山区', 3),
(453, 43, '潘集区', 3),
(454, 43, '凤台县', 3),
(455, 44, '屯溪区', 3),
(456, 44, '黄山区', 3),
(457, 44, '徽州区', 3),
(458, 44, '歙县', 3),
(459, 44, '休宁县', 3),
(460, 44, '黟县', 3),
(461, 44, '祁门县', 3),
(462, 45, '金安区', 3),
(463, 45, '裕安区', 3),
(464, 45, '寿县', 3),
(465, 45, '霍邱县', 3),
(466, 45, '舒城县', 3),
(467, 45, '金寨县', 3),
(468, 45, '霍山县', 3),
(469, 46, '雨山区', 3),
(470, 46, '花山区', 3),
(471, 46, '金家庄区', 3),
(472, 46, '当涂县', 3),
(473, 47, '埇桥区', 3),
(474, 47, '砀山县', 3),
(475, 47, '萧县', 3),
(476, 47, '灵璧县', 3),
(477, 47, '泗县', 3),
(478, 48, '铜官山区', 3),
(479, 48, '狮子山区', 3),
(480, 48, '郊区', 3),
(481, 48, '铜陵县', 3),
(482, 49, '镜湖区', 3),
(483, 49, '弋江区', 3),
(484, 49, '鸠江区', 3),
(485, 49, '三山区', 3),
(486, 49, '芜湖县', 3),
(487, 49, '繁昌县', 3),
(488, 49, '南陵县', 3),
(489, 50, '宣州区', 3),
(490, 50, '宁国市', 3),
(491, 50, '郎溪县', 3),
(492, 50, '广德县', 3),
(493, 50, '泾县', 3),
(494, 50, '绩溪县', 3),
(495, 50, '旌德县', 3),
(496, 51, '涡阳县', 3),
(497, 51, '蒙城县', 3),
(498, 51, '利辛县', 3),
(499, 51, '谯城区', 3),
(500, 52, '东城区', 3),
(501, 52, '西城区', 3),
(502, 52, '海淀区', 3),
(503, 52, '朝阳区', 3),
(504, 52, '崇文区', 3),
(505, 52, '宣武区', 3),
(506, 52, '丰台区', 3),
(507, 52, '石景山区', 3),
(508, 52, '房山区', 3),
(509, 52, '门头沟区', 3),
(510, 52, '通州区', 3),
(511, 52, '顺义区', 3),
(512, 52, '昌平区', 3),
(513, 52, '怀柔区', 3),
(514, 52, '平谷区', 3),
(515, 52, '大兴区', 3),
(516, 52, '密云县', 3),
(517, 52, '延庆县', 3),
(518, 53, '鼓楼区', 3),
(519, 53, '台江区', 3),
(520, 53, '仓山区', 3),
(521, 53, '马尾区', 3),
(522, 53, '晋安区', 3),
(523, 53, '福清市', 3),
(524, 53, '长乐市', 3),
(525, 53, '闽侯县', 3),
(526, 53, '连江县', 3),
(527, 53, '罗源县', 3),
(528, 53, '闽清县', 3),
(529, 53, '永泰县', 3),
(530, 53, '平潭县', 3),
(531, 54, '新罗区', 3),
(532, 54, '漳平市', 3),
(533, 54, '长汀县', 3),
(534, 54, '永定县', 3),
(535, 54, '上杭县', 3),
(536, 54, '武平县', 3),
(537, 54, '连城县', 3),
(538, 55, '延平区', 3),
(539, 55, '邵武市', 3),
(540, 55, '武夷山市', 3),
(541, 55, '建瓯市', 3),
(542, 55, '建阳市', 3),
(543, 55, '顺昌县', 3),
(544, 55, '浦城县', 3),
(545, 55, '光泽县', 3),
(546, 55, '松溪县', 3),
(547, 55, '政和县', 3),
(548, 56, '蕉城区', 3),
(549, 56, '福安市', 3),
(550, 56, '福鼎市', 3),
(551, 56, '霞浦县', 3),
(552, 56, '古田县', 3),
(553, 56, '屏南县', 3),
(554, 56, '寿宁县', 3),
(555, 56, '周宁县', 3),
(556, 56, '柘荣县', 3),
(557, 57, '城厢区', 3),
(558, 57, '涵江区', 3),
(559, 57, '荔城区', 3),
(560, 57, '秀屿区', 3),
(561, 57, '仙游县', 3),
(562, 58, '鲤城区', 3),
(563, 58, '丰泽区', 3),
(564, 58, '洛江区', 3),
(565, 58, '清濛开发区', 3),
(566, 58, '泉港区', 3),
(567, 58, '石狮市', 3),
(568, 58, '晋江市', 3),
(569, 58, '南安市', 3),
(570, 58, '惠安县', 3),
(571, 58, '安溪县', 3),
(572, 58, '永春县', 3),
(573, 58, '德化县', 3),
(574, 58, '金门县', 3),
(575, 59, '梅列区', 3),
(576, 59, '三元区', 3),
(577, 59, '永安市', 3),
(578, 59, '明溪县', 3),
(579, 59, '清流县', 3),
(580, 59, '宁化县', 3),
(581, 59, '大田县', 3),
(582, 59, '尤溪县', 3),
(583, 59, '沙县', 3),
(584, 59, '将乐县', 3),
(585, 59, '泰宁县', 3),
(586, 59, '建宁县', 3),
(587, 60, '思明区', 3),
(588, 60, '海沧区', 3),
(589, 60, '湖里区', 3),
(590, 60, '集美区', 3),
(591, 60, '同安区', 3),
(592, 60, '翔安区', 3),
(593, 61, '芗城区', 3),
(594, 61, '龙文区', 3),
(595, 61, '龙海市', 3),
(596, 61, '云霄县', 3),
(597, 61, '漳浦县', 3),
(598, 61, '诏安县', 3),
(599, 61, '长泰县', 3),
(600, 61, '东山县', 3),
(601, 61, '南靖县', 3),
(602, 61, '平和县', 3),
(603, 61, '华安县', 3),
(604, 62, '皋兰县', 3),
(605, 62, '城关区', 3),
(606, 62, '七里河区', 3),
(607, 62, '西固区', 3),
(608, 62, '安宁区', 3),
(609, 62, '红古区', 3),
(610, 62, '永登县', 3),
(611, 62, '榆中县', 3),
(612, 63, '白银区', 3),
(613, 63, '平川区', 3),
(614, 63, '会宁县', 3),
(615, 63, '景泰县', 3),
(616, 63, '靖远县', 3),
(617, 64, '临洮县', 3),
(618, 64, '陇西县', 3),
(619, 64, '通渭县', 3),
(620, 64, '渭源县', 3),
(621, 64, '漳县', 3),
(622, 64, '岷县', 3),
(623, 64, '安定区', 3),
(624, 64, '安定区', 3),
(625, 65, '合作市', 3),
(626, 65, '临潭县', 3),
(627, 65, '卓尼县', 3),
(628, 65, '舟曲县', 3),
(629, 65, '迭部县', 3),
(630, 65, '玛曲县', 3),
(631, 65, '碌曲县', 3),
(632, 65, '夏河县', 3),
(633, 66, '嘉峪关市', 3),
(634, 67, '金川区', 3),
(635, 67, '永昌县', 3),
(636, 68, '肃州区', 3),
(637, 68, '玉门市', 3),
(638, 68, '敦煌市', 3),
(639, 68, '金塔县', 3),
(640, 68, '瓜州县', 3),
(641, 68, '肃北', 3),
(642, 68, '阿克塞', 3),
(643, 69, '临夏市', 3),
(644, 69, '临夏县', 3),
(645, 69, '康乐县', 3),
(646, 69, '永靖县', 3),
(647, 69, '广河县', 3),
(648, 69, '和政县', 3),
(649, 69, '东乡族自治县', 3),
(650, 69, '积石山', 3),
(651, 70, '成县', 3),
(652, 70, '徽县', 3),
(653, 70, '康县', 3),
(654, 70, '礼县', 3),
(655, 70, '两当县', 3),
(656, 70, '文县', 3),
(657, 70, '西和县', 3),
(658, 70, '宕昌县', 3),
(659, 70, '武都区', 3),
(660, 71, '崇信县', 3),
(661, 71, '华亭县', 3),
(662, 71, '静宁县', 3),
(663, 71, '灵台县', 3),
(664, 71, '崆峒区', 3),
(665, 71, '庄浪县', 3),
(666, 71, '泾川县', 3),
(667, 72, '合水县', 3),
(668, 72, '华池县', 3),
(669, 72, '环县', 3),
(670, 72, '宁县', 3),
(671, 72, '庆城县', 3),
(672, 72, '西峰区', 3),
(673, 72, '镇原县', 3),
(674, 72, '正宁县', 3),
(675, 73, '甘谷县', 3),
(676, 73, '秦安县', 3),
(677, 73, '清水县', 3),
(678, 73, '秦州区', 3),
(679, 73, '麦积区', 3),
(680, 73, '武山县', 3),
(681, 73, '张家川', 3),
(682, 74, '古浪县', 3),
(683, 74, '民勤县', 3),
(684, 74, '天祝', 3),
(685, 74, '凉州区', 3),
(686, 75, '高台县', 3),
(687, 75, '临泽县', 3),
(688, 75, '民乐县', 3),
(689, 75, '山丹县', 3),
(690, 75, '肃南', 3),
(691, 75, '甘州区', 3),
(692, 76, '从化市', 3),
(693, 76, '天河区', 3),
(694, 76, '东山区', 3),
(695, 76, '白云区', 3),
(696, 76, '海珠区', 3),
(697, 76, '荔湾区', 3),
(698, 76, '越秀区', 3),
(699, 76, '黄埔区', 3),
(700, 76, '番禺区', 3),
(701, 76, '花都区', 3),
(702, 76, '增城区', 3),
(703, 76, '从化区', 3),
(704, 76, '市郊', 3),
(705, 77, '福田区', 3),
(706, 77, '罗湖区', 3),
(707, 77, '南山区', 3),
(708, 77, '宝安区', 3),
(709, 77, '龙岗区', 3),
(710, 77, '盐田区', 3),
(711, 78, '湘桥区', 3),
(712, 78, '潮安县', 3),
(713, 78, '饶平县', 3),
(714, 79, '南城区', 3),
(715, 79, '东城区', 3),
(716, 79, '万江区', 3),
(717, 79, '莞城区', 3),
(718, 79, '石龙镇', 3),
(719, 79, '虎门镇', 3),
(720, 79, '麻涌镇', 3),
(721, 79, '道滘镇', 3),
(722, 79, '石碣镇', 3),
(723, 79, '沙田镇', 3),
(724, 79, '望牛墩镇', 3),
(725, 79, '洪梅镇', 3),
(726, 79, '茶山镇', 3),
(727, 79, '寮步镇', 3),
(728, 79, '大岭山镇', 3),
(729, 79, '大朗镇', 3),
(730, 79, '黄江镇', 3),
(731, 79, '樟木头', 3),
(732, 79, '凤岗镇', 3),
(733, 79, '塘厦镇', 3),
(734, 79, '谢岗镇', 3),
(735, 79, '厚街镇', 3),
(736, 79, '清溪镇', 3),
(737, 79, '常平镇', 3),
(738, 79, '桥头镇', 3),
(739, 79, '横沥镇', 3),
(740, 79, '东坑镇', 3),
(741, 79, '企石镇', 3),
(742, 79, '石排镇', 3),
(743, 79, '长安镇', 3),
(744, 79, '中堂镇', 3),
(745, 79, '高埗镇', 3),
(746, 80, '禅城区', 3),
(747, 80, '南海区', 3),
(748, 80, '顺德区', 3),
(749, 80, '三水区', 3),
(750, 80, '高明区', 3),
(751, 81, '东源县', 3),
(752, 81, '和平县', 3),
(753, 81, '源城区', 3),
(754, 81, '连平县', 3),
(755, 81, '龙川县', 3),
(756, 81, '紫金县', 3),
(757, 82, '惠阳区', 3),
(758, 82, '惠城区', 3),
(759, 82, '大亚湾', 3),
(760, 82, '博罗县', 3),
(761, 82, '惠东县', 3),
(762, 82, '龙门县', 3),
(763, 83, '江海区', 3),
(764, 83, '蓬江区', 3),
(765, 83, '新会区', 3),
(766, 83, '台山市', 3),
(767, 83, '开平市', 3),
(768, 83, '鹤山市', 3),
(769, 83, '恩平市', 3),
(770, 84, '榕城区', 3),
(771, 84, '普宁市', 3),
(772, 84, '揭东县', 3),
(773, 84, '揭西县', 3),
(774, 84, '惠来县', 3),
(775, 85, '茂南区', 3),
(776, 85, '茂港区', 3),
(777, 85, '高州市', 3),
(778, 85, '化州市', 3),
(779, 85, '信宜市', 3),
(780, 85, '电白县', 3),
(781, 86, '梅县', 3),
(782, 86, '梅江区', 3),
(783, 86, '兴宁市', 3),
(784, 86, '大埔县', 3),
(785, 86, '丰顺县', 3),
(786, 86, '五华县', 3),
(787, 86, '平远县', 3),
(788, 86, '蕉岭县', 3),
(789, 87, '清城区', 3),
(790, 87, '英德市', 3),
(791, 87, '连州市', 3),
(792, 87, '佛冈县', 3),
(793, 87, '阳山县', 3),
(794, 87, '清新县', 3),
(795, 87, '连山', 3),
(796, 87, '连南', 3),
(797, 88, '南澳县', 3),
(798, 88, '潮阳区', 3),
(799, 88, '澄海区', 3),
(800, 88, '龙湖区', 3),
(801, 88, '金平区', 3),
(802, 88, '濠江区', 3),
(803, 88, '潮南区', 3),
(804, 89, '城区', 3),
(805, 89, '陆丰市', 3),
(806, 89, '海丰县', 3),
(807, 89, '陆河县', 3),
(808, 90, '曲江县', 3),
(809, 90, '浈江区', 3),
(810, 90, '武江区', 3),
(811, 90, '曲江区', 3),
(812, 90, '乐昌市', 3),
(813, 90, '南雄市', 3),
(814, 90, '始兴县', 3),
(815, 90, '仁化县', 3),
(816, 90, '翁源县', 3),
(817, 90, '新丰县', 3),
(818, 90, '乳源', 3),
(819, 91, '江城区', 3),
(820, 91, '阳春市', 3),
(821, 91, '阳西县', 3),
(822, 91, '阳东县', 3),
(823, 92, '云城区', 3),
(824, 92, '罗定市', 3),
(825, 92, '新兴县', 3),
(826, 92, '郁南县', 3),
(827, 92, '云安县', 3),
(828, 93, '赤坎区', 3),
(829, 93, '霞山区', 3),
(830, 93, '坡头区', 3),
(831, 93, '麻章区', 3),
(832, 93, '廉江市', 3),
(833, 93, '雷州市', 3),
(834, 93, '吴川市', 3),
(835, 93, '遂溪县', 3),
(836, 93, '徐闻县', 3),
(837, 94, '肇庆市', 3),
(838, 94, '高要市', 3),
(839, 94, '四会市', 3),
(840, 94, '广宁县', 3),
(841, 94, '怀集县', 3),
(842, 94, '封开县', 3),
(843, 94, '德庆县', 3),
(844, 95, '石岐街道', 3),
(845, 95, '东区街道', 3),
(846, 95, '西区街道', 3),
(847, 95, '环城街道', 3),
(848, 95, '中山港街道', 3),
(849, 95, '五桂山街道', 3),
(850, 96, '香洲区', 3),
(851, 96, '斗门区', 3),
(852, 96, '金湾区', 3),
(853, 97, '邕宁区', 3),
(854, 97, '青秀区', 3),
(855, 97, '兴宁区', 3),
(856, 97, '良庆区', 3),
(857, 97, '西乡塘区', 3),
(858, 97, '江南区', 3),
(859, 97, '武鸣县', 3),
(860, 97, '隆安县', 3),
(861, 97, '马山县', 3),
(862, 97, '上林县', 3),
(863, 97, '宾阳县', 3),
(864, 97, '横县', 3),
(865, 98, '秀峰区', 3),
(866, 98, '叠彩区', 3),
(867, 98, '象山区', 3),
(868, 98, '七星区', 3),
(869, 98, '雁山区', 3),
(870, 98, '阳朔县', 3),
(871, 98, '临桂县', 3),
(872, 98, '灵川县', 3),
(873, 98, '全州县', 3),
(874, 98, '平乐县', 3),
(875, 98, '兴安县', 3),
(876, 98, '灌阳县', 3),
(877, 98, '荔浦县', 3),
(878, 98, '资源县', 3),
(879, 98, '永福县', 3),
(880, 98, '龙胜', 3),
(881, 98, '恭城', 3),
(882, 99, '右江区', 3),
(883, 99, '凌云县', 3),
(884, 99, '平果县', 3),
(885, 99, '西林县', 3),
(886, 99, '乐业县', 3),
(887, 99, '德保县', 3),
(888, 99, '田林县', 3),
(889, 99, '田阳县', 3),
(890, 99, '靖西县', 3),
(891, 99, '田东县', 3),
(892, 99, '那坡县', 3),
(893, 99, '隆林', 3),
(894, 100, '海城区', 3),
(895, 100, '银海区', 3),
(896, 100, '铁山港区', 3),
(897, 100, '合浦县', 3),
(898, 101, '江州区', 3),
(899, 101, '凭祥市', 3),
(900, 101, '宁明县', 3),
(901, 101, '扶绥县', 3),
(902, 101, '龙州县', 3),
(903, 101, '大新县', 3),
(904, 101, '天等县', 3),
(905, 102, '港口区', 3),
(906, 102, '防城区', 3),
(907, 102, '东兴市', 3),
(908, 102, '上思县', 3),
(909, 103, '港北区', 3),
(910, 103, '港南区', 3),
(911, 103, '覃塘区', 3),
(912, 103, '桂平市', 3),
(913, 103, '平南县', 3),
(914, 104, '金城江区', 3),
(915, 104, '宜州市', 3),
(916, 104, '天峨县', 3),
(917, 104, '凤山县', 3),
(918, 104, '南丹县', 3),
(919, 104, '东兰县', 3),
(920, 104, '都安', 3),
(921, 104, '罗城', 3),
(922, 104, '巴马', 3),
(923, 104, '环江', 3),
(924, 104, '大化', 3),
(925, 105, '八步区', 3),
(926, 105, '钟山县', 3),
(927, 105, '昭平县', 3),
(928, 105, '富川', 3),
(929, 106, '兴宾区', 3),
(930, 106, '合山市', 3),
(931, 106, '象州县', 3),
(932, 106, '武宣县', 3),
(933, 106, '忻城县', 3),
(934, 106, '金秀', 3),
(935, 107, '城中区', 3),
(936, 107, '鱼峰区', 3),
(937, 107, '柳北区', 3),
(938, 107, '柳南区', 3),
(939, 107, '柳江县', 3),
(940, 107, '柳城县', 3),
(941, 107, '鹿寨县', 3),
(942, 107, '融安县', 3),
(943, 107, '融水', 3),
(944, 107, '三江', 3),
(945, 108, '钦南区', 3),
(946, 108, '钦北区', 3),
(947, 108, '灵山县', 3),
(948, 108, '浦北县', 3),
(949, 109, '万秀区', 3),
(950, 109, '蝶山区', 3),
(951, 109, '长洲区', 3),
(952, 109, '岑溪市', 3),
(953, 109, '苍梧县', 3),
(954, 109, '藤县', 3),
(955, 109, '蒙山县', 3),
(956, 110, '玉州区', 3),
(957, 110, '北流市', 3),
(958, 110, '容县', 3),
(959, 110, '陆川县', 3),
(960, 110, '博白县', 3),
(961, 110, '兴业县', 3),
(962, 111, '南明区', 3),
(963, 111, '云岩区', 3),
(964, 111, '花溪区', 3),
(965, 111, '乌当区', 3),
(966, 111, '白云区', 3),
(967, 111, '小河区', 3),
(968, 111, '金阳新区', 3),
(969, 111, '新天园区', 3),
(970, 111, '清镇市', 3),
(971, 111, '开阳县', 3),
(972, 111, '修文县', 3),
(973, 111, '息烽县', 3),
(974, 112, '西秀区', 3),
(975, 112, '关岭', 3),
(976, 112, '镇宁', 3),
(977, 112, '紫云', 3),
(978, 112, '平坝县', 3),
(979, 112, '普定县', 3),
(980, 113, '毕节市', 3),
(981, 113, '大方县', 3),
(982, 113, '黔西县', 3),
(983, 113, '金沙县', 3),
(984, 113, '织金县', 3),
(985, 113, '纳雍县', 3),
(986, 113, '赫章县', 3),
(987, 113, '威宁', 3),
(988, 114, '钟山区', 3),
(989, 114, '六枝特区', 3),
(990, 114, '水城县', 3),
(991, 114, '盘县', 3),
(992, 115, '凯里市', 3),
(993, 115, '黄平县', 3),
(994, 115, '施秉县', 3),
(995, 115, '三穗县', 3),
(996, 115, '镇远县', 3),
(997, 115, '岑巩县', 3),
(998, 115, '天柱县', 3),
(999, 115, '锦屏县', 3),
(1000, 115, '剑河县', 3),
(1001, 115, '台江县', 3),
(1002, 115, '黎平县', 3),
(1003, 115, '榕江县', 3),
(1004, 115, '从江县', 3),
(1005, 115, '雷山县', 3),
(1006, 115, '麻江县', 3),
(1007, 115, '丹寨县', 3),
(1008, 116, '都匀市', 3),
(1009, 116, '福泉市', 3),
(1010, 116, '荔波县', 3),
(1011, 116, '贵定县', 3),
(1012, 116, '瓮安县', 3),
(1013, 116, '独山县', 3),
(1014, 116, '平塘县', 3),
(1015, 116, '罗甸县', 3),
(1016, 116, '长顺县', 3),
(1017, 116, '龙里县', 3),
(1018, 116, '惠水县', 3),
(1019, 116, '三都', 3),
(1020, 117, '兴义市', 3),
(1021, 117, '兴仁县', 3),
(1022, 117, '普安县', 3),
(1023, 117, '晴隆县', 3),
(1024, 117, '贞丰县', 3),
(1025, 117, '望谟县', 3),
(1026, 117, '册亨县', 3),
(1027, 117, '安龙县', 3),
(1028, 118, '铜仁市', 3),
(1029, 118, '江口县', 3),
(1030, 118, '石阡县', 3),
(1031, 118, '思南县', 3),
(1032, 118, '德江县', 3),
(1033, 118, '玉屏', 3),
(1034, 118, '印江', 3),
(1035, 118, '沿河', 3),
(1036, 118, '松桃', 3),
(1037, 118, '万山特区', 3),
(1038, 119, '红花岗区', 3),
(1039, 119, '务川县', 3),
(1040, 119, '道真县', 3),
(1041, 119, '汇川区', 3),
(1042, 119, '赤水市', 3),
(1043, 119, '仁怀市', 3),
(1044, 119, '遵义县', 3),
(1045, 119, '桐梓县', 3),
(1046, 119, '绥阳县', 3),
(1047, 119, '正安县', 3),
(1048, 119, '凤冈县', 3),
(1049, 119, '湄潭县', 3),
(1050, 119, '余庆县', 3),
(1051, 119, '习水县', 3),
(1052, 119, '道真', 3),
(1053, 119, '务川', 3),
(1054, 120, '秀英区', 3),
(1055, 120, '龙华区', 3),
(1056, 120, '琼山区', 3),
(1057, 120, '美兰区', 3),
(1058, 137, '市区', 3),
(1059, 137, '洋浦开发区', 3),
(1060, 137, '那大镇', 3),
(1061, 137, '王五镇', 3),
(1062, 137, '雅星镇', 3),
(1063, 137, '大成镇', 3),
(1064, 137, '中和镇', 3),
(1065, 137, '峨蔓镇', 3),
(1066, 137, '南丰镇', 3),
(1067, 137, '白马井镇', 3),
(1068, 137, '兰洋镇', 3),
(1069, 137, '和庆镇', 3),
(1070, 137, '海头镇', 3),
(1071, 137, '排浦镇', 3),
(1072, 137, '东成镇', 3),
(1073, 137, '光村镇', 3),
(1074, 137, '木棠镇', 3),
(1075, 137, '新州镇', 3),
(1076, 137, '三都镇', 3),
(1077, 137, '其他', 3),
(1078, 138, '长安区', 3),
(1079, 138, '桥东区', 3),
(1080, 138, '桥西区', 3),
(1081, 138, '新华区', 3),
(1082, 138, '裕华区', 3),
(1083, 138, '井陉矿区', 3),
(1084, 138, '高新区', 3),
(1085, 138, '辛集市', 3),
(1086, 138, '藁城市', 3),
(1087, 138, '晋州市', 3),
(1088, 138, '新乐市', 3),
(1089, 138, '鹿泉市', 3),
(1090, 138, '井陉县', 3),
(1091, 138, '正定县', 3),
(1092, 138, '栾城县', 3),
(1093, 138, '行唐县', 3),
(1094, 138, '灵寿县', 3),
(1095, 138, '高邑县', 3),
(1096, 138, '深泽县', 3),
(1097, 138, '赞皇县', 3),
(1098, 138, '无极县', 3),
(1099, 138, '平山县', 3),
(1100, 138, '元氏县', 3),
(1101, 138, '赵县', 3),
(1102, 139, '新市区', 3),
(1103, 139, '南市区', 3),
(1104, 139, '北市区', 3),
(1105, 139, '涿州市', 3),
(1106, 139, '定州市', 3),
(1107, 139, '安国市', 3),
(1108, 139, '高碑店市', 3),
(1109, 139, '满城县', 3),
(1110, 139, '清苑县', 3),
(1111, 139, '涞水县', 3),
(1112, 139, '阜平县', 3),
(1113, 139, '徐水县', 3),
(1114, 139, '定兴县', 3),
(1115, 139, '唐县', 3),
(1116, 139, '高阳县', 3),
(1117, 139, '容城县', 3),
(1118, 139, '涞源县', 3),
(1119, 139, '望都县', 3),
(1120, 139, '安新县', 3),
(1121, 139, '易县', 3),
(1122, 139, '曲阳县', 3),
(1123, 139, '蠡县', 3),
(1124, 139, '顺平县', 3),
(1125, 139, '博野县', 3),
(1126, 139, '雄县', 3),
(1127, 140, '运河区', 3),
(1128, 140, '新华区', 3),
(1129, 140, '泊头市', 3),
(1130, 140, '任丘市', 3),
(1131, 140, '黄骅市', 3),
(1132, 140, '河间市', 3),
(1133, 140, '沧县', 3),
(1134, 140, '青县', 3),
(1135, 140, '东光县', 3),
(1136, 140, '海兴县', 3),
(1137, 140, '盐山县', 3),
(1138, 140, '肃宁县', 3),
(1139, 140, '南皮县', 3),
(1140, 140, '吴桥县', 3),
(1141, 140, '献县', 3),
(1142, 140, '孟村', 3),
(1143, 141, '双桥区', 3),
(1144, 141, '双滦区', 3),
(1145, 141, '鹰手营子矿区', 3),
(1146, 141, '承德县', 3),
(1147, 141, '兴隆县', 3),
(1148, 141, '平泉县', 3),
(1149, 141, '滦平县', 3),
(1150, 141, '隆化县', 3),
(1151, 141, '丰宁', 3),
(1152, 141, '宽城', 3),
(1153, 141, '围场', 3),
(1154, 142, '从台区', 3),
(1155, 142, '复兴区', 3),
(1156, 142, '邯山区', 3),
(1157, 142, '峰峰矿区', 3),
(1158, 142, '武安市', 3),
(1159, 142, '邯郸县', 3),
(1160, 142, '临漳县', 3),
(1161, 142, '成安县', 3),
(1162, 142, '大名县', 3),
(1163, 142, '涉县', 3),
(1164, 142, '磁县', 3),
(1165, 142, '肥乡县', 3),
(1166, 142, '永年县', 3),
(1167, 142, '邱县', 3),
(1168, 142, '鸡泽县', 3),
(1169, 142, '广平县', 3),
(1170, 142, '馆陶县', 3),
(1171, 142, '魏县', 3),
(1172, 142, '曲周县', 3),
(1173, 143, '桃城区', 3),
(1174, 143, '冀州市', 3),
(1175, 143, '深州市', 3),
(1176, 143, '枣强县', 3),
(1177, 143, '武邑县', 3),
(1178, 143, '武强县', 3),
(1179, 143, '饶阳县', 3),
(1180, 143, '安平县', 3),
(1181, 143, '故城县', 3),
(1182, 143, '景县', 3),
(1183, 143, '阜城县', 3),
(1184, 144, '安次区', 3),
(1185, 144, '广阳区', 3),
(1186, 144, '霸州市', 3),
(1187, 144, '三河市', 3),
(1188, 144, '固安县', 3),
(1189, 144, '永清县', 3),
(1190, 144, '香河县', 3),
(1191, 144, '大城县', 3),
(1192, 144, '文安县', 3),
(1193, 144, '大厂', 3),
(1194, 145, '海港区', 3),
(1195, 145, '山海关区', 3),
(1196, 145, '北戴河区', 3),
(1197, 145, '昌黎县', 3),
(1198, 145, '抚宁县', 3),
(1199, 145, '卢龙县', 3),
(1200, 145, '青龙', 3),
(1201, 146, '路北区', 3),
(1202, 146, '路南区', 3),
(1203, 146, '古冶区', 3),
(1204, 146, '开平区', 3),
(1205, 146, '丰南区', 3),
(1206, 146, '丰润区', 3),
(1207, 146, '遵化市', 3),
(1208, 146, '迁安市', 3),
(1209, 146, '滦县', 3),
(1210, 146, '滦南县', 3),
(1211, 146, '乐亭县', 3),
(1212, 146, '迁西县', 3),
(1213, 146, '玉田县', 3),
(1214, 146, '唐海县', 3),
(1215, 147, '桥东区', 3),
(1216, 147, '桥西区', 3),
(1217, 147, '南宫市', 3),
(1218, 147, '沙河市', 3),
(1219, 147, '邢台县', 3),
(1220, 147, '临城县', 3),
(1221, 147, '内丘县', 3),
(1222, 147, '柏乡县', 3),
(1223, 147, '隆尧县', 3),
(1224, 147, '任县', 3),
(1225, 147, '南和县', 3),
(1226, 147, '宁晋县', 3),
(1227, 147, '巨鹿县', 3),
(1228, 147, '新河县', 3),
(1229, 147, '广宗县', 3),
(1230, 147, '平乡县', 3),
(1231, 147, '威县', 3),
(1232, 147, '清河县', 3),
(1233, 147, '临西县', 3),
(1234, 148, '桥西区', 3),
(1235, 148, '桥东区', 3),
(1236, 148, '宣化区', 3),
(1237, 148, '下花园区', 3),
(1238, 148, '宣化县', 3),
(1239, 148, '张北县', 3),
(1240, 148, '康保县', 3),
(1241, 148, '沽源县', 3),
(1242, 148, '尚义县', 3),
(1243, 148, '蔚县', 3),
(1244, 148, '阳原县', 3),
(1245, 148, '怀安县', 3),
(1246, 148, '万全县', 3),
(1247, 148, '怀来县', 3),
(1248, 148, '涿鹿县', 3),
(1249, 148, '赤城县', 3),
(1250, 148, '崇礼县', 3),
(1251, 149, '金水区', 3),
(1252, 149, '邙山区', 3),
(1253, 149, '二七区', 3),
(1254, 149, '管城区', 3),
(1255, 149, '中原区', 3),
(1256, 149, '上街区', 3),
(1257, 149, '惠济区', 3),
(1258, 149, '郑东新区', 3),
(1259, 149, '经济技术开发区', 3),
(1260, 149, '高新开发区', 3),
(1261, 149, '出口加工区', 3),
(1262, 149, '巩义市', 3),
(1263, 149, '荥阳市', 3),
(1264, 149, '新密市', 3),
(1265, 149, '新郑市', 3),
(1266, 149, '登封市', 3),
(1267, 149, '中牟县', 3),
(1268, 150, '西工区', 3),
(1269, 150, '老城区', 3),
(1270, 150, '涧西区', 3),
(1271, 150, '瀍河回族区', 3),
(1272, 150, '洛龙区', 3),
(1273, 150, '吉利区', 3),
(1274, 150, '偃师市', 3),
(1275, 150, '孟津县', 3),
(1276, 150, '新安县', 3),
(1277, 150, '栾川县', 3),
(1278, 150, '嵩县', 3),
(1279, 150, '汝阳县', 3),
(1280, 150, '宜阳县', 3),
(1281, 150, '洛宁县', 3),
(1282, 150, '伊川县', 3),
(1283, 151, '鼓楼区', 3),
(1284, 151, '龙亭区', 3),
(1285, 151, '顺河回族区', 3),
(1286, 151, '金明区', 3),
(1287, 151, '禹王台区', 3),
(1288, 151, '杞县', 3),
(1289, 151, '通许县', 3),
(1290, 151, '尉氏县', 3),
(1291, 151, '开封县', 3),
(1292, 151, '兰考县', 3),
(1293, 152, '北关区', 3),
(1294, 152, '文峰区', 3),
(1295, 152, '殷都区', 3),
(1296, 152, '龙安区', 3),
(1297, 152, '林州市', 3),
(1298, 152, '安阳县', 3),
(1299, 152, '汤阴县', 3),
(1300, 152, '滑县', 3),
(1301, 152, '内黄县', 3),
(1302, 153, '淇滨区', 3),
(1303, 153, '山城区', 3),
(1304, 153, '鹤山区', 3),
(1305, 153, '浚县', 3),
(1306, 153, '淇县', 3),
(1307, 154, '济源市', 3),
(1308, 155, '解放区', 3),
(1309, 155, '中站区', 3),
(1310, 155, '马村区', 3),
(1311, 155, '山阳区', 3),
(1312, 155, '沁阳市', 3),
(1313, 155, '孟州市', 3),
(1314, 155, '修武县', 3),
(1315, 155, '博爱县', 3),
(1316, 155, '武陟县', 3),
(1317, 155, '温县', 3),
(1318, 156, '卧龙区', 3),
(1319, 156, '宛城区', 3),
(1320, 156, '邓州市', 3),
(1321, 156, '南召县', 3),
(1322, 156, '方城县', 3),
(1323, 156, '西峡县', 3),
(1324, 156, '镇平县', 3),
(1325, 156, '内乡县', 3),
(1326, 156, '淅川县', 3),
(1327, 156, '社旗县', 3),
(1328, 156, '唐河县', 3),
(1329, 156, '新野县', 3),
(1330, 156, '桐柏县', 3),
(1331, 157, '新华区', 3),
(1332, 157, '卫东区', 3),
(1333, 157, '湛河区', 3),
(1334, 157, '石龙区', 3),
(1335, 157, '舞钢市', 3),
(1336, 157, '汝州市', 3),
(1337, 157, '宝丰县', 3),
(1338, 157, '叶县', 3),
(1339, 157, '鲁山县', 3),
(1340, 157, '郏县', 3),
(1341, 158, '湖滨区', 3),
(1342, 158, '义马市', 3),
(1343, 158, '灵宝市', 3),
(1344, 158, '渑池县', 3),
(1345, 158, '陕县', 3),
(1346, 158, '卢氏县', 3),
(1347, 159, '梁园区', 3),
(1348, 159, '睢阳区', 3),
(1349, 159, '永城市', 3),
(1350, 159, '民权县', 3),
(1351, 159, '睢县', 3),
(1352, 159, '宁陵县', 3),
(1353, 159, '虞城县', 3),
(1354, 159, '柘城县', 3),
(1355, 159, '夏邑县', 3),
(1356, 160, '卫滨区', 3),
(1357, 160, '红旗区', 3),
(1358, 160, '凤泉区', 3),
(1359, 160, '牧野区', 3),
(1360, 160, '卫辉市', 3),
(1361, 160, '辉县市', 3),
(1362, 160, '新乡县', 3),
(1363, 160, '获嘉县', 3),
(1364, 160, '原阳县', 3),
(1365, 160, '延津县', 3),
(1366, 160, '封丘县', 3),
(1367, 160, '长垣县', 3),
(1368, 161, '浉河区', 3),
(1369, 161, '平桥区', 3),
(1370, 161, '罗山县', 3),
(1371, 161, '光山县', 3),
(1372, 161, '新县', 3),
(1373, 161, '商城县', 3),
(1374, 161, '固始县', 3),
(1375, 161, '潢川县', 3),
(1376, 161, '淮滨县', 3),
(1377, 161, '息县', 3),
(1378, 162, '魏都区', 3),
(1379, 162, '禹州市', 3),
(1380, 162, '长葛市', 3),
(1381, 162, '许昌县', 3),
(1382, 162, '鄢陵县', 3),
(1383, 162, '襄城县', 3),
(1384, 163, '川汇区', 3),
(1385, 163, '项城市', 3),
(1386, 163, '扶沟县', 3),
(1387, 163, '西华县', 3),
(1388, 163, '商水县', 3),
(1389, 163, '沈丘县', 3),
(1390, 163, '郸城县', 3),
(1391, 163, '淮阳县', 3),
(1392, 163, '太康县', 3),
(1393, 163, '鹿邑县', 3),
(1394, 164, '驿城区', 3),
(1395, 164, '西平县', 3),
(1396, 164, '上蔡县', 3),
(1397, 164, '平舆县', 3),
(1398, 164, '正阳县', 3),
(1399, 164, '确山县', 3),
(1400, 164, '泌阳县', 3),
(1401, 164, '汝南县', 3),
(1402, 164, '遂平县', 3),
(1403, 164, '新蔡县', 3),
(1404, 165, '郾城区', 3),
(1405, 165, '源汇区', 3),
(1406, 165, '召陵区', 3),
(1407, 165, '舞阳县', 3),
(1408, 165, '临颍县', 3),
(1409, 166, '华龙区', 3),
(1410, 166, '清丰县', 3),
(1411, 166, '南乐县', 3),
(1412, 166, '范县', 3),
(1413, 166, '台前县', 3),
(1414, 166, '濮阳县', 3),
(1415, 167, '道里区', 3),
(1416, 167, '南岗区', 3),
(1417, 167, '动力区', 3),
(1418, 167, '平房区', 3),
(1419, 167, '香坊区', 3),
(1420, 167, '太平区', 3),
(1421, 167, '道外区', 3),
(1422, 167, '阿城区', 3),
(1423, 167, '呼兰区', 3),
(1424, 167, '松北区', 3),
(1425, 167, '尚志市', 3),
(1426, 167, '双城市', 3),
(1427, 167, '五常市', 3),
(1428, 167, '方正县', 3),
(1429, 167, '宾县', 3),
(1430, 167, '依兰县', 3),
(1431, 167, '巴彦县', 3),
(1432, 167, '通河县', 3),
(1433, 167, '木兰县', 3),
(1434, 167, '延寿县', 3),
(1435, 168, '萨尔图区', 3),
(1436, 168, '红岗区', 3),
(1437, 168, '龙凤区', 3),
(1438, 168, '让胡路区', 3),
(1439, 168, '大同区', 3),
(1440, 168, '肇州县', 3),
(1441, 168, '肇源县', 3),
(1442, 168, '林甸县', 3),
(1443, 168, '杜尔伯特', 3),
(1444, 169, '呼玛县', 3),
(1445, 169, '漠河县', 3),
(1446, 169, '塔河县', 3),
(1447, 170, '兴山区', 3),
(1448, 170, '工农区', 3),
(1449, 170, '南山区', 3),
(1450, 170, '兴安区', 3),
(1451, 170, '向阳区', 3),
(1452, 170, '东山区', 3),
(1453, 170, '萝北县', 3),
(1454, 170, '绥滨县', 3),
(1455, 171, '爱辉区', 3),
(1456, 171, '五大连池市', 3),
(1457, 171, '北安市', 3),
(1458, 171, '嫩江县', 3),
(1459, 171, '逊克县', 3),
(1460, 171, '孙吴县', 3),
(1461, 172, '鸡冠区', 3),
(1462, 172, '恒山区', 3),
(1463, 172, '城子河区', 3),
(1464, 172, '滴道区', 3),
(1465, 172, '梨树区', 3),
(1466, 172, '虎林市', 3),
(1467, 172, '密山市', 3),
(1468, 172, '鸡东县', 3),
(1469, 173, '前进区', 3),
(1470, 173, '郊区', 3),
(1471, 173, '向阳区', 3),
(1472, 173, '东风区', 3),
(1473, 173, '同江市', 3),
(1474, 173, '富锦市', 3),
(1475, 173, '桦南县', 3),
(1476, 173, '桦川县', 3),
(1477, 173, '汤原县', 3),
(1478, 173, '抚远县', 3),
(1479, 174, '爱民区', 3),
(1480, 174, '东安区', 3),
(1481, 174, '阳明区', 3),
(1482, 174, '西安区', 3),
(1483, 174, '绥芬河市', 3),
(1484, 174, '海林市', 3),
(1485, 174, '宁安市', 3),
(1486, 174, '穆棱市', 3),
(1487, 174, '东宁县', 3),
(1488, 174, '林口县', 3),
(1489, 175, '桃山区', 3),
(1490, 175, '新兴区', 3),
(1491, 175, '茄子河区', 3),
(1492, 175, '勃利县', 3),
(1493, 176, '龙沙区', 3),
(1494, 176, '昂昂溪区', 3),
(1495, 176, '铁峰区', 3),
(1496, 176, '建华区', 3),
(1497, 176, '富拉尔基区', 3),
(1498, 176, '碾子山区', 3),
(1499, 176, '梅里斯达斡尔区', 3),
(1500, 176, '讷河市', 3),
(1501, 176, '龙江县', 3),
(1502, 176, '依安县', 3),
(1503, 176, '泰来县', 3),
(1504, 176, '甘南县', 3),
(1505, 176, '富裕县', 3),
(1506, 176, '克山县', 3),
(1507, 176, '克东县', 3),
(1508, 176, '拜泉县', 3),
(1509, 177, '尖山区', 3),
(1510, 177, '岭东区', 3),
(1511, 177, '四方台区', 3),
(1512, 177, '宝山区', 3),
(1513, 177, '集贤县', 3),
(1514, 177, '友谊县', 3),
(1515, 177, '宝清县', 3),
(1516, 177, '饶河县', 3),
(1517, 178, '北林区', 3),
(1518, 178, '安达市', 3),
(1519, 178, '肇东市', 3),
(1520, 178, '海伦市', 3),
(1521, 178, '望奎县', 3),
(1522, 178, '兰西县', 3),
(1523, 178, '青冈县', 3),
(1524, 178, '庆安县', 3),
(1525, 178, '明水县', 3),
(1526, 178, '绥棱县', 3),
(1527, 179, '伊春区', 3),
(1528, 179, '带岭区', 3),
(1529, 179, '南岔区', 3),
(1530, 179, '金山屯区', 3),
(1531, 179, '西林区', 3),
(1532, 179, '美溪区', 3),
(1533, 179, '乌马河区', 3),
(1534, 179, '翠峦区', 3),
(1535, 179, '友好区', 3),
(1536, 179, '上甘岭区', 3),
(1537, 179, '五营区', 3),
(1538, 179, '红星区', 3),
(1539, 179, '新青区', 3),
(1540, 179, '汤旺河区', 3),
(1541, 179, '乌伊岭区', 3),
(1542, 179, '铁力市', 3),
(1543, 179, '嘉荫县', 3),
(1544, 180, '江岸区', 3),
(1545, 180, '武昌区', 3),
(1546, 180, '江汉区', 3),
(1547, 180, '硚口区', 3),
(1548, 180, '汉阳区', 3),
(1549, 180, '青山区', 3),
(1550, 180, '洪山区', 3),
(1551, 180, '东西湖区', 3),
(1552, 180, '汉南区', 3),
(1553, 180, '蔡甸区', 3),
(1554, 180, '江夏区', 3),
(1555, 180, '黄陂区', 3),
(1556, 180, '新洲区', 3),
(1557, 180, '经济开发区', 3),
(1558, 181, '仙桃市', 3),
(1559, 182, '鄂城区', 3),
(1560, 182, '华容区', 3),
(1561, 182, '梁子湖区', 3),
(1562, 183, '黄州区', 3),
(1563, 183, '麻城市', 3),
(1564, 183, '武穴市', 3),
(1565, 183, '团风县', 3),
(1566, 183, '红安县', 3),
(1567, 183, '罗田县', 3),
(1568, 183, '英山县', 3),
(1569, 183, '浠水县', 3),
(1570, 183, '蕲春县', 3),
(1571, 183, '黄梅县', 3),
(1572, 184, '黄石港区', 3),
(1573, 184, '西塞山区', 3),
(1574, 184, '下陆区', 3),
(1575, 184, '铁山区', 3),
(1576, 184, '大冶市', 3),
(1577, 184, '阳新县', 3),
(1578, 185, '东宝区', 3),
(1579, 185, '掇刀区', 3),
(1580, 185, '钟祥市', 3),
(1581, 185, '京山县', 3),
(1582, 185, '沙洋县', 3),
(1583, 186, '沙市区', 3),
(1584, 186, '荆州区', 3),
(1585, 186, '石首市', 3),
(1586, 186, '洪湖市', 3),
(1587, 186, '松滋市', 3),
(1588, 186, '公安县', 3),
(1589, 186, '监利县', 3),
(1590, 186, '江陵县', 3),
(1591, 187, '潜江市', 3),
(1592, 188, '神农架林区', 3),
(1593, 189, '张湾区', 3),
(1594, 189, '茅箭区', 3),
(1595, 189, '丹江口市', 3),
(1596, 189, '郧县', 3),
(1597, 189, '郧西县', 3),
(1598, 189, '竹山县', 3),
(1599, 189, '竹溪县', 3),
(1600, 189, '房县', 3),
(1601, 190, '曾都区', 3),
(1602, 190, '广水市', 3),
(1603, 191, '天门市', 3),
(1604, 192, '咸安区', 3),
(1605, 192, '赤壁市', 3),
(1606, 192, '嘉鱼县', 3),
(1607, 192, '通城县', 3),
(1608, 192, '崇阳县', 3),
(1609, 192, '通山县', 3),
(1610, 193, '襄城区', 3),
(1611, 193, '樊城区', 3),
(1612, 193, '襄阳区', 3),
(1613, 193, '老河口市', 3),
(1614, 193, '枣阳市', 3),
(1615, 193, '宜城市', 3),
(1616, 193, '南漳县', 3),
(1617, 193, '谷城县', 3),
(1618, 193, '保康县', 3),
(1619, 194, '孝南区', 3),
(1620, 194, '应城市', 3),
(1621, 194, '安陆市', 3),
(1622, 194, '汉川市', 3),
(1623, 194, '孝昌县', 3),
(1624, 194, '大悟县', 3),
(1625, 194, '云梦县', 3),
(1626, 195, '长阳', 3),
(1627, 195, '五峰', 3),
(1628, 195, '西陵区', 3),
(1629, 195, '伍家岗区', 3),
(1630, 195, '点军区', 3),
(1631, 195, '猇亭区', 3),
(1632, 195, '夷陵区', 3),
(1633, 195, '宜都市', 3),
(1634, 195, '当阳市', 3),
(1635, 195, '枝江市', 3),
(1636, 195, '远安县', 3),
(1637, 195, '兴山县', 3),
(1638, 195, '秭归县', 3),
(1639, 196, '恩施市', 3),
(1640, 196, '利川市', 3),
(1641, 196, '建始县', 3),
(1642, 196, '巴东县', 3),
(1643, 196, '宣恩县', 3),
(1644, 196, '咸丰县', 3),
(1645, 196, '来凤县', 3),
(1646, 196, '鹤峰县', 3),
(1647, 197, '岳麓区', 3),
(1648, 197, '芙蓉区', 3),
(1649, 197, '天心区', 3),
(1650, 197, '开福区', 3),
(1651, 197, '雨花区', 3),
(1652, 197, '开发区', 3),
(1653, 197, '浏阳市', 3),
(1654, 197, '长沙县', 3),
(1655, 197, '望城县', 3),
(1656, 197, '宁乡县', 3),
(1657, 198, '永定区', 3),
(1658, 198, '武陵源区', 3),
(1659, 198, '慈利县', 3),
(1660, 198, '桑植县', 3),
(1661, 199, '武陵区', 3),
(1662, 199, '鼎城区', 3),
(1663, 199, '津市市', 3),
(1664, 199, '安乡县', 3),
(1665, 199, '汉寿县', 3),
(1666, 199, '澧县', 3),
(1667, 199, '临澧县', 3),
(1668, 199, '桃源县', 3),
(1669, 199, '石门县', 3),
(1670, 200, '北湖区', 3),
(1671, 200, '苏仙区', 3),
(1672, 200, '资兴市', 3),
(1673, 200, '桂阳县', 3),
(1674, 200, '宜章县', 3),
(1675, 200, '永兴县', 3),
(1676, 200, '嘉禾县', 3),
(1677, 200, '临武县', 3),
(1678, 200, '汝城县', 3),
(1679, 200, '桂东县', 3),
(1680, 200, '安仁县', 3),
(1681, 201, '雁峰区', 3),
(1682, 201, '珠晖区', 3),
(1683, 201, '石鼓区', 3),
(1684, 201, '蒸湘区', 3),
(1685, 201, '南岳区', 3),
(1686, 201, '耒阳市', 3),
(1687, 201, '常宁市', 3),
(1688, 201, '衡阳县', 3),
(1689, 201, '衡南县', 3),
(1690, 201, '衡山县', 3),
(1691, 201, '衡东县', 3),
(1692, 201, '祁东县', 3),
(1693, 202, '鹤城区', 3),
(1694, 202, '靖州', 3),
(1695, 202, '麻阳', 3),
(1696, 202, '通道', 3),
(1697, 202, '新晃', 3),
(1698, 202, '芷江', 3),
(1699, 202, '沅陵县', 3),
(1700, 202, '辰溪县', 3),
(1701, 202, '溆浦县', 3),
(1702, 202, '中方县', 3),
(1703, 202, '会同县', 3),
(1704, 202, '洪江市', 3),
(1705, 203, '娄星区', 3),
(1706, 203, '冷水江市', 3),
(1707, 203, '涟源市', 3),
(1708, 203, '双峰县', 3),
(1709, 203, '新化县', 3),
(1710, 204, '城步', 3),
(1711, 204, '双清区', 3),
(1712, 204, '大祥区', 3),
(1713, 204, '北塔区', 3),
(1714, 204, '武冈市', 3),
(1715, 204, '邵东县', 3),
(1716, 204, '新邵县', 3),
(1717, 204, '邵阳县', 3),
(1718, 204, '隆回县', 3),
(1719, 204, '洞口县', 3),
(1720, 204, '绥宁县', 3),
(1721, 204, '新宁县', 3),
(1722, 205, '岳塘区', 3),
(1723, 205, '雨湖区', 3),
(1724, 205, '湘乡市', 3),
(1725, 205, '韶山市', 3),
(1726, 205, '湘潭县', 3),
(1727, 206, '吉首市', 3),
(1728, 206, '泸溪县', 3),
(1729, 206, '凤凰县', 3),
(1730, 206, '花垣县', 3),
(1731, 206, '保靖县', 3),
(1732, 206, '古丈县', 3),
(1733, 206, '永顺县', 3),
(1734, 206, '龙山县', 3),
(1735, 207, '赫山区', 3),
(1736, 207, '资阳区', 3),
(1737, 207, '沅江市', 3),
(1738, 207, '南县', 3),
(1739, 207, '桃江县', 3),
(1740, 207, '安化县', 3),
(1741, 208, '江华', 3),
(1742, 208, '冷水滩区', 3),
(1743, 208, '零陵区', 3),
(1744, 208, '祁阳县', 3),
(1745, 208, '东安县', 3),
(1746, 208, '双牌县', 3),
(1747, 208, '道县', 3),
(1748, 208, '江永县', 3),
(1749, 208, '宁远县', 3),
(1750, 208, '蓝山县', 3),
(1751, 208, '新田县', 3),
(1752, 209, '岳阳楼区', 3),
(1753, 209, '君山区', 3),
(1754, 209, '云溪区', 3),
(1755, 209, '汨罗市', 3),
(1756, 209, '临湘市', 3),
(1757, 209, '岳阳县', 3),
(1758, 209, '华容县', 3),
(1759, 209, '湘阴县', 3),
(1760, 209, '平江县', 3),
(1761, 210, '天元区', 3),
(1762, 210, '荷塘区', 3),
(1763, 210, '芦淞区', 3),
(1764, 210, '石峰区', 3),
(1765, 210, '醴陵市', 3),
(1766, 210, '株洲县', 3),
(1767, 210, '攸县', 3),
(1768, 210, '茶陵县', 3),
(1769, 210, '炎陵县', 3),
(1770, 211, '朝阳区', 3),
(1771, 211, '宽城区', 3),
(1772, 211, '二道区', 3),
(1773, 211, '南关区', 3),
(1774, 211, '绿园区', 3),
(1775, 211, '双阳区', 3),
(1776, 211, '净月潭开发区', 3),
(1777, 211, '高新技术开发区', 3),
(1778, 211, '经济技术开发区', 3),
(1779, 211, '汽车产业开发区', 3),
(1780, 211, '德惠市', 3),
(1781, 211, '九台市', 3),
(1782, 211, '榆树市', 3),
(1783, 211, '农安县', 3),
(1784, 212, '船营区', 3),
(1785, 212, '昌邑区', 3),
(1786, 212, '龙潭区', 3),
(1787, 212, '丰满区', 3),
(1788, 212, '蛟河市', 3),
(1789, 212, '桦甸市', 3),
(1790, 212, '舒兰市', 3),
(1791, 212, '磐石市', 3),
(1792, 212, '永吉县', 3),
(1793, 213, '洮北区', 3),
(1794, 213, '洮南市', 3),
(1795, 213, '大安市', 3),
(1796, 213, '镇赉县', 3),
(1797, 213, '通榆县', 3),
(1798, 214, '江源区', 3),
(1799, 214, '八道江区', 3),
(1800, 214, '长白', 3),
(1801, 214, '临江市', 3),
(1802, 214, '抚松县', 3),
(1803, 214, '靖宇县', 3),
(1804, 215, '龙山区', 3),
(1805, 215, '西安区', 3),
(1806, 215, '东丰县', 3),
(1807, 215, '东辽县', 3),
(1808, 216, '铁西区', 3),
(1809, 216, '铁东区', 3),
(1810, 216, '伊通', 3),
(1811, 216, '公主岭市', 3),
(1812, 216, '双辽市', 3),
(1813, 216, '梨树县', 3),
(1814, 217, '前郭尔罗斯', 3),
(1815, 217, '宁江区', 3),
(1816, 217, '长岭县', 3),
(1817, 217, '乾安县', 3),
(1818, 217, '扶余县', 3),
(1819, 218, '东昌区', 3),
(1820, 218, '二道江区', 3),
(1821, 218, '梅河口市', 3),
(1822, 218, '集安市', 3),
(1823, 218, '通化县', 3),
(1824, 218, '辉南县', 3),
(1825, 218, '柳河县', 3),
(1826, 219, '延吉市', 3),
(1827, 219, '图们市', 3),
(1828, 219, '敦化市', 3),
(1829, 219, '珲春市', 3),
(1830, 219, '龙井市', 3),
(1831, 219, '和龙市', 3),
(1832, 219, '安图县', 3),
(1833, 219, '汪清县', 3),
(1834, 220, '玄武区', 3),
(1835, 220, '鼓楼区', 3),
(1836, 220, '白下区', 3),
(1837, 220, '建邺区', 3),
(1838, 220, '秦淮区', 3),
(1839, 220, '雨花台区', 3),
(1840, 220, '下关区', 3),
(1841, 220, '栖霞区', 3),
(1842, 220, '浦口区', 3),
(1843, 220, '江宁区', 3),
(1844, 220, '六合区', 3),
(1845, 220, '溧水县', 3),
(1846, 220, '高淳县', 3),
(1847, 221, '沧浪区', 3),
(1848, 221, '金阊区', 3),
(1849, 221, '平江区', 3),
(1850, 221, '虎丘区', 3),
(1851, 221, '吴中区', 3),
(1852, 221, '相城区', 3),
(1853, 221, '园区', 3),
(1854, 221, '新区', 3),
(1855, 221, '常熟市', 3),
(1856, 221, '张家港市', 3),
(1857, 221, '玉山镇', 3),
(1858, 221, '巴城镇', 3),
(1859, 221, '周市镇', 3),
(1860, 221, '陆家镇', 3),
(1861, 221, '花桥镇', 3),
(1862, 221, '淀山湖镇', 3),
(1863, 221, '张浦镇', 3),
(1864, 221, '周庄镇', 3),
(1865, 221, '千灯镇', 3),
(1866, 221, '锦溪镇', 3),
(1867, 221, '开发区', 3),
(1868, 221, '吴江市', 3),
(1869, 221, '太仓市', 3),
(1870, 222, '崇安区', 3),
(1871, 222, '北塘区', 3),
(1872, 222, '南长区', 3),
(1873, 222, '锡山区', 3),
(1874, 222, '惠山区', 3),
(1875, 222, '滨湖区', 3),
(1876, 222, '新区', 3),
(1877, 222, '江阴市', 3),
(1878, 222, '宜兴市', 3),
(1879, 223, '天宁区', 3),
(1880, 223, '钟楼区', 3),
(1881, 223, '戚墅堰区', 3),
(1882, 223, '郊区', 3),
(1883, 223, '新北区', 3),
(1884, 223, '武进区', 3),
(1885, 223, '溧阳市', 3),
(1886, 223, '金坛市', 3),
(1887, 224, '清河区', 3),
(1888, 224, '清浦区', 3),
(1889, 224, '楚州区', 3),
(1890, 224, '淮阴区', 3),
(1891, 224, '涟水县', 3),
(1892, 224, '洪泽县', 3),
(1893, 224, '盱眙县', 3),
(1894, 224, '金湖县', 3),
(1895, 225, '新浦区', 3),
(1896, 225, '连云区', 3),
(1897, 225, '海州区', 3),
(1898, 225, '赣榆县', 3),
(1899, 225, '东海县', 3),
(1900, 225, '灌云县', 3),
(1901, 225, '灌南县', 3),
(1902, 226, '崇川区', 3),
(1903, 226, '港闸区', 3),
(1904, 226, '经济开发区', 3),
(1905, 226, '启东市', 3),
(1906, 226, '如皋市', 3),
(1907, 226, '通州市', 3),
(1908, 226, '海门市', 3),
(1909, 226, '海安县', 3),
(1910, 226, '如东县', 3),
(1911, 227, '宿城区', 3),
(1912, 227, '宿豫区', 3),
(1913, 227, '宿豫县', 3),
(1914, 227, '沭阳县', 3),
(1915, 227, '泗阳县', 3),
(1916, 227, '泗洪县', 3),
(1917, 228, '海陵区', 3),
(1918, 228, '高港区', 3),
(1919, 228, '兴化市', 3),
(1920, 228, '靖江市', 3),
(1921, 228, '泰兴市', 3),
(1922, 228, '姜堰市', 3),
(1923, 229, '云龙区', 3),
(1924, 229, '鼓楼区', 3),
(1925, 229, '九里区', 3),
(1926, 229, '贾汪区', 3),
(1927, 229, '泉山区', 3),
(1928, 229, '新沂市', 3),
(1929, 229, '邳州市', 3),
(1930, 229, '丰县', 3),
(1931, 229, '沛县', 3),
(1932, 229, '铜山县', 3),
(1933, 229, '睢宁县', 3),
(1934, 230, '城区', 3),
(1935, 230, '亭湖区', 3),
(1936, 230, '盐都区', 3),
(1937, 230, '盐都县', 3),
(1938, 230, '东台市', 3),
(1939, 230, '大丰市', 3),
(1940, 230, '响水县', 3),
(1941, 230, '滨海县', 3),
(1942, 230, '阜宁县', 3),
(1943, 230, '射阳县', 3),
(1944, 230, '建湖县', 3),
(1945, 231, '广陵区', 3),
(1946, 231, '维扬区', 3),
(1947, 231, '邗江区', 3),
(1948, 231, '仪征市', 3),
(1949, 231, '高邮市', 3),
(1950, 231, '江都市', 3),
(1951, 231, '宝应县', 3),
(1952, 232, '京口区', 3),
(1953, 232, '润州区', 3),
(1954, 232, '丹徒区', 3),
(1955, 232, '丹阳市', 3),
(1956, 232, '扬中市', 3),
(1957, 232, '句容市', 3),
(1958, 233, '东湖区', 3),
(1959, 233, '西湖区', 3),
(1960, 233, '青云谱区', 3),
(1961, 233, '湾里区', 3),
(1962, 233, '青山湖区', 3);
INSERT INTO `m_areas` (`area_id`, `parent_id`, `area_name`, `area_type`) VALUES
(1963, 233, '红谷滩新区', 3),
(1964, 233, '昌北区', 3),
(1965, 233, '高新区', 3),
(1966, 233, '南昌县', 3),
(1967, 233, '新建县', 3),
(1968, 233, '安义县', 3),
(1969, 233, '进贤县', 3),
(1970, 234, '临川区', 3),
(1971, 234, '南城县', 3),
(1972, 234, '黎川县', 3),
(1973, 234, '南丰县', 3),
(1974, 234, '崇仁县', 3),
(1975, 234, '乐安县', 3),
(1976, 234, '宜黄县', 3),
(1977, 234, '金溪县', 3),
(1978, 234, '资溪县', 3),
(1979, 234, '东乡县', 3),
(1980, 234, '广昌县', 3),
(1981, 235, '章贡区', 3),
(1982, 235, '于都县', 3),
(1983, 235, '瑞金市', 3),
(1984, 235, '南康市', 3),
(1985, 235, '赣县', 3),
(1986, 235, '信丰县', 3),
(1987, 235, '大余县', 3),
(1988, 235, '上犹县', 3),
(1989, 235, '崇义县', 3),
(1990, 235, '安远县', 3),
(1991, 235, '龙南县', 3),
(1992, 235, '定南县', 3),
(1993, 235, '全南县', 3),
(1994, 235, '宁都县', 3),
(1995, 235, '兴国县', 3),
(1996, 235, '会昌县', 3),
(1997, 235, '寻乌县', 3),
(1998, 235, '石城县', 3),
(1999, 236, '安福县', 3),
(2000, 236, '吉州区', 3),
(2001, 236, '青原区', 3),
(2002, 236, '井冈山市', 3),
(2003, 236, '吉安县', 3),
(2004, 236, '吉水县', 3),
(2005, 236, '峡江县', 3),
(2006, 236, '新干县', 3),
(2007, 236, '永丰县', 3),
(2008, 236, '泰和县', 3),
(2009, 236, '遂川县', 3),
(2010, 236, '万安县', 3),
(2011, 236, '永新县', 3),
(2012, 237, '珠山区', 3),
(2013, 237, '昌江区', 3),
(2014, 237, '乐平市', 3),
(2015, 237, '浮梁县', 3),
(2016, 238, '浔阳区', 3),
(2017, 238, '庐山区', 3),
(2018, 238, '瑞昌市', 3),
(2019, 238, '九江县', 3),
(2020, 238, '武宁县', 3),
(2021, 238, '修水县', 3),
(2022, 238, '永修县', 3),
(2023, 238, '德安县', 3),
(2024, 238, '星子县', 3),
(2025, 238, '都昌县', 3),
(2026, 238, '湖口县', 3),
(2027, 238, '彭泽县', 3),
(2028, 239, '安源区', 3),
(2029, 239, '湘东区', 3),
(2030, 239, '莲花县', 3),
(2031, 239, '芦溪县', 3),
(2032, 239, '上栗县', 3),
(2033, 240, '信州区', 3),
(2034, 240, '德兴市', 3),
(2035, 240, '上饶县', 3),
(2036, 240, '广丰县', 3),
(2037, 240, '玉山县', 3),
(2038, 240, '铅山县', 3),
(2039, 240, '横峰县', 3),
(2040, 240, '弋阳县', 3),
(2041, 240, '余干县', 3),
(2042, 240, '波阳县', 3),
(2043, 240, '万年县', 3),
(2044, 240, '婺源县', 3),
(2045, 241, '渝水区', 3),
(2046, 241, '分宜县', 3),
(2047, 242, '袁州区', 3),
(2048, 242, '丰城市', 3),
(2049, 242, '樟树市', 3),
(2050, 242, '高安市', 3),
(2051, 242, '奉新县', 3),
(2052, 242, '万载县', 3),
(2053, 242, '上高县', 3),
(2054, 242, '宜丰县', 3),
(2055, 242, '靖安县', 3),
(2056, 242, '铜鼓县', 3),
(2057, 243, '月湖区', 3),
(2058, 243, '贵溪市', 3),
(2059, 243, '余江县', 3),
(2060, 244, '沈河区', 3),
(2061, 244, '皇姑区', 3),
(2062, 244, '和平区', 3),
(2063, 244, '大东区', 3),
(2064, 244, '铁西区', 3),
(2065, 244, '苏家屯区', 3),
(2066, 244, '东陵区', 3),
(2067, 244, '沈北新区', 3),
(2068, 244, '于洪区', 3),
(2069, 244, '浑南新区', 3),
(2070, 244, '新民市', 3),
(2071, 244, '辽中县', 3),
(2072, 244, '康平县', 3),
(2073, 244, '法库县', 3),
(2074, 245, '西岗区', 3),
(2075, 245, '中山区', 3),
(2076, 245, '沙河口区', 3),
(2077, 245, '甘井子区', 3),
(2078, 245, '旅顺口区', 3),
(2079, 245, '金州区', 3),
(2080, 245, '开发区', 3),
(2081, 245, '瓦房店市', 3),
(2082, 245, '普兰店市', 3),
(2083, 245, '庄河市', 3),
(2084, 245, '长海县', 3),
(2085, 246, '铁东区', 3),
(2086, 246, '铁西区', 3),
(2087, 246, '立山区', 3),
(2088, 246, '千山区', 3),
(2089, 246, '岫岩', 3),
(2090, 246, '海城市', 3),
(2091, 246, '台安县', 3),
(2092, 247, '本溪', 3),
(2093, 247, '平山区', 3),
(2094, 247, '明山区', 3),
(2095, 247, '溪湖区', 3),
(2096, 247, '南芬区', 3),
(2097, 247, '桓仁', 3),
(2098, 248, '双塔区', 3),
(2099, 248, '龙城区', 3),
(2100, 248, '喀喇沁左翼蒙古族自治县', 3),
(2101, 248, '北票市', 3),
(2102, 248, '凌源市', 3),
(2103, 248, '朝阳县', 3),
(2104, 248, '建平县', 3),
(2105, 249, '振兴区', 3),
(2106, 249, '元宝区', 3),
(2107, 249, '振安区', 3),
(2108, 249, '宽甸', 3),
(2109, 249, '东港市', 3),
(2110, 249, '凤城市', 3),
(2111, 250, '顺城区', 3),
(2112, 250, '新抚区', 3),
(2113, 250, '东洲区', 3),
(2114, 250, '望花区', 3),
(2115, 250, '清原', 3),
(2116, 250, '新宾', 3),
(2117, 250, '抚顺县', 3),
(2118, 251, '阜新', 3),
(2119, 251, '海州区', 3),
(2120, 251, '新邱区', 3),
(2121, 251, '太平区', 3),
(2122, 251, '清河门区', 3),
(2123, 251, '细河区', 3),
(2124, 251, '彰武县', 3),
(2125, 252, '龙港区', 3),
(2126, 252, '南票区', 3),
(2127, 252, '连山区', 3),
(2128, 252, '兴城市', 3),
(2129, 252, '绥中县', 3),
(2130, 252, '建昌县', 3),
(2131, 253, '太和区', 3),
(2132, 253, '古塔区', 3),
(2133, 253, '凌河区', 3),
(2134, 253, '凌海市', 3),
(2135, 253, '北镇市', 3),
(2136, 253, '黑山县', 3),
(2137, 253, '义县', 3),
(2138, 254, '白塔区', 3),
(2139, 254, '文圣区', 3),
(2140, 254, '宏伟区', 3),
(2141, 254, '太子河区', 3),
(2142, 254, '弓长岭区', 3),
(2143, 254, '灯塔市', 3),
(2144, 254, '辽阳县', 3),
(2145, 255, '双台子区', 3),
(2146, 255, '兴隆台区', 3),
(2147, 255, '大洼县', 3),
(2148, 255, '盘山县', 3),
(2149, 256, '银州区', 3),
(2150, 256, '清河区', 3),
(2151, 256, '调兵山市', 3),
(2152, 256, '开原市', 3),
(2153, 256, '铁岭县', 3),
(2154, 256, '西丰县', 3),
(2155, 256, '昌图县', 3),
(2156, 257, '站前区', 3),
(2157, 257, '西市区', 3),
(2158, 257, '鲅鱼圈区', 3),
(2159, 257, '老边区', 3),
(2160, 257, '盖州市', 3),
(2161, 257, '大石桥市', 3),
(2162, 258, '回民区', 3),
(2163, 258, '玉泉区', 3),
(2164, 258, '新城区', 3),
(2165, 258, '赛罕区', 3),
(2166, 258, '清水河县', 3),
(2167, 258, '土默特左旗', 3),
(2168, 258, '托克托县', 3),
(2169, 258, '和林格尔县', 3),
(2170, 258, '武川县', 3),
(2171, 259, '阿拉善左旗', 3),
(2172, 259, '阿拉善右旗', 3),
(2173, 259, '额济纳旗', 3),
(2174, 260, '临河区', 3),
(2175, 260, '五原县', 3),
(2176, 260, '磴口县', 3),
(2177, 260, '乌拉特前旗', 3),
(2178, 260, '乌拉特中旗', 3),
(2179, 260, '乌拉特后旗', 3),
(2180, 260, '杭锦后旗', 3),
(2181, 261, '昆都仑区', 3),
(2182, 261, '青山区', 3),
(2183, 261, '东河区', 3),
(2184, 261, '九原区', 3),
(2185, 261, '石拐区', 3),
(2186, 261, '白云矿区', 3),
(2187, 261, '土默特右旗', 3),
(2188, 261, '固阳县', 3),
(2189, 261, '达尔罕茂明安联合旗', 3),
(2190, 262, '红山区', 3),
(2191, 262, '元宝山区', 3),
(2192, 262, '松山区', 3),
(2193, 262, '阿鲁科尔沁旗', 3),
(2194, 262, '巴林左旗', 3),
(2195, 262, '巴林右旗', 3),
(2196, 262, '林西县', 3),
(2197, 262, '克什克腾旗', 3),
(2198, 262, '翁牛特旗', 3),
(2199, 262, '喀喇沁旗', 3),
(2200, 262, '宁城县', 3),
(2201, 262, '敖汉旗', 3),
(2202, 263, '东胜区', 3),
(2203, 263, '达拉特旗', 3),
(2204, 263, '准格尔旗', 3),
(2205, 263, '鄂托克前旗', 3),
(2206, 263, '鄂托克旗', 3),
(2207, 263, '杭锦旗', 3),
(2208, 263, '乌审旗', 3),
(2209, 263, '伊金霍洛旗', 3),
(2210, 264, '海拉尔区', 3),
(2211, 264, '莫力达瓦', 3),
(2212, 264, '满洲里市', 3),
(2213, 264, '牙克石市', 3),
(2214, 264, '扎兰屯市', 3),
(2215, 264, '额尔古纳市', 3),
(2216, 264, '根河市', 3),
(2217, 264, '阿荣旗', 3),
(2218, 264, '鄂伦春自治旗', 3),
(2219, 264, '鄂温克族自治旗', 3),
(2220, 264, '陈巴尔虎旗', 3),
(2221, 264, '新巴尔虎左旗', 3),
(2222, 264, '新巴尔虎右旗', 3),
(2223, 265, '科尔沁区', 3),
(2224, 265, '霍林郭勒市', 3),
(2225, 265, '科尔沁左翼中旗', 3),
(2226, 265, '科尔沁左翼后旗', 3),
(2227, 265, '开鲁县', 3),
(2228, 265, '库伦旗', 3),
(2229, 265, '奈曼旗', 3),
(2230, 265, '扎鲁特旗', 3),
(2231, 266, '海勃湾区', 3),
(2232, 266, '乌达区', 3),
(2233, 266, '海南区', 3),
(2234, 267, '化德县', 3),
(2235, 267, '集宁区', 3),
(2236, 267, '丰镇市', 3),
(2237, 267, '卓资县', 3),
(2238, 267, '商都县', 3),
(2239, 267, '兴和县', 3),
(2240, 267, '凉城县', 3),
(2241, 267, '察哈尔右翼前旗', 3),
(2242, 267, '察哈尔右翼中旗', 3),
(2243, 267, '察哈尔右翼后旗', 3),
(2244, 267, '四子王旗', 3),
(2245, 268, '二连浩特市', 3),
(2246, 268, '锡林浩特市', 3),
(2247, 268, '阿巴嘎旗', 3),
(2248, 268, '苏尼特左旗', 3),
(2249, 268, '苏尼特右旗', 3),
(2250, 268, '东乌珠穆沁旗', 3),
(2251, 268, '西乌珠穆沁旗', 3),
(2252, 268, '太仆寺旗', 3),
(2253, 268, '镶黄旗', 3),
(2254, 268, '正镶白旗', 3),
(2255, 268, '正蓝旗', 3),
(2256, 268, '多伦县', 3),
(2257, 269, '乌兰浩特市', 3),
(2258, 269, '阿尔山市', 3),
(2259, 269, '科尔沁右翼前旗', 3),
(2260, 269, '科尔沁右翼中旗', 3),
(2261, 269, '扎赉特旗', 3),
(2262, 269, '突泉县', 3),
(2263, 270, '西夏区', 3),
(2264, 270, '金凤区', 3),
(2265, 270, '兴庆区', 3),
(2266, 270, '灵武市', 3),
(2267, 270, '永宁县', 3),
(2268, 270, '贺兰县', 3),
(2269, 271, '原州区', 3),
(2270, 271, '海原县', 3),
(2271, 271, '西吉县', 3),
(2272, 271, '隆德县', 3),
(2273, 271, '泾源县', 3),
(2274, 271, '彭阳县', 3),
(2275, 272, '惠农县', 3),
(2276, 272, '大武口区', 3),
(2277, 272, '惠农区', 3),
(2278, 272, '陶乐县', 3),
(2279, 272, '平罗县', 3),
(2280, 273, '利通区', 3),
(2281, 273, '中卫县', 3),
(2282, 273, '青铜峡市', 3),
(2283, 273, '中宁县', 3),
(2284, 273, '盐池县', 3),
(2285, 273, '同心县', 3),
(2286, 274, '沙坡头区', 3),
(2287, 274, '海原县', 3),
(2288, 274, '中宁县', 3),
(2289, 275, '城中区', 3),
(2290, 275, '城东区', 3),
(2291, 275, '城西区', 3),
(2292, 275, '城北区', 3),
(2293, 275, '湟中县', 3),
(2294, 275, '湟源县', 3),
(2295, 275, '大通', 3),
(2296, 276, '玛沁县', 3),
(2297, 276, '班玛县', 3),
(2298, 276, '甘德县', 3),
(2299, 276, '达日县', 3),
(2300, 276, '久治县', 3),
(2301, 276, '玛多县', 3),
(2302, 277, '海晏县', 3),
(2303, 277, '祁连县', 3),
(2304, 277, '刚察县', 3),
(2305, 277, '门源', 3),
(2306, 278, '平安县', 3),
(2307, 278, '乐都县', 3),
(2308, 278, '民和', 3),
(2309, 278, '互助', 3),
(2310, 278, '化隆', 3),
(2311, 278, '循化', 3),
(2312, 279, '共和县', 3),
(2313, 279, '同德县', 3),
(2314, 279, '贵德县', 3),
(2315, 279, '兴海县', 3),
(2316, 279, '贵南县', 3),
(2317, 280, '德令哈市', 3),
(2318, 280, '格尔木市', 3),
(2319, 280, '乌兰县', 3),
(2320, 280, '都兰县', 3),
(2321, 280, '天峻县', 3),
(2322, 281, '同仁县', 3),
(2323, 281, '尖扎县', 3),
(2324, 281, '泽库县', 3),
(2325, 281, '河南蒙古族自治县', 3),
(2326, 282, '玉树县', 3),
(2327, 282, '杂多县', 3),
(2328, 282, '称多县', 3),
(2329, 282, '治多县', 3),
(2330, 282, '囊谦县', 3),
(2331, 282, '曲麻莱县', 3),
(2332, 283, '市中区', 3),
(2333, 283, '历下区', 3),
(2334, 283, '天桥区', 3),
(2335, 283, '槐荫区', 3),
(2336, 283, '历城区', 3),
(2337, 283, '长清区', 3),
(2338, 283, '章丘市', 3),
(2339, 283, '平阴县', 3),
(2340, 283, '济阳县', 3),
(2341, 283, '商河县', 3),
(2342, 284, '市南区', 3),
(2343, 284, '市北区', 3),
(2344, 284, '城阳区', 3),
(2345, 284, '四方区', 3),
(2346, 284, '李沧区', 3),
(2347, 284, '黄岛区', 3),
(2348, 284, '崂山区', 3),
(2349, 284, '胶州市', 3),
(2350, 284, '即墨市', 3),
(2351, 284, '平度市', 3),
(2352, 284, '胶南市', 3),
(2353, 284, '莱西市', 3),
(2354, 285, '滨城区', 3),
(2355, 285, '惠民县', 3),
(2356, 285, '阳信县', 3),
(2357, 285, '无棣县', 3),
(2358, 285, '沾化县', 3),
(2359, 285, '博兴县', 3),
(2360, 285, '邹平县', 3),
(2361, 286, '德城区', 3),
(2362, 286, '陵县', 3),
(2363, 286, '乐陵市', 3),
(2364, 286, '禹城市', 3),
(2365, 286, '宁津县', 3),
(2366, 286, '庆云县', 3),
(2367, 286, '临邑县', 3),
(2368, 286, '齐河县', 3),
(2369, 286, '平原县', 3),
(2370, 286, '夏津县', 3),
(2371, 286, '武城县', 3),
(2372, 287, '东营区', 3),
(2373, 287, '河口区', 3),
(2374, 287, '垦利县', 3),
(2375, 287, '利津县', 3),
(2376, 287, '广饶县', 3),
(2377, 288, '牡丹区', 3),
(2378, 288, '曹县', 3),
(2379, 288, '单县', 3),
(2380, 288, '成武县', 3),
(2381, 288, '巨野县', 3),
(2382, 288, '郓城县', 3),
(2383, 288, '鄄城县', 3),
(2384, 288, '定陶县', 3),
(2385, 288, '东明县', 3),
(2386, 289, '市中区', 3),
(2387, 289, '任城区', 3),
(2388, 289, '曲阜市', 3),
(2389, 289, '兖州市', 3),
(2390, 289, '邹城市', 3),
(2391, 289, '微山县', 3),
(2392, 289, '鱼台县', 3),
(2393, 289, '金乡县', 3),
(2394, 289, '嘉祥县', 3),
(2395, 289, '汶上县', 3),
(2396, 289, '泗水县', 3),
(2397, 289, '梁山县', 3),
(2398, 290, '莱城区', 3),
(2399, 290, '钢城区', 3),
(2400, 291, '东昌府区', 3),
(2401, 291, '临清市', 3),
(2402, 291, '阳谷县', 3),
(2403, 291, '莘县', 3),
(2404, 291, '茌平县', 3),
(2405, 291, '东阿县', 3),
(2406, 291, '冠县', 3),
(2407, 291, '高唐县', 3),
(2408, 292, '兰山区', 3),
(2409, 292, '罗庄区', 3),
(2410, 292, '河东区', 3),
(2411, 292, '沂南县', 3),
(2412, 292, '郯城县', 3),
(2413, 292, '沂水县', 3),
(2414, 292, '苍山县', 3),
(2415, 292, '费县', 3),
(2416, 292, '平邑县', 3),
(2417, 292, '莒南县', 3),
(2418, 292, '蒙阴县', 3),
(2419, 292, '临沭县', 3),
(2420, 293, '东港区', 3),
(2421, 293, '岚山区', 3),
(2422, 293, '五莲县', 3),
(2423, 293, '莒县', 3),
(2424, 294, '泰山区', 3),
(2425, 294, '岱岳区', 3),
(2426, 294, '新泰市', 3),
(2427, 294, '肥城市', 3),
(2428, 294, '宁阳县', 3),
(2429, 294, '东平县', 3),
(2430, 295, '荣成市', 3),
(2431, 295, '乳山市', 3),
(2432, 295, '环翠区', 3),
(2433, 295, '文登市', 3),
(2434, 296, '潍城区', 3),
(2435, 296, '寒亭区', 3),
(2436, 296, '坊子区', 3),
(2437, 296, '奎文区', 3),
(2438, 296, '青州市', 3),
(2439, 296, '诸城市', 3),
(2440, 296, '寿光市', 3),
(2441, 296, '安丘市', 3),
(2442, 296, '高密市', 3),
(2443, 296, '昌邑市', 3),
(2444, 296, '临朐县', 3),
(2445, 296, '昌乐县', 3),
(2446, 297, '芝罘区', 3),
(2447, 297, '福山区', 3),
(2448, 297, '牟平区', 3),
(2449, 297, '莱山区', 3),
(2450, 297, '开发区', 3),
(2451, 297, '龙口市', 3),
(2452, 297, '莱阳市', 3),
(2453, 297, '莱州市', 3),
(2454, 297, '蓬莱市', 3),
(2455, 297, '招远市', 3),
(2456, 297, '栖霞市', 3),
(2457, 297, '海阳市', 3),
(2458, 297, '长岛县', 3),
(2459, 298, '市中区', 3),
(2460, 298, '山亭区', 3),
(2461, 298, '峄城区', 3),
(2462, 298, '台儿庄区', 3),
(2463, 298, '薛城区', 3),
(2464, 298, '滕州市', 3),
(2465, 299, '张店区', 3),
(2466, 299, '临淄区', 3),
(2467, 299, '淄川区', 3),
(2468, 299, '博山区', 3),
(2469, 299, '周村区', 3),
(2470, 299, '桓台县', 3),
(2471, 299, '高青县', 3),
(2472, 299, '沂源县', 3),
(2473, 300, '杏花岭区', 3),
(2474, 300, '小店区', 3),
(2475, 300, '迎泽区', 3),
(2476, 300, '尖草坪区', 3),
(2477, 300, '万柏林区', 3),
(2478, 300, '晋源区', 3),
(2479, 300, '高新开发区', 3),
(2480, 300, '民营经济开发区', 3),
(2481, 300, '经济技术开发区', 3),
(2482, 300, '清徐县', 3),
(2483, 300, '阳曲县', 3),
(2484, 300, '娄烦县', 3),
(2485, 300, '古交市', 3),
(2486, 301, '城区', 3),
(2487, 301, '郊区', 3),
(2488, 301, '沁县', 3),
(2489, 301, '潞城市', 3),
(2490, 301, '长治县', 3),
(2491, 301, '襄垣县', 3),
(2492, 301, '屯留县', 3),
(2493, 301, '平顺县', 3),
(2494, 301, '黎城县', 3),
(2495, 301, '壶关县', 3),
(2496, 301, '长子县', 3),
(2497, 301, '武乡县', 3),
(2498, 301, '沁源县', 3),
(2499, 302, '城区', 3),
(2500, 302, '矿区', 3),
(2501, 302, '南郊区', 3),
(2502, 302, '新荣区', 3),
(2503, 302, '阳高县', 3),
(2504, 302, '天镇县', 3),
(2505, 302, '广灵县', 3),
(2506, 302, '灵丘县', 3),
(2507, 302, '浑源县', 3),
(2508, 302, '左云县', 3),
(2509, 302, '大同县', 3),
(2510, 303, '城区', 3),
(2511, 303, '高平市', 3),
(2512, 303, '沁水县', 3),
(2513, 303, '阳城县', 3),
(2514, 303, '陵川县', 3),
(2515, 303, '泽州县', 3),
(2516, 304, '榆次区', 3),
(2517, 304, '介休市', 3),
(2518, 304, '榆社县', 3),
(2519, 304, '左权县', 3),
(2520, 304, '和顺县', 3),
(2521, 304, '昔阳县', 3),
(2522, 304, '寿阳县', 3),
(2523, 304, '太谷县', 3),
(2524, 304, '祁县', 3),
(2525, 304, '平遥县', 3),
(2526, 304, '灵石县', 3),
(2527, 305, '尧都区', 3),
(2528, 305, '侯马市', 3),
(2529, 305, '霍州市', 3),
(2530, 305, '曲沃县', 3),
(2531, 305, '翼城县', 3),
(2532, 305, '襄汾县', 3),
(2533, 305, '洪洞县', 3),
(2534, 305, '吉县', 3),
(2535, 305, '安泽县', 3),
(2536, 305, '浮山县', 3),
(2537, 305, '古县', 3),
(2538, 305, '乡宁县', 3),
(2539, 305, '大宁县', 3),
(2540, 305, '隰县', 3),
(2541, 305, '永和县', 3),
(2542, 305, '蒲县', 3),
(2543, 305, '汾西县', 3),
(2544, 306, '离石市', 3),
(2545, 306, '离石区', 3),
(2546, 306, '孝义市', 3),
(2547, 306, '汾阳市', 3),
(2548, 306, '文水县', 3),
(2549, 306, '交城县', 3),
(2550, 306, '兴县', 3),
(2551, 306, '临县', 3),
(2552, 306, '柳林县', 3),
(2553, 306, '石楼县', 3),
(2554, 306, '岚县', 3),
(2555, 306, '方山县', 3),
(2556, 306, '中阳县', 3),
(2557, 306, '交口县', 3),
(2558, 307, '朔城区', 3),
(2559, 307, '平鲁区', 3),
(2560, 307, '山阴县', 3),
(2561, 307, '应县', 3),
(2562, 307, '右玉县', 3),
(2563, 307, '怀仁县', 3),
(2564, 308, '忻府区', 3),
(2565, 308, '原平市', 3),
(2566, 308, '定襄县', 3),
(2567, 308, '五台县', 3),
(2568, 308, '代县', 3),
(2569, 308, '繁峙县', 3),
(2570, 308, '宁武县', 3),
(2571, 308, '静乐县', 3),
(2572, 308, '神池县', 3),
(2573, 308, '五寨县', 3),
(2574, 308, '岢岚县', 3),
(2575, 308, '河曲县', 3),
(2576, 308, '保德县', 3),
(2577, 308, '偏关县', 3),
(2578, 309, '城区', 3),
(2579, 309, '矿区', 3),
(2580, 309, '郊区', 3),
(2581, 309, '平定县', 3),
(2582, 309, '盂县', 3),
(2583, 310, '盐湖区', 3),
(2584, 310, '永济市', 3),
(2585, 310, '河津市', 3),
(2586, 310, '临猗县', 3),
(2587, 310, '万荣县', 3),
(2588, 310, '闻喜县', 3),
(2589, 310, '稷山县', 3),
(2590, 310, '新绛县', 3),
(2591, 310, '绛县', 3),
(2592, 310, '垣曲县', 3),
(2593, 310, '夏县', 3),
(2594, 310, '平陆县', 3),
(2595, 310, '芮城县', 3),
(2596, 311, '莲湖区', 3),
(2597, 311, '新城区', 3),
(2598, 311, '碑林区', 3),
(2599, 311, '雁塔区', 3),
(2600, 311, '灞桥区', 3),
(2601, 311, '未央区', 3),
(2602, 311, '阎良区', 3),
(2603, 311, '临潼区', 3),
(2604, 311, '长安区', 3),
(2605, 311, '蓝田县', 3),
(2606, 311, '周至县', 3),
(2607, 311, '户县', 3),
(2608, 311, '高陵县', 3),
(2609, 312, '汉滨区', 3),
(2610, 312, '汉阴县', 3),
(2611, 312, '石泉县', 3),
(2612, 312, '宁陕县', 3),
(2613, 312, '紫阳县', 3),
(2614, 312, '岚皋县', 3),
(2615, 312, '平利县', 3),
(2616, 312, '镇坪县', 3),
(2617, 312, '旬阳县', 3),
(2618, 312, '白河县', 3),
(2619, 313, '陈仓区', 3),
(2620, 313, '渭滨区', 3),
(2621, 313, '金台区', 3),
(2622, 313, '凤翔县', 3),
(2623, 313, '岐山县', 3),
(2624, 313, '扶风县', 3),
(2625, 313, '眉县', 3),
(2626, 313, '陇县', 3),
(2627, 313, '千阳县', 3),
(2628, 313, '麟游县', 3),
(2629, 313, '凤县', 3),
(2630, 313, '太白县', 3),
(2631, 314, '汉台区', 3),
(2632, 314, '南郑县', 3),
(2633, 314, '城固县', 3),
(2634, 314, '洋县', 3),
(2635, 314, '西乡县', 3),
(2636, 314, '勉县', 3),
(2637, 314, '宁强县', 3),
(2638, 314, '略阳县', 3),
(2639, 314, '镇巴县', 3),
(2640, 314, '留坝县', 3),
(2641, 314, '佛坪县', 3),
(2642, 315, '商州区', 3),
(2643, 315, '洛南县', 3),
(2644, 315, '丹凤县', 3),
(2645, 315, '商南县', 3),
(2646, 315, '山阳县', 3),
(2647, 315, '镇安县', 3),
(2648, 315, '柞水县', 3),
(2649, 316, '耀州区', 3),
(2650, 316, '王益区', 3),
(2651, 316, '印台区', 3),
(2652, 316, '宜君县', 3),
(2653, 317, '临渭区', 3),
(2654, 317, '韩城市', 3),
(2655, 317, '华阴市', 3),
(2656, 317, '华县', 3),
(2657, 317, '潼关县', 3),
(2658, 317, '大荔县', 3),
(2659, 317, '合阳县', 3),
(2660, 317, '澄城县', 3),
(2661, 317, '蒲城县', 3),
(2662, 317, '白水县', 3),
(2663, 317, '富平县', 3),
(2664, 318, '秦都区', 3),
(2665, 318, '渭城区', 3),
(2666, 318, '杨陵区', 3),
(2667, 318, '兴平市', 3),
(2668, 318, '三原县', 3),
(2669, 318, '泾阳县', 3),
(2670, 318, '乾县', 3),
(2671, 318, '礼泉县', 3),
(2672, 318, '永寿县', 3),
(2673, 318, '彬县', 3),
(2674, 318, '长武县', 3),
(2675, 318, '旬邑县', 3),
(2676, 318, '淳化县', 3),
(2677, 318, '武功县', 3),
(2678, 319, '吴起县', 3),
(2679, 319, '宝塔区', 3),
(2680, 319, '延长县', 3),
(2681, 319, '延川县', 3),
(2682, 319, '子长县', 3),
(2683, 319, '安塞县', 3),
(2684, 319, '志丹县', 3),
(2685, 319, '甘泉县', 3),
(2686, 319, '富县', 3),
(2687, 319, '洛川县', 3),
(2688, 319, '宜川县', 3),
(2689, 319, '黄龙县', 3),
(2690, 319, '黄陵县', 3),
(2691, 320, '榆阳区', 3),
(2692, 320, '神木县', 3),
(2693, 320, '府谷县', 3),
(2694, 320, '横山县', 3),
(2695, 320, '靖边县', 3),
(2696, 320, '定边县', 3),
(2697, 320, '绥德县', 3),
(2698, 320, '米脂县', 3),
(2699, 320, '佳县', 3),
(2700, 320, '吴堡县', 3),
(2701, 320, '清涧县', 3),
(2702, 320, '子洲县', 3),
(2703, 321, '长宁区', 3),
(2704, 321, '闸北区', 3),
(2705, 321, '闵行区', 3),
(2706, 321, '徐汇区', 3),
(2707, 321, '浦东新区', 3),
(2708, 321, '杨浦区', 3),
(2709, 321, '普陀区', 3),
(2710, 321, '静安区', 3),
(2711, 321, '卢湾区', 3),
(2712, 321, '虹口区', 3),
(2713, 321, '黄浦区', 3),
(2714, 321, '南汇区', 3),
(2715, 321, '松江区', 3),
(2716, 321, '嘉定区', 3),
(2717, 321, '宝山区', 3),
(2718, 321, '青浦区', 3),
(2719, 321, '金山区', 3),
(2720, 321, '奉贤区', 3),
(2721, 321, '崇明县', 3),
(2722, 322, '青羊区', 3),
(2723, 322, '锦江区', 3),
(2724, 322, '金牛区', 3),
(2725, 322, '武侯区', 3),
(2726, 322, '成华区', 3),
(2727, 322, '龙泉驿区', 3),
(2728, 322, '青白江区', 3),
(2729, 322, '新都区', 3),
(2730, 322, '温江区', 3),
(2731, 322, '高新区', 3),
(2732, 322, '高新西区', 3),
(2733, 322, '都江堰市', 3),
(2734, 322, '彭州市', 3),
(2735, 322, '邛崃市', 3),
(2736, 322, '崇州市', 3),
(2737, 322, '金堂县', 3),
(2738, 322, '双流县', 3),
(2739, 322, '郫县', 3),
(2740, 322, '大邑县', 3),
(2741, 322, '蒲江县', 3),
(2742, 322, '新津县', 3),
(2743, 322, '都江堰市', 3),
(2744, 322, '彭州市', 3),
(2745, 322, '邛崃市', 3),
(2746, 322, '崇州市', 3),
(2747, 322, '金堂县', 3),
(2748, 322, '双流县', 3),
(2749, 322, '郫县', 3),
(2750, 322, '大邑县', 3),
(2751, 322, '蒲江县', 3),
(2752, 322, '新津县', 3),
(2753, 323, '涪城区', 3),
(2754, 323, '游仙区', 3),
(2755, 323, '江油市', 3),
(2756, 323, '盐亭县', 3),
(2757, 323, '三台县', 3),
(2758, 323, '平武县', 3),
(2759, 323, '安县', 3),
(2760, 323, '梓潼县', 3),
(2761, 323, '北川县', 3),
(2762, 324, '马尔康县', 3),
(2763, 324, '汶川县', 3),
(2764, 324, '理县', 3),
(2765, 324, '茂县', 3),
(2766, 324, '松潘县', 3),
(2767, 324, '九寨沟县', 3),
(2768, 324, '金川县', 3),
(2769, 324, '小金县', 3),
(2770, 324, '黑水县', 3),
(2771, 324, '壤塘县', 3),
(2772, 324, '阿坝县', 3),
(2773, 324, '若尔盖县', 3),
(2774, 324, '红原县', 3),
(2775, 325, '巴州区', 3),
(2776, 325, '通江县', 3),
(2777, 325, '南江县', 3),
(2778, 325, '平昌县', 3),
(2779, 326, '通川区', 3),
(2780, 326, '万源市', 3),
(2781, 326, '达县', 3),
(2782, 326, '宣汉县', 3),
(2783, 326, '开江县', 3),
(2784, 326, '大竹县', 3),
(2785, 326, '渠县', 3),
(2786, 327, '旌阳区', 3),
(2787, 327, '广汉市', 3),
(2788, 327, '什邡市', 3),
(2789, 327, '绵竹市', 3),
(2790, 327, '罗江县', 3),
(2791, 327, '中江县', 3),
(2792, 328, '康定县', 3),
(2793, 328, '丹巴县', 3),
(2794, 328, '泸定县', 3),
(2795, 328, '炉霍县', 3),
(2796, 328, '九龙县', 3),
(2797, 328, '甘孜县', 3),
(2798, 328, '雅江县', 3),
(2799, 328, '新龙县', 3),
(2800, 328, '道孚县', 3),
(2801, 328, '白玉县', 3),
(2802, 328, '理塘县', 3),
(2803, 328, '德格县', 3),
(2804, 328, '乡城县', 3),
(2805, 328, '石渠县', 3),
(2806, 328, '稻城县', 3),
(2807, 328, '色达县', 3),
(2808, 328, '巴塘县', 3),
(2809, 328, '得荣县', 3),
(2810, 329, '广安区', 3),
(2811, 329, '华蓥市', 3),
(2812, 329, '岳池县', 3),
(2813, 329, '武胜县', 3),
(2814, 329, '邻水县', 3),
(2815, 330, '利州区', 3),
(2816, 330, '元坝区', 3),
(2817, 330, '朝天区', 3),
(2818, 330, '旺苍县', 3),
(2819, 330, '青川县', 3),
(2820, 330, '剑阁县', 3),
(2821, 330, '苍溪县', 3),
(2822, 331, '峨眉山市', 3),
(2823, 331, '乐山市', 3),
(2824, 331, '犍为县', 3),
(2825, 331, '井研县', 3),
(2826, 331, '夹江县', 3),
(2827, 331, '沐川县', 3),
(2828, 331, '峨边', 3),
(2829, 331, '马边', 3),
(2830, 332, '西昌市', 3),
(2831, 332, '盐源县', 3),
(2832, 332, '德昌县', 3),
(2833, 332, '会理县', 3),
(2834, 332, '会东县', 3),
(2835, 332, '宁南县', 3),
(2836, 332, '普格县', 3),
(2837, 332, '布拖县', 3),
(2838, 332, '金阳县', 3),
(2839, 332, '昭觉县', 3),
(2840, 332, '喜德县', 3),
(2841, 332, '冕宁县', 3),
(2842, 332, '越西县', 3),
(2843, 332, '甘洛县', 3),
(2844, 332, '美姑县', 3),
(2845, 332, '雷波县', 3),
(2846, 332, '木里', 3),
(2847, 333, '东坡区', 3),
(2848, 333, '仁寿县', 3),
(2849, 333, '彭山县', 3),
(2850, 333, '洪雅县', 3),
(2851, 333, '丹棱县', 3),
(2852, 333, '青神县', 3),
(2853, 334, '阆中市', 3),
(2854, 334, '南部县', 3),
(2855, 334, '营山县', 3),
(2856, 334, '蓬安县', 3),
(2857, 334, '仪陇县', 3),
(2858, 334, '顺庆区', 3),
(2859, 334, '高坪区', 3),
(2860, 334, '嘉陵区', 3),
(2861, 334, '西充县', 3),
(2862, 335, '市中区', 3),
(2863, 335, '东兴区', 3),
(2864, 335, '威远县', 3),
(2865, 335, '资中县', 3),
(2866, 335, '隆昌县', 3),
(2867, 336, '东  区', 3),
(2868, 336, '西  区', 3),
(2869, 336, '仁和区', 3),
(2870, 336, '米易县', 3),
(2871, 336, '盐边县', 3),
(2872, 337, '船山区', 3),
(2873, 337, '安居区', 3),
(2874, 337, '蓬溪县', 3),
(2875, 337, '射洪县', 3),
(2876, 337, '大英县', 3),
(2877, 338, '雨城区', 3),
(2878, 338, '名山县', 3),
(2879, 338, '荥经县', 3),
(2880, 338, '汉源县', 3),
(2881, 338, '石棉县', 3),
(2882, 338, '天全县', 3),
(2883, 338, '芦山县', 3),
(2884, 338, '宝兴县', 3),
(2885, 339, '翠屏区', 3),
(2886, 339, '宜宾县', 3),
(2887, 339, '南溪县', 3),
(2888, 339, '江安县', 3),
(2889, 339, '长宁县', 3),
(2890, 339, '高县', 3),
(2891, 339, '珙县', 3),
(2892, 339, '筠连县', 3),
(2893, 339, '兴文县', 3),
(2894, 339, '屏山县', 3),
(2895, 340, '雁江区', 3),
(2896, 340, '简阳市', 3),
(2897, 340, '安岳县', 3),
(2898, 340, '乐至县', 3),
(2899, 341, '大安区', 3),
(2900, 341, '自流井区', 3),
(2901, 341, '贡井区', 3),
(2902, 341, '沿滩区', 3),
(2903, 341, '荣县', 3),
(2904, 341, '富顺县', 3),
(2905, 342, '江阳区', 3),
(2906, 342, '纳溪区', 3),
(2907, 342, '龙马潭区', 3),
(2908, 342, '泸县', 3),
(2909, 342, '合江县', 3),
(2910, 342, '叙永县', 3),
(2911, 342, '古蔺县', 3),
(2912, 343, '和平区', 3),
(2913, 343, '河西区', 3),
(2914, 343, '南开区', 3),
(2915, 343, '河北区', 3),
(2916, 343, '河东区', 3),
(2917, 343, '红桥区', 3),
(2918, 343, '东丽区', 3),
(2919, 343, '津南区', 3),
(2920, 343, '西青区', 3),
(2921, 343, '北辰区', 3),
(2922, 343, '塘沽区', 3),
(2923, 343, '汉沽区', 3),
(2924, 343, '大港区', 3),
(2925, 343, '武清区', 3),
(2926, 343, '宝坻区', 3),
(2927, 343, '经济开发区', 3),
(2928, 343, '宁河县', 3),
(2929, 343, '静海县', 3),
(2930, 343, '蓟县', 3),
(2931, 344, '城关区', 3),
(2932, 344, '林周县', 3),
(2933, 344, '当雄县', 3),
(2934, 344, '尼木县', 3),
(2935, 344, '曲水县', 3),
(2936, 344, '堆龙德庆县', 3),
(2937, 344, '达孜县', 3),
(2938, 344, '墨竹工卡县', 3),
(2939, 345, '噶尔县', 3),
(2940, 345, '普兰县', 3),
(2941, 345, '札达县', 3),
(2942, 345, '日土县', 3),
(2943, 345, '革吉县', 3),
(2944, 345, '改则县', 3),
(2945, 345, '措勤县', 3),
(2946, 346, '昌都县', 3),
(2947, 346, '江达县', 3),
(2948, 346, '贡觉县', 3),
(2949, 346, '类乌齐县', 3),
(2950, 346, '丁青县', 3),
(2951, 346, '察雅县', 3),
(2952, 346, '八宿县', 3),
(2953, 346, '左贡县', 3),
(2954, 346, '芒康县', 3),
(2955, 346, '洛隆县', 3),
(2956, 346, '边坝县', 3),
(2957, 347, '林芝县', 3),
(2958, 347, '工布江达县', 3),
(2959, 347, '米林县', 3),
(2960, 347, '墨脱县', 3),
(2961, 347, '波密县', 3),
(2962, 347, '察隅县', 3),
(2963, 347, '朗县', 3),
(2964, 348, '那曲县', 3),
(2965, 348, '嘉黎县', 3),
(2966, 348, '比如县', 3),
(2967, 348, '聂荣县', 3),
(2968, 348, '安多县', 3),
(2969, 348, '申扎县', 3),
(2970, 348, '索县', 3),
(2971, 348, '班戈县', 3),
(2972, 348, '巴青县', 3),
(2973, 348, '尼玛县', 3),
(2974, 349, '日喀则市', 3),
(2975, 349, '南木林县', 3),
(2976, 349, '江孜县', 3),
(2977, 349, '定日县', 3),
(2978, 349, '萨迦县', 3),
(2979, 349, '拉孜县', 3),
(2980, 349, '昂仁县', 3),
(2981, 349, '谢通门县', 3),
(2982, 349, '白朗县', 3),
(2983, 349, '仁布县', 3),
(2984, 349, '康马县', 3),
(2985, 349, '定结县', 3),
(2986, 349, '仲巴县', 3),
(2987, 349, '亚东县', 3),
(2988, 349, '吉隆县', 3),
(2989, 349, '聂拉木县', 3),
(2990, 349, '萨嘎县', 3),
(2991, 349, '岗巴县', 3),
(2992, 350, '乃东县', 3),
(2993, 350, '扎囊县', 3),
(2994, 350, '贡嘎县', 3),
(2995, 350, '桑日县', 3),
(2996, 350, '琼结县', 3),
(2997, 350, '曲松县', 3),
(2998, 350, '措美县', 3),
(2999, 350, '洛扎县', 3),
(3000, 350, '加查县', 3),
(3001, 350, '隆子县', 3),
(3002, 350, '错那县', 3),
(3003, 350, '浪卡子县', 3),
(3004, 351, '天山区', 3),
(3005, 351, '沙依巴克区', 3),
(3006, 351, '新市区', 3),
(3007, 351, '水磨沟区', 3),
(3008, 351, '头屯河区', 3),
(3009, 351, '达坂城区', 3),
(3010, 351, '米东区', 3),
(3011, 351, '乌鲁木齐县', 3),
(3012, 352, '阿克苏市', 3),
(3013, 352, '温宿县', 3),
(3014, 352, '库车县', 3),
(3015, 352, '沙雅县', 3),
(3016, 352, '新和县', 3),
(3017, 352, '拜城县', 3),
(3018, 352, '乌什县', 3),
(3019, 352, '阿瓦提县', 3),
(3020, 352, '柯坪县', 3),
(3021, 353, '阿拉尔市', 3),
(3022, 354, '库尔勒市', 3),
(3023, 354, '轮台县', 3),
(3024, 354, '尉犁县', 3),
(3025, 354, '若羌县', 3),
(3026, 354, '且末县', 3),
(3027, 354, '焉耆', 3),
(3028, 354, '和静县', 3),
(3029, 354, '和硕县', 3),
(3030, 354, '博湖县', 3),
(3031, 355, '博乐市', 3),
(3032, 355, '精河县', 3),
(3033, 355, '温泉县', 3),
(3034, 356, '呼图壁县', 3),
(3035, 356, '米泉市', 3),
(3036, 356, '昌吉市', 3),
(3037, 356, '阜康市', 3),
(3038, 356, '玛纳斯县', 3),
(3039, 356, '奇台县', 3),
(3040, 356, '吉木萨尔县', 3),
(3041, 356, '木垒', 3),
(3042, 357, '哈密市', 3),
(3043, 357, '伊吾县', 3),
(3044, 357, '巴里坤', 3),
(3045, 358, '和田市', 3),
(3046, 358, '和田县', 3),
(3047, 358, '墨玉县', 3),
(3048, 358, '皮山县', 3),
(3049, 358, '洛浦县', 3),
(3050, 358, '策勒县', 3),
(3051, 358, '于田县', 3),
(3052, 358, '民丰县', 3),
(3053, 359, '喀什市', 3),
(3054, 359, '疏附县', 3),
(3055, 359, '疏勒县', 3),
(3056, 359, '英吉沙县', 3),
(3057, 359, '泽普县', 3),
(3058, 359, '莎车县', 3),
(3059, 359, '叶城县', 3),
(3060, 359, '麦盖提县', 3),
(3061, 359, '岳普湖县', 3),
(3062, 359, '伽师县', 3),
(3063, 359, '巴楚县', 3),
(3064, 359, '塔什库尔干', 3),
(3065, 360, '克拉玛依市', 3),
(3066, 361, '阿图什市', 3),
(3067, 361, '阿克陶县', 3),
(3068, 361, '阿合奇县', 3),
(3069, 361, '乌恰县', 3),
(3070, 362, '石河子市', 3),
(3071, 363, '图木舒克市', 3),
(3072, 364, '吐鲁番市', 3),
(3073, 364, '鄯善县', 3),
(3074, 364, '托克逊县', 3),
(3075, 365, '五家渠市', 3),
(3076, 366, '阿勒泰市', 3),
(3077, 366, '布克赛尔', 3),
(3078, 366, '伊宁市', 3),
(3079, 366, '布尔津县', 3),
(3080, 366, '奎屯市', 3),
(3081, 366, '乌苏市', 3),
(3082, 366, '额敏县', 3),
(3083, 366, '富蕴县', 3),
(3084, 366, '伊宁县', 3),
(3085, 366, '福海县', 3),
(3086, 366, '霍城县', 3),
(3087, 366, '沙湾县', 3),
(3088, 366, '巩留县', 3),
(3089, 366, '哈巴河县', 3),
(3090, 366, '托里县', 3),
(3091, 366, '青河县', 3),
(3092, 366, '新源县', 3),
(3093, 366, '裕民县', 3),
(3094, 366, '和布克赛尔', 3),
(3095, 366, '吉木乃县', 3),
(3096, 366, '昭苏县', 3),
(3097, 366, '特克斯县', 3),
(3098, 366, '尼勒克县', 3),
(3099, 366, '察布查尔', 3),
(3100, 367, '盘龙区', 3),
(3101, 367, '五华区', 3),
(3102, 367, '官渡区', 3),
(3103, 367, '西山区', 3),
(3104, 367, '东川区', 3),
(3105, 367, '安宁市', 3),
(3106, 367, '呈贡县', 3),
(3107, 367, '晋宁县', 3),
(3108, 367, '富民县', 3),
(3109, 367, '宜良县', 3),
(3110, 367, '嵩明县', 3),
(3111, 367, '石林县', 3),
(3112, 367, '禄劝', 3),
(3113, 367, '寻甸', 3),
(3114, 368, '兰坪', 3),
(3115, 368, '泸水县', 3),
(3116, 368, '福贡县', 3),
(3117, 368, '贡山', 3),
(3118, 369, '宁洱', 3),
(3119, 369, '思茅区', 3),
(3120, 369, '墨江', 3),
(3121, 369, '景东', 3),
(3122, 369, '景谷', 3),
(3123, 369, '镇沅', 3),
(3124, 369, '江城', 3),
(3125, 369, '孟连', 3),
(3126, 369, '澜沧', 3),
(3127, 369, '西盟', 3),
(3128, 370, '古城区', 3),
(3129, 370, '宁蒗', 3),
(3130, 370, '玉龙', 3),
(3131, 370, '永胜县', 3),
(3132, 370, '华坪县', 3),
(3133, 371, '隆阳区', 3),
(3134, 371, '施甸县', 3),
(3135, 371, '腾冲县', 3),
(3136, 371, '龙陵县', 3),
(3137, 371, '昌宁县', 3),
(3138, 372, '楚雄市', 3),
(3139, 372, '双柏县', 3),
(3140, 372, '牟定县', 3),
(3141, 372, '南华县', 3),
(3142, 372, '姚安县', 3),
(3143, 372, '大姚县', 3),
(3144, 372, '永仁县', 3),
(3145, 372, '元谋县', 3),
(3146, 372, '武定县', 3),
(3147, 372, '禄丰县', 3),
(3148, 373, '大理市', 3),
(3149, 373, '祥云县', 3),
(3150, 373, '宾川县', 3),
(3151, 373, '弥渡县', 3),
(3152, 373, '永平县', 3),
(3153, 373, '云龙县', 3),
(3154, 373, '洱源县', 3),
(3155, 373, '剑川县', 3),
(3156, 373, '鹤庆县', 3),
(3157, 373, '漾濞', 3),
(3158, 373, '南涧', 3),
(3159, 373, '巍山', 3),
(3160, 374, '潞西市', 3),
(3161, 374, '瑞丽市', 3),
(3162, 374, '梁河县', 3),
(3163, 374, '盈江县', 3),
(3164, 374, '陇川县', 3),
(3165, 375, '香格里拉县', 3),
(3166, 375, '德钦县', 3),
(3167, 375, '维西', 3),
(3168, 376, '泸西县', 3),
(3169, 376, '蒙自县', 3),
(3170, 376, '个旧市', 3),
(3171, 376, '开远市', 3),
(3172, 376, '绿春县', 3),
(3173, 376, '建水县', 3),
(3174, 376, '石屏县', 3),
(3175, 376, '弥勒县', 3),
(3176, 376, '元阳县', 3),
(3177, 376, '红河县', 3),
(3178, 376, '金平', 3),
(3179, 376, '河口', 3),
(3180, 376, '屏边', 3),
(3181, 377, '临翔区', 3),
(3182, 377, '凤庆县', 3),
(3183, 377, '云县', 3),
(3184, 377, '永德县', 3),
(3185, 377, '镇康县', 3),
(3186, 377, '双江', 3),
(3187, 377, '耿马', 3),
(3188, 377, '沧源', 3),
(3189, 378, '麒麟区', 3),
(3190, 378, '宣威市', 3),
(3191, 378, '马龙县', 3),
(3192, 378, '陆良县', 3),
(3193, 378, '师宗县', 3),
(3194, 378, '罗平县', 3),
(3195, 378, '富源县', 3),
(3196, 378, '会泽县', 3),
(3197, 378, '沾益县', 3),
(3198, 379, '文山县', 3),
(3199, 379, '砚山县', 3),
(3200, 379, '西畴县', 3),
(3201, 379, '麻栗坡县', 3),
(3202, 379, '马关县', 3),
(3203, 379, '丘北县', 3),
(3204, 379, '广南县', 3),
(3205, 379, '富宁县', 3),
(3206, 380, '景洪市', 3),
(3207, 380, '勐海县', 3),
(3208, 380, '勐腊县', 3),
(3209, 381, '红塔区', 3),
(3210, 381, '江川县', 3),
(3211, 381, '澄江县', 3),
(3212, 381, '通海县', 3),
(3213, 381, '华宁县', 3),
(3214, 381, '易门县', 3),
(3215, 381, '峨山', 3),
(3216, 381, '新平', 3),
(3217, 381, '元江', 3),
(3218, 382, '昭阳区', 3),
(3219, 382, '鲁甸县', 3),
(3220, 382, '巧家县', 3),
(3221, 382, '盐津县', 3),
(3222, 382, '大关县', 3),
(3223, 382, '永善县', 3),
(3224, 382, '绥江县', 3),
(3225, 382, '镇雄县', 3),
(3226, 382, '彝良县', 3),
(3227, 382, '威信县', 3),
(3228, 382, '水富县', 3),
(3229, 383, '西湖区', 3),
(3230, 383, '上城区', 3),
(3231, 383, '下城区', 3),
(3232, 383, '拱墅区', 3),
(3233, 383, '滨江区', 3),
(3234, 383, '江干区', 3),
(3235, 383, '萧山区', 3),
(3236, 383, '余杭区', 3),
(3237, 383, '市郊', 3),
(3238, 383, '建德市', 3),
(3239, 383, '富阳市', 3),
(3240, 383, '临安市', 3),
(3241, 383, '桐庐县', 3),
(3242, 383, '淳安县', 3),
(3243, 384, '吴兴区', 3),
(3244, 384, '南浔区', 3),
(3245, 384, '德清县', 3),
(3246, 384, '长兴县', 3),
(3247, 384, '安吉县', 3),
(3248, 385, '南湖区', 3),
(3249, 385, '秀洲区', 3),
(3250, 385, '海宁市', 3),
(3251, 385, '嘉善县', 3),
(3252, 385, '平湖市', 3),
(3253, 385, '桐乡市', 3),
(3254, 385, '海盐县', 3),
(3255, 386, '婺城区', 3),
(3256, 386, '金东区', 3),
(3257, 386, '兰溪市', 3),
(3258, 386, '市区', 3),
(3259, 386, '佛堂镇', 3),
(3260, 386, '上溪镇', 3),
(3261, 386, '义亭镇', 3),
(3262, 386, '大陈镇', 3),
(3263, 386, '苏溪镇', 3),
(3264, 386, '赤岸镇', 3),
(3265, 386, '东阳市', 3),
(3266, 386, '永康市', 3),
(3267, 386, '武义县', 3),
(3268, 386, '浦江县', 3),
(3269, 386, '磐安县', 3),
(3270, 387, '莲都区', 3),
(3271, 387, '龙泉市', 3),
(3272, 387, '青田县', 3),
(3273, 387, '缙云县', 3),
(3274, 387, '遂昌县', 3),
(3275, 387, '松阳县', 3),
(3276, 387, '云和县', 3),
(3277, 387, '庆元县', 3),
(3278, 387, '景宁', 3),
(3279, 388, '海曙区', 3),
(3280, 388, '江东区', 3),
(3281, 388, '江北区', 3),
(3282, 388, '镇海区', 3),
(3283, 388, '北仑区', 3),
(3284, 388, '鄞州区', 3),
(3285, 388, '余姚市', 3),
(3286, 388, '慈溪市', 3),
(3287, 388, '奉化市', 3),
(3288, 388, '象山县', 3),
(3289, 388, '宁海县', 3),
(3290, 389, '越城区', 3),
(3291, 389, '上虞市', 3),
(3292, 389, '嵊州市', 3),
(3293, 389, '绍兴县', 3),
(3294, 389, '新昌县', 3),
(3295, 389, '诸暨市', 3),
(3296, 390, '椒江区', 3),
(3297, 390, '黄岩区', 3),
(3298, 390, '路桥区', 3),
(3299, 390, '温岭市', 3),
(3300, 390, '临海市', 3),
(3301, 390, '玉环县', 3),
(3302, 390, '三门县', 3),
(3303, 390, '天台县', 3),
(3304, 390, '仙居县', 3),
(3305, 391, '鹿城区', 3),
(3306, 391, '龙湾区', 3),
(3307, 391, '瓯海区', 3),
(3308, 391, '瑞安市', 3),
(3309, 391, '乐清市', 3),
(3310, 391, '洞头县', 3),
(3311, 391, '永嘉县', 3),
(3312, 391, '平阳县', 3),
(3313, 391, '苍南县', 3),
(3314, 391, '文成县', 3),
(3315, 391, '泰顺县', 3),
(3316, 392, '定海区', 3),
(3317, 392, '普陀区', 3),
(3318, 392, '岱山县', 3),
(3319, 392, '嵊泗县', 3),
(3320, 393, '衢州市', 3),
(3321, 393, '江山市', 3),
(3322, 393, '常山县', 3),
(3323, 393, '开化县', 3),
(3324, 393, '龙游县', 3),
(3325, 394, '合川区', 3),
(3326, 394, '江津区', 3),
(3327, 394, '南川区', 3),
(3328, 394, '永川区', 3),
(3329, 394, '南岸区', 3),
(3330, 394, '渝北区', 3),
(3331, 394, '万盛区', 3),
(3332, 394, '大渡口区', 3),
(3333, 394, '万州区', 3),
(3334, 394, '北碚区', 3),
(3335, 394, '沙坪坝区', 3),
(3336, 394, '巴南区', 3),
(3337, 394, '涪陵区', 3),
(3338, 394, '江北区', 3),
(3339, 394, '九龙坡区', 3),
(3340, 394, '渝中区', 3),
(3341, 394, '黔江开发区', 3),
(3342, 394, '长寿区', 3),
(3343, 394, '双桥区', 3),
(3344, 394, '綦江县', 3),
(3345, 394, '潼南县', 3),
(3346, 394, '铜梁县', 3),
(3347, 394, '大足县', 3),
(3348, 394, '荣昌县', 3),
(3349, 394, '璧山县', 3),
(3350, 394, '垫江县', 3),
(3351, 394, '武隆县', 3),
(3352, 394, '丰都县', 3),
(3353, 394, '城口县', 3),
(3354, 394, '梁平县', 3),
(3355, 394, '开县', 3),
(3356, 394, '巫溪县', 3),
(3357, 394, '巫山县', 3),
(3358, 394, '奉节县', 3),
(3359, 394, '云阳县', 3),
(3360, 394, '忠县', 3),
(3361, 394, '石柱', 3),
(3362, 394, '彭水', 3),
(3363, 394, '酉阳', 3),
(3364, 394, '秀山', 3),
(3365, 395, '沙田区', 3),
(3366, 395, '东区', 3),
(3367, 395, '观塘区', 3),
(3368, 395, '黄大仙区', 3),
(3369, 395, '九龙城区', 3),
(3370, 395, '屯门区', 3),
(3371, 395, '葵青区', 3),
(3372, 395, '元朗区', 3),
(3373, 395, '深水埗区', 3),
(3374, 395, '西贡区', 3),
(3375, 395, '大埔区', 3),
(3376, 395, '湾仔区', 3),
(3377, 395, '油尖旺区', 3),
(3378, 395, '北区', 3),
(3379, 395, '南区', 3),
(3380, 395, '荃湾区', 3),
(3381, 395, '中西区', 3),
(3382, 395, '离岛区', 3),
(3383, 396, '澳门', 3),
(3384, 397, '台北', 3),
(3385, 397, '高雄', 3),
(3386, 397, '基隆', 3),
(3387, 397, '台中', 3),
(3388, 397, '台南', 3),
(3389, 397, '新竹', 3),
(3390, 397, '嘉义', 3),
(3391, 397, '宜兰县', 3),
(3392, 397, '桃园县', 3),
(3393, 397, '苗栗县', 3),
(3394, 397, '彰化县', 3),
(3395, 397, '南投县', 3),
(3396, 397, '云林县', 3),
(3397, 397, '屏东县', 3),
(3398, 397, '台东县', 3),
(3399, 397, '花莲县', 3),
(3400, 397, '澎湖县', 3),
(3401, 3, '合肥', 2),
(3402, 3401, '庐阳区', 3),
(3403, 3401, '瑶海区', 3),
(3404, 3401, '蜀山区', 3),
(3405, 3401, '包河区', 3),
(3406, 3401, '长丰县', 3),
(3407, 3401, '肥东县', 3),
(3408, 3401, '肥西县', 3);

-- --------------------------------------------------------

--
-- 表的结构 `m_article_attribute_field`
--

CREATE TABLE IF NOT EXISTS `m_article_attribute_field` (
  `id` int(11) NOT NULL AUTO_INCREMENT,
  `name` varchar(100) DEFAULT NULL,
  `title` varchar(100) DEFAULT NULL,
  `control_type` varchar(50) DEFAULT NULL,
  `data_type` varchar(50) DEFAULT NULL,
  `data_length` int(11) DEFAULT NULL,
  `data_place` tinyint(4) DEFAULT NULL,
  `item_option` longtext,
  `default_value` longtext,
  `is_required` tinyint(4) DEFAULT NULL,
  `is_password` tinyint(4) DEFAULT NULL,
  `is_html` tinyint(4) DEFAULT NULL,
  `editor_type` tinyint(4) DEFAULT NULL,
  `valid_tip_msg` varchar(255) DEFAULT NULL,
  `valid_error_msg` varchar(255) DEFAULT NULL,
  `valid_pattern` longtext,
  `sort_id` int(11) DEFAULT NULL,
  `is_sys` tinyint(4) DEFAULT NULL,
  `belongstab` tinyint(2) DEFAULT NULL COMMENT '1、新闻表字段 2、广告表字段 3、商城表字段 4、财务表字段',
  PRIMARY KEY (`id`)
) ENGINE=InnoDB  DEFAULT CHARSET=utf8 AUTO_INCREMENT=162 ;

--
-- 转存表中的数据 `m_article_attribute_field`
--

INSERT INTO `m_article_attribute_field` (`id`, `name`, `title`, `control_type`, `data_type`, `data_length`, `data_place`, `item_option`, `default_value`, `is_required`, `is_password`, `is_html`, `editor_type`, `valid_tip_msg`, `valid_error_msg`, `valid_pattern`, `sort_id`, `is_sys`, `belongstab`) VALUES
(131, 'link_url', '链接地址', 'single-text', 'varchar(255)', 255, NULL, NULL, '', 0, 0, NULL, NULL, '', '', '', 99, NULL, 2),
(132, 'img_url', '展示图片', 'images', 'text', NULL, NULL, NULL, '', 0, NULL, NULL, NULL, '', '', '', 99, NULL, 2),
(133, 'title', '标题', 'single-text', 'varchar(50)', 50, NULL, NULL, '', 0, 0, NULL, NULL, '', '', '', 99, NULL, 2),
(134, 'sort_id', '排序', 'number', 'int', NULL, NULL, NULL, '', 0, NULL, NULL, NULL, '', '', '', 99, NULL, 2),
(135, 'channel_id', '频道编号', 'number', 'int', NULL, NULL, NULL, '', 0, NULL, NULL, NULL, '', '', '', 99, NULL, 2),
(136, 'ad_content', '广告内容', 'multi-text', 'varchar(50)', 50, NULL, NULL, '', 0, NULL, 0, NULL, '', '', '', 99, NULL, 2),
(137, 'add_time', '添加时间', 'date-input', 'varchar(50)', NULL, NULL, NULL, '', 0, NULL, NULL, NULL, '', NULL, NULL, 99, NULL, 2),
(139, 'css_icont', '样式', 'number', 'int', NULL, NULL, NULL, '', 0, NULL, NULL, NULL, '', '', '', 99, NULL, 2),
(141, 'bqtitle', '标签名称', 'single-text', 'varchar(50)', 50, NULL, NULL, '', 0, 0, NULL, NULL, '', '', '', 99, NULL, 1),
(142, 'bqadd_time', '添加时间', 'date-input', 'varchar(50)', NULL, NULL, NULL, '', 0, NULL, NULL, NULL, '', NULL, NULL, 99, NULL, 1),
(143, 'bqsort_id', '排序数字', 'number', 'int', NULL, NULL, NULL, '', 0, NULL, NULL, NULL, '', '', '', 99, NULL, 1),
(144, 'bqstatus', '状态', 'multi-radio', 'int', NULL, NULL, '可用|0;禁用|1', '', 0, NULL, NULL, NULL, '', NULL, NULL, 99, NULL, 1),
(145, 'user_id', '用户id', 'number', 'int', NULL, NULL, NULL, '', 1, NULL, NULL, NULL, '', '', '', 99, NULL, 1),
(146, 'book_name', '图书名字', 'single-text', 'varchar(50)', 50, NULL, NULL, '', 0, 0, NULL, NULL, '', '', '', 99, NULL, 1),
(147, 'book_author', '图书作者', 'single-text', 'varchar(50)', 50, NULL, NULL, '', 0, 0, NULL, NULL, '', '', '', 99, NULL, 1),
(148, 'book_press', '图书出版社', 'single-text', 'varchar(50)', 50, NULL, NULL, '', 0, 0, NULL, NULL, '', '', '', 99, NULL, 1),
(149, 'book_cover', '图书封面', 'images', 'text', NULL, NULL, NULL, '', 0, NULL, NULL, NULL, '', '', '', 99, NULL, 1),
(150, 'book_tag', '图书标签', 'single-text', 'varchar(50)', 50, NULL, NULL, '', 0, 0, NULL, NULL, '', '', '', 99, NULL, 1),
(151, 'ISBN', '图书国际标号', 'single-text', 'varchar(50)', 50, NULL, NULL, '', 0, 0, NULL, NULL, '', '', '', 99, NULL, 1),
(152, 'age', '年龄阶段', 'single-text', 'varchar(50)', 50, NULL, NULL, '', 0, 0, NULL, NULL, '', '', '', 99, NULL, 1),
(153, 'price', '图书价格', 'single-text', 'varchar(50)', 50, NULL, NULL, '', 0, 0, NULL, NULL, '', '', '', 99, NULL, 1),
(154, 'category', '所属类别', 'single-text', 'varchar(50)', 50, NULL, NULL, '', 0, 0, NULL, NULL, '', '', '', 99, NULL, 1),
(155, 'prize', '所获奖项', 'single-text', 'varchar(50)', 50, NULL, NULL, '', 0, 0, NULL, NULL, '', '', '', 99, NULL, 1),
(156, 'content_intro', '内容简介', 'multi-text', 'varchar(500)', 500, NULL, NULL, '', 0, NULL, 0, NULL, '', '', '', 99, NULL, 1),
(157, 'author_intro', '作者简介', 'multi-text', 'varchar(500)', 500, NULL, NULL, '', 0, NULL, 0, NULL, '', '', '', 99, NULL, 1),
(158, 'list_info', '榜单信息', 'single-text', 'varchar(100)', 100, NULL, NULL, '', 0, 0, NULL, NULL, '', '', '', 99, NULL, 1),
(160, 'book_add_time', '图书上传时间', 'single-text', 'varchar(50)', 50, NULL, NULL, '', 0, 0, NULL, NULL, '', '', '', 99, NULL, 1),
(161, 'book_publication_time', '图书出版时间', 'single-text', 'varchar(50)', 50, NULL, NULL, '', 0, 0, NULL, NULL, '', '', '', 99, NULL, 1);

-- --------------------------------------------------------

--
-- 表的结构 `m_article_comment`
--

CREATE TABLE IF NOT EXISTS `m_article_comment` (
  `id` int(11) NOT NULL AUTO_INCREMENT,
  `channel_id` int(11) DEFAULT NULL,
  `article_id` int(11) DEFAULT NULL,
  `order_id` int(11) DEFAULT NULL,
  `parent_id` int(11) DEFAULT NULL,
  `user_id` int(11) DEFAULT NULL,
  `user_name` varchar(100) DEFAULT NULL,
  `user_ip` varchar(255) DEFAULT NULL,
  `hint` tinyint(1) DEFAULT '5' COMMENT '//评分',
  `img_url` longtext,
  `content` longtext,
  `is_lock` tinyint(4) DEFAULT NULL,
  `add_time` datetime DEFAULT NULL,
  `is_reply` tinyint(4) DEFAULT NULL,
  `reply_content` longtext,
  `reply_time` datetime DEFAULT NULL,
  PRIMARY KEY (`id`)
) ENGINE=InnoDB  DEFAULT CHARSET=utf8 AUTO_INCREMENT=27 ;

--
-- 转存表中的数据 `m_article_comment`
--

INSERT INTO `m_article_comment` (`id`, `channel_id`, `article_id`, `order_id`, `parent_id`, `user_id`, `user_name`, `user_ip`, `hint`, `img_url`, `content`, `is_lock`, `add_time`, `is_reply`, `reply_content`, `reply_time`) VALUES
(1, NULL, 88, 1, NULL, 6, NULL, '127.0.0.1', 1, '/upload/20160802/579ff9ee421af.png,/upload/20160802/579ff9ee5564b.png', '12121', NULL, '2016-08-02 09:40:00', NULL, NULL, NULL),
(2, NULL, 88, 1, NULL, 6, NULL, '127.0.0.1', 5, '/upload/20160802/579ffa4920f85.png,/upload/20160802/579ffa4924a1e.png', '321', NULL, '2016-08-02 09:41:33', NULL, NULL, NULL),
(3, NULL, 87, 1, NULL, 6, NULL, '127.0.0.1', 5, '', '1', NULL, '2016-08-03 10:03:47', NULL, NULL, NULL),
(4, NULL, 7, 7, NULL, 1, NULL, '127.0.0.1', 5, '', '不错的购物体验', NULL, '2016-09-29 13:46:57', NULL, NULL, NULL),
(5, NULL, 7, 12, NULL, 1, NULL, '127.0.0.1', 5, '', '66666', NULL, '2016-09-29 14:30:15', NULL, NULL, NULL),
(23, NULL, 6, 125, NULL, 1, NULL, '127.0.0.1', 2, '', '还好', NULL, '2016-10-08 16:05:55', NULL, NULL, NULL),
(24, NULL, 6, 122, NULL, 1, NULL, '127.0.0.1', 3, '', '44444', NULL, '2016-10-08 16:28:31', NULL, NULL, NULL),
(25, NULL, 8, 127, NULL, 1, NULL, '127.0.0.1', 5, '', '不错 不错', NULL, '2016-10-08 16:53:42', NULL, NULL, NULL),
(26, NULL, 6, 128, NULL, 1, NULL, '127.0.0.1', 4, '', '123123123', NULL, '2016-10-09 18:01:40', NULL, NULL, NULL);

-- --------------------------------------------------------

--
-- 表的结构 `m_book`
--

CREATE TABLE IF NOT EXISTS `m_book` (
  `id` int(11) NOT NULL AUTO_INCREMENT COMMENT '图书id',
  `user_id` int(11) NOT NULL COMMENT '用户id',
  `ISBN` varchar(20) DEFAULT NULL COMMENT '国际标准书号',
  `bookname` varchar(30) DEFAULT NULL COMMENT '图书名称',
  `author` varchar(20) DEFAULT NULL COMMENT '图书作者',
  `press` varchar(30) DEFAULT NULL COMMENT '出版社',
  `age` varchar(20) DEFAULT NULL COMMENT '年龄阶段',
  `publication_time` varchar(30) DEFAULT NULL COMMENT '出版时间',
  `price` varchar(20) DEFAULT NULL COMMENT '价格',
  `category` varchar(20) DEFAULT NULL COMMENT '所属类别',
  `prize` varchar(100) DEFAULT NULL COMMENT '所获奖项',
  `bookcover` varchar(100) DEFAULT NULL COMMENT '图书封面',
  `booktag` varchar(255) DEFAULT NULL COMMENT '图书标签',
  `content_intro` text COMMENT '内容简介',
  `author_intro` text COMMENT '作者简介',
  `list_info` varchar(100) DEFAULT NULL COMMENT '榜单信息',
  `c_time` date DEFAULT NULL COMMENT '上传时间',
  PRIMARY KEY (`id`)
) ENGINE=InnoDB DEFAULT CHARSET=utf8 AUTO_INCREMENT=1 ;

-- --------------------------------------------------------

--
-- 表的结构 `m_booklist`
--

CREATE TABLE IF NOT EXISTS `m_booklist` (
  `id` int(11) NOT NULL AUTO_INCREMENT COMMENT '书单id',
  `user_id` int(11) NOT NULL COMMENT '用户id',
  `booklist_name` varchar(30) NOT NULL COMMENT '书单名称',
  `booklist_cover` varchar(100) NOT NULL COMMENT '书单封面',
  `booklist_tag` varchar(255) NOT NULL COMMENT '书单标签',
  `booklist_discription` varchar(255) NOT NULL COMMENT '书单描述',
  `recomend` varchar(255) NOT NULL COMMENT '推荐理由',
  `c_time` datetime NOT NULL COMMENT '制作时间',
  `is_del` tinyint(1) NOT NULL COMMENT '0没删除，1删除',
  PRIMARY KEY (`id`)
) ENGINE=InnoDB  DEFAULT CHARSET=utf8 AUTO_INCREMENT=1158 ;

--
-- 转存表中的数据 `m_booklist`
--

INSERT INTO `m_booklist` (`id`, `user_id`, `booklist_name`, `booklist_cover`, `booklist_tag`, `booklist_discription`, `recomend`, `c_time`, `is_del`) VALUES
(1, 4, '第一个书单名称', '/userupload//201610/18/thumb_58058b7cc1e42.jpg', '儿童教育,经济,管理培训', '这里是书单描述', '这里是推荐理由', '2016-10-18 11:33:13', 0),
(2, 4, '动物科普', '/userupload//201610/18/thumb_58059fc034e88.jpg', '儿童教育,动物,自然', '动物科普', '动物科普', '2016-10-18 12:06:53', 0),
(123, 21, '第一本书', '第一本书的封面', '第一本书的标签', '第一本书的描述', '第一本书的推荐理由', '2016-10-25 11:31:58', 0),
(124, 21, '第二本书', '第二本书的封面', '第二本书的标签', '第二本书的描述', '第二本书的推荐理由', '2016-10-25 11:31:58', 0),
(125, 21, '第三本书', '第三本书的封面', '第三本书的标签', '第三本书的描述', '第三本书的推荐理由', '2016-10-25 11:31:58', 0),
(126, 21, '第四本书', '第四本书的封面', '第四本书的标签', '第四本书的描述', '第四本书的推荐理由', '2016-10-25 11:31:58', 0),
(127, 21, '第五本书', '第五本书的封面', '第五本书的标签', '第五本书的描述', '第五本书的推荐理由', '2016-10-25 11:31:58', 0),
(128, 0, '第一本书', '第一本书的封面', '第一本书的标签', '第一本书的描述', '第一本书的推荐理由', '2016-10-25 11:36:34', 0),
(129, 0, '第二本书', '第二本书的封面', '第二本书的标签', '第二本书的描述', '第二本书的推荐理由', '2016-10-25 11:36:34', 0),
(130, 0, '第三本书', '第三本书的封面', '第三本书的标签', '第三本书的描述', '第三本书的推荐理由', '2016-10-25 11:36:34', 0),
(131, 0, '第四本书', '第四本书的封面', '第四本书的标签', '第四本书的描述', '第四本书的推荐理由', '2016-10-25 11:36:34', 0),
(132, 0, '第五本书', '第五本书的封面', '第五本书的标签', '第五本书的描述', '第五本书的推荐理由', '2016-10-25 11:36:34', 0),
(133, 21, 'xxxxxxxx', '/userupload//201610/25/thumb_580ef763d5088.jpg', 'xxx,qqq', 'miaoshu', 'tjly', '2016-10-25 14:11:15', 0),
(134, 21, '0001', '9787544838900', '黄雨伞', '接力出版社', '(韩)柳在守著', '2016-10-25 17:06:00', 0),
(135, 21, '0002', '9787551546683', '白马与神图', '新疆青少年出版社', '李健编绘', '2016-10-25 17:06:00', 0),
(136, 21, '0003', '9787551546690', '兵马俑', '新疆青少年出版社', '李健编绘', '2016-10-25 17:06:00', 0),
(137, 21, '0004', '9787551546706', '小悟空', '新疆青少年出版社', '李健编绘', '2016-10-25 17:06:00', 0),
(138, 21, '0005', '9787551558761', '雨龙', '新疆青少年出版社', '李健编绘', '2016-10-25 17:06:00', 0),
(139, 21, '0006', '9787020095377', '“哈尔的移动城堡”三部曲——哈尔的移动城堡', '人民文学出版社', '(英)戴安娜·韦恩·琼斯著，何羲和译', '2016-10-25 17:06:00', 0),
(140, 21, '0007', '9787020095360', '“哈尔的移动城堡”三部曲——空中城堡', '人民文学出版社', '(英)戴安娜·韦恩·琼斯著，匪石译', '2016-10-25 17:06:00', 0),
(141, 21, '0008', '9787020095384', '“哈尔的移动城堡”三部曲——迷宫之屋', '人民文学出版社', '(英)戴安娜·韦恩·琼斯著，林盛译', '2016-10-25 17:06:00', 0),
(142, 21, '0009', '9787544727907', '非武装地带的春天', '译林出版社', '李亿培文/图，孙淇译', '2016-10-25 17:06:00', 0),
(143, 21, '0010', '9787544717618', '和平是什么？', '译林出版社', '滨田桂子文/图，林静译', '2016-10-25 17:06:00', 0),
(144, 21, '0011', '9787544715737', '花奶奶', '译林出版社', '(韩)权伦德文/图，孙淇译', '2016-10-25 17:06:01', 0),
(145, 21, '0012', '9787544737227', '火城——一九三八', '译林出版社', '蔡皋文，蔡皋，翱子图', '2016-10-25 17:06:01', 0),
(146, 21, '0013', '9787544715706', '迷戏', '译林出版社', '姚红文/图', '2016-10-25 17:06:01', 0),
(147, 21, '0014', '9787544737326', '你能听见我的声音吗？', '译林出版社', '(日)田岛征三文/图，夏河，林静译', '2016-10-25 17:06:01', 0),
(148, 21, '0015', '9787550247963', '小熊的童话大冒险', '北京联合出版公司', '(英)安东尼·布朗文/图，阿甲译', '2016-10-25 17:06:01', 0),
(149, 21, '0016', '9787550245877', '小熊进城', '北京联合出版公司', '(英)安东尼·布朗文/图，阿甲译', '2016-10-25 17:06:01', 0),
(150, 21, '0017', '9787550247970', '小熊总有好办法', '北京联合出版公司', '(英)安东尼·布朗文/图，阿甲译', '2016-10-25 17:06:01', 0),
(151, 21, '0018', '9787535836731', '袋鼠跳过橙汁', '湖南少年儿童出版社', '疾走考拉著', '2016-10-25 17:06:01', 0),
(152, 21, '0019', '9787535836755', '鼓捣森林', '湖南少年儿童出版社', '十画著', '2016-10-25 17:06:01', 0),
(153, 21, '0020', '9787535836724', '牛角洲旅店', '湖南少年儿童出版社', '谷子著', '2016-10-25 17:06:01', 0),
(154, 21, '0021', '9787535836762', '若若', '湖南少年儿童出版社', '流火著', '2016-10-25 17:06:01', 0),
(155, 21, '0022', '9787535836748', '忘忧公主', '湖南少年儿童出版社', '漪然著', '2016-10-25 17:06:01', 0),
(156, 21, '0023', '9787535890856', '坏蛋图', '湖南少年儿童出版社', '十画著', '2016-10-25 17:06:01', 0),
(157, 21, '0024', '9787535890849', '剪瀑布的小巫仙', '湖南少年儿童出版社', '陈天中著', '2016-10-25 17:06:01', 0),
(158, 21, '0025', '9787535889492', '米粒芭拉', '湖南少年儿童出版社', '宋庆莲著', '2016-10-25 17:06:01', 0),
(159, 21, '0026', '9787535890870', '抹香鲸的琉璃街', '湖南少年儿童出版社', '林卓宇著', '2016-10-25 17:06:01', 0),
(160, 21, '0027', '9787535890887', '七岁汤', '湖南少年儿童出版社', '周静著', '2016-10-25 17:06:01', 0),
(161, 21, '0028', '9787535890825', '圣诞老人是女孩', '湖南少年儿童出版社', '两色风景著', '2016-10-25 17:06:01', 0),
(162, 21, '0029', '9787535890863', '寻找一只叫兔子的熊', '湖南少年儿童出版社', '龚房芳著', '2016-10-25 17:06:01', 0),
(163, 21, '0030', '9787535890894', '夜邮差', '湖南少年儿童出版社', '洪晓晖著', '2016-10-25 17:06:01', 0),
(164, 21, '0031', '9787535890832', '再见，水星小孩', '湖南少年儿童出版社', '流火著', '2016-10-25 17:06:01', 0),
(165, 21, '0032', '9787556213115', '哒哒乐历险记', '湖南少年儿童出版社', '青玄月著', '2016-10-25 17:06:01', 0),
(166, 21, '0033', '9787556204366', '精灵书：星空有故事', '湖南少年儿童出版社', '周璇著', '2016-10-25 17:06:01', 0),
(167, 21, '0034', '9787556213528', '蓝三色水珠', '湖南少年儿童出版社', '湘莲子著', '2016-10-25 17:06:01', 0),
(168, 21, '0035', '9787556213122', '玛丽与空中房子', '湖南少年儿童出版社', '诺亚著', '2016-10-25 17:06:01', 0),
(169, 21, '0036', '9787556204373', '清柠甬道', '湖南少年儿童出版社', '林卓宇著', '2016-10-25 17:06:01', 0),
(170, 21, '0037', '9787556204342', '四角豆的秘密', '湖南少年儿童出版社', '麦子著', '2016-10-25 17:06:01', 0),
(171, 21, '0038', '9787556204328', '拯救贝斯', '湖南少年儿童出版社', '两色风景著', '2016-10-25 17:06:01', 0),
(172, 21, '0039', '9787556204359', '织一卷美梦给你', '湖南少年儿童出版社', '陈梦敏著', '2016-10-25 17:06:01', 0),
(173, 21, '0040', '9787556204335', '住在天空的阿细', '湖南少年儿童出版社', '洪晓晖著', '2016-10-25 17:06:01', 0),
(174, 21, '0041', '9787533932695', '怎样用冰来取火', '浙江文艺出版社', '(俄)别莱利曼著，邹学强译', '2016-10-25 17:06:01', 0),
(175, 21, '0042', '9787530477526', '爱的故事', '北京科学技术出版社', '(日)山本直英，(日)和歌山静子著，王伦译', '2016-10-25 17:06:01', 0),
(176, 21, '0043', '9787530477519', '海的故事', '北京科学技术出版社', '(日)和歌山静子著，王伦译', '2016-10-25 17:06:01', 0),
(177, 21, '0044', '9787530477533', '两个人的故事', '北京科学技术出版社', '(日)山本直英著，(日)和歌山静子绘，王伦译', '2016-10-25 17:06:02', 0),
(178, 21, '0045', '9787107263750', '舞鹤', '人民教育出版社', '保冬妮文，夏婧涵绘', '2016-10-25 17:06:02', 0),
(179, 21, '0046', '9787107261435', '小青花', '人民教育出版社', '保冬妮编文，黄捷绘', '2016-10-25 17:06:02', 0),
(180, 21, '0047', '9787107261442', '小鱼的春天', '人民教育出版社', '保冬妮文，喻翩一绘', '2016-10-25 17:06:02', 0),
(181, 21, '0048', '9787514821246', '野狼', '中国少年儿童出版社', '许廷旺著', '2016-10-25 17:06:02', 0),
(182, 21, '0049', '9787514821024', '等待一条船', '中国少年儿童出版社', '郭凯冰著', '2016-10-25 17:06:02', 0),
(183, 21, '0050', '9787514824391', '巫师的传人', '中国少年儿童出版社', '王勇英著', '2016-10-25 17:06:02', 0),
(184, 21, '0051', '9787514815160', '我想和你在一起', '中国少年儿童出版社', '徐玲著', '2016-10-25 17:06:02', 0),
(185, 21, '0052', '9787514810172', '我和老爸的战争', '中国少年儿童出版社', '徐玲著', '2016-10-25 17:06:02', 0),
(186, 21, '0053', '9787514805710', '我会好好爱你', '中国少年儿童出版社', '徐玲著', '2016-10-25 17:06:02', 0),
(187, 21, '0054', '9787514824605', '发呆俱乐部', '中国少年儿童出版社', '晏菁著', '2016-10-25 17:06:02', 0),
(188, 21, '0055', '9787514824612', '风居住的街道', '中国少年儿童出版社', '陈诗哥著', '2016-10-25 17:06:02', 0),
(189, 21, '0056', '9787514824551', '就想拉拉她的手', '中国少年儿童出版社', '孙卫卫著', '2016-10-25 17:06:02', 0),
(190, 21, '0057', '9787514824599', '蓝花井的咕咚', '中国少年儿童出版社', '顾抒著', '2016-10-25 17:06:02', 0),
(191, 21, '0058', '9787514824537', '玫瑰使者', '中国少年儿童出版社', '黄春华著', '2016-10-25 17:06:02', 0),
(192, 21, '0059', '9787514824629', '你听我说', '中国少年儿童出版社', '舒辉波著', '2016-10-25 17:06:02', 0),
(193, 21, '0060', '9787514824544', '青春狙击', '中国少年儿童出版社', '于立极著', '2016-10-25 17:06:02', 0),
(194, 21, '0061', '9787514824575', '青碟', '中国少年儿童出版社', '王勇英著', '2016-10-25 17:06:02', 0),
(195, 21, '0062', '9787514824582', '跳跳鱼的鞋', '中国少年儿童出版社', '余雷著', '2016-10-25 17:06:02', 0),
(196, 21, '0063', '9787514824568', '虞美人', '中国少年儿童出版社', '李秋沅著', '2016-10-25 17:06:02', 0),
(197, 21, '0064', '9787530446829', '100层的房子 1——100层的房子', '北京科学技术出版社', '(日)岩井俊雄著，于海洋译', '2016-10-25 17:06:02', 0),
(198, 21, '0065', '9787530449721', '100层的房子 2——地下100层的房子', '北京科学技术出版社', '(日)岩井俊雄著，刘洋译', '2016-10-25 17:06:02', 0),
(199, 21, '0066', '9787530476710', '100层的房子 3——海底100层的房子', '北京科学技术出版社', '(日)岩井俊雄著，肖萧译', '2016-10-25 17:06:02', 0),
(200, 21, '0067', '9787550237711', '100万只猫——100万只猫', '北京联合出版社', '(美) 婉达·盖格文/图，何田田译', '2016-10-25 17:06:02', 0),
(201, 21, '0068', '9787550237742', '100万只猫——搞笑的凡尼', '北京联合出版社', '(美) 婉达·盖格文/图，何田田译', '2016-10-25 17:06:02', 0),
(202, 21, '0069', '9787550237797', '100万只猫——没了就没了', '北京联合出版社', '(美) 婉达·盖格文/图，何田田译', '2016-10-25 17:06:02', 0),
(203, 21, '0070', '9787550237803', '100万只猫——妮皮和纳皮', '北京联合出版社', '(美) 婉达·盖格文/图，何田田译', '2016-10-25 17:06:02', 0),
(204, 21, '0071', '9787550237827', '100万只猫——什么都没有', '北京联合出版社', '(美) 婉达·盖格文/图，何田田译', '2016-10-25 17:06:02', 0),
(205, 21, '0072', '9787550237728', '100万只猫——白雪公主和七个小矮人', '北京联合出版社', '(美) 婉达·盖格文/图，何田田译', '2016-10-25 17:06:02', 0),
(206, 21, '0073', '9787556009978', '101个水的实验', '长江少年儿童出版社', '(德)安提亚·赛安，艾克·冯格著，(德)夏洛特·瓦格勒绘，谢霜译', '2016-10-25 17:06:02', 0),
(207, 21, '0074', '9787556009985', '101个植物的实验', '长江少年儿童出版社', '(德)安提亚·赛安，艾克·冯格著，(德)夏洛特·瓦格勒绘，谢霜译', '2016-10-25 17:06:02', 0),
(208, 21, '0075', '9787802258266', '11只猫——11只猫变泥猴', '新星出版社', '(日)马场登著，张莺莺译', '2016-10-25 17:06:02', 0),
(209, 21, '0076', '9787802258266', '11只猫——11只猫盖房子', '新星出版社', '(日)马场登著，章斌译', '2016-10-25 17:06:02', 0),
(210, 21, '0077', '9787802258266', '11只猫——11只猫进袋子', '新星出版社', '(日)马场登著，张莺莺译', '2016-10-25 17:06:02', 0),
(211, 21, '0078', '9787802258266', '11只猫——11只猫开饼店', '新星出版社', '(日)马场登著，章斌译', '2016-10-25 17:06:02', 0),
(212, 21, '0079', '9787802258266', '11只猫——11只猫遇怪猫', '新星出版社', '(日)马场登著，张莺莺译', '2016-10-25 17:06:02', 0),
(213, 21, '0080', '9787802258266', '11只猫——11只猫捉大鱼', '新星出版社', '(日)马场登著，章斌译', '2016-10-25 17:06:02', 0),
(214, 21, '0081', '9787544821742', '14只老鼠——14只老鼠吃早餐', '接力出版社', '(日)岩村和朗著，彭懿译', '2016-10-25 17:06:02', 0),
(215, 21, '0082', '9787544821759', '14只老鼠——14只老鼠大搬家', '接力出版社', '(日)岩村和朗著，彭懿译', '2016-10-25 17:06:02', 0),
(216, 21, '0083', '9787544821681', '14只老鼠——14只老鼠的秋天进行曲', '接力出版社', '(日)岩村和朗著，彭懿译', '2016-10-25 17:06:02', 0),
(217, 21, '0084', '9787544821674', '14只老鼠——14只老鼠的摇篮曲', '接力出版社', '(日)岩村和朗著，彭懿译', '2016-10-25 17:06:02', 0),
(218, 21, '0085', '9787544821728', '14只老鼠——14只老鼠过冬天', '接力出版社', '(日)岩村和朗著，彭懿译', '2016-10-25 17:06:02', 0),
(219, 21, '0086', '9787544821711', '14只老鼠——14只老鼠去春游', '接力出版社', '(日)岩村和朗著，彭懿译', '2016-10-25 17:06:02', 0),
(220, 21, '0087', '9787544821704', '14只老鼠——14只老鼠赏月', '接力出版社', '(日)岩村和朗著，彭懿译', '2016-10-25 17:06:02', 0),
(221, 21, '0088', '9787544821735', '14只老鼠——14只老鼠挖山药', '接力出版社', '(日)岩村和朗著，彭懿译', '2016-10-25 17:06:03', 0),
(222, 21, '0089', '9787544821643', '14只老鼠——14只老鼠捣年糕', '接力出版社', '(日)岩村和朗著，彭懿译', '2016-10-25 17:06:03', 0),
(223, 21, '0090', '9787544821650', '14只老鼠——14只老鼠的蜻蜓池塘', '接力出版社', '(日)岩村和朗著，彭懿译', '2016-10-25 17:06:03', 0),
(224, 21, '0091', '9787544821698', '14只老鼠——14只老鼠洗衣服', '接力出版社', '(日)岩村和朗著，彭懿译', '2016-10-25 17:06:03', 0),
(225, 21, '0092', '9787544821667', '14只老鼠——14只老鼠种南瓜', '接力出版社', '(日)岩村和朗著，彭懿译', '2016-10-25 17:06:03', 0),
(226, 21, '0093', '9787513317504', '999个青蛙兄弟——999个青蛙兄弟', '新星出版社', '(日)木村研著，(日)村上康成绘，(日)猿渡静子译', '2016-10-25 17:06:03', 0),
(227, 21, '0094', '9787513317504', '999个青蛙兄弟——999个青蛙兄弟大搬家', '新星出版社', '(日)木村研著，(日)村上康成绘，(日)猿渡静子译', '2016-10-25 17:06:03', 0),
(228, 21, '0095', '9787513317504', '999个青蛙兄弟——999个青蛙兄弟的春天', '新星出版社', '(日)木村研著，(日)村上康成绘，(日)猿渡静子译', '2016-10-25 17:06:03', 0),
(229, 21, '0096', '9787513317504', '999个青蛙兄弟——999个青蛙兄弟和龙虾弟弟', '新星出版社', '(日)木村研著，(日)村上康成绘，(日)猿渡静子译', '2016-10-25 17:06:03', 0),
(230, 21, '0097', '9787110073735', 'DK炫动科技——人体你我他', '科学普及出版社', '(英)詹姆斯·克拉克内尔著，陈天放译', '2016-10-25 17:06:03', 0),
(231, 21, '0098', '9787110073896', 'DK有趣的魔幻手——编织布艺', '科学普及出版社', '(英)珍·布尔著，王爱，陈实译', '2016-10-25 17:06:03', 0),
(232, 21, '0099', '9787110073865', 'DK有趣的魔幻手——变废为宝', '科学普及出版社', '(英)珍·布尔著，冯尧，陈实译', '2016-10-25 17:06:03', 0),
(233, 21, '0100', '9787110073889', 'DK有趣的魔幻手——节日之夜', '科学普及出版社', '(英)珍·布尔著，胡琪琰，陈实译', '2016-10-25 17:06:03', 0),
(234, 21, '0101', '9787110073872', 'DK有趣的魔幻手——神奇魔术 ', '科学普及出版社', '(英)珍·布尔著，周红，陈实译', '2016-10-25 17:06:03', 0),
(235, 21, '0102', '9787110076347', '虫子，虫子，我问你', '科学普及出版社', '(英)黛博拉·洛克著，(英)杰玛·弗莱彻绘，文星译', '2016-10-25 17:06:03', 0),
(236, 21, '0103', '9787110076354', '恐龙，恐龙，我问你 ', '科学普及出版社', '(英)黛博拉·洛克著，(英)杰玛·弗莱彻绘，文星译', '2016-10-25 17:06:03', 0),
(237, 21, '0104', '9787110073230', '有趣的大脑训练手册', '科学普及出版社', '(英)约翰·伍德沃德著，张伯尧,张景华译', '2016-10-25 17:06:03', 0),
(238, 21, '0105', '9787110073551', 'DK身临其境的科学——与地球科学互动', '科学普及出版社', '(英)玛蒂尔达·加伦著，金蓉译', '2016-10-25 17:06:03', 0),
(239, 21, '0106', '9787110073568', 'DK身临其境的科学——与生命科学互动', '科学普及出版社', '(英)玛蒂尔达·加伦著，金蓉译', '2016-10-25 17:06:03', 0),
(240, 21, '0107', '9787110073575', 'DK身临其境的科学——与物理科学互动', '科学普及出版社', '(英)玛蒂尔达·加伦著，金蓉译', '2016-10-25 17:06:03', 0),
(241, 21, '0108', '9787110073827', '漫画动物王国', '科学普及出版社', '(英)卡罗琳·宾汉姆著，(英)丽莎·斯沃森，(英)拉尔夫·拉萨绘，牛海珮译', '2016-10-25 17:06:03', 0),
(242, 21, '0109', '9787110059937', '漫画发明简史', '科学普及出版社', '(英)吉利·麦克里德著，琪瑞译', '2016-10-25 17:06:03', 0),
(243, 21, '0110', '9787110073780', '漫画环球历险', '科学普及出版社', '(英)西蒙·亚当斯著，(英)丽莎·斯沃森，(英)拉尔夫·拉萨绘，陈天放译', '2016-10-25 17:06:03', 0),
(244, 21, '0111', '9787110073797', '漫画科学历险', '科学普及出版社', '(英)克莱尔·沃茨著，(英)丽莎·斯沃森，(英)拉尔夫·拉萨绘，孙琪译', '2016-10-25 17:06:03', 0),
(245, 21, '0112', '9787110059821', '漫画人体奥秘', '科学普及出版社', '(英)理查德·沃克尔著，张伯尧，张景华译', '2016-10-25 17:06:03', 0),
(246, 21, '0113', '9787110073834', '漫画人体探奇', '科学普及出版社', '(英)卡罗琳·宾汉姆著，(英)丽莎·斯沃森，(英)拉尔夫·拉萨绘，文星译', '2016-10-25 17:06:03', 0),
(247, 21, '0114', '9787110073803', '漫画神秘星空', '科学普及出版社', '(英)卡罗尔·斯托特著，(英)丽莎·斯沃森，(英)拉尔夫·拉萨绘，崔石竹，寇文译', '2016-10-25 17:06:03', 0),
(248, 21, '0115', '9787532767397', '精灵鼠小弟', '上海译文出版社', '(美)E.B.怀特著，任溶溶译', '2016-10-25 17:06:03', 0),
(249, 21, '0116', '9787532748594', '夏洛的网', '上海译文出版社', '(美)E.B.怀特著，任溶溶译', '2016-10-25 17:06:03', 0),
(250, 21, '0117', '9787544837460', 'I SPY视觉大发现：攻略版——超级挑战', '接力出版社', '(美)吉恩·玛佐洛文，(美)沃尔特·维克图，代冬梅译', '2016-10-25 17:06:03', 0),
(251, 21, '0118', '9787544837477', 'I SPY视觉大发现：攻略版——极限挑战', '接力出版社', '(美)吉恩·玛佐洛文，(美)沃尔特·维克图，代冬梅译', '2016-10-25 17:06:03', 0),
(252, 21, '0119', '9787544837453', 'I SPY视觉大发现：攻略版——金牌挑战', '接力出版社', '(美)吉恩·玛佐洛文，(美)沃尔特·维克图，代冬梅译', '2016-10-25 17:06:03', 0),
(253, 21, '0120', '9787544837484', 'I SPY视觉大发现：攻略版——四季挑战', '接力出版社', '(美)吉恩·玛佐洛文，(美)沃尔特·维克图，代冬梅译', '2016-10-25 17:06:03', 0),
(254, 21, '0121', '9787544837491', 'I SPY视觉大发现：攻略版——终极挑战', '接力出版社', '(美)吉恩·玛佐洛文，(美)沃尔特·维克图，代冬梅译', '2016-10-25 17:06:03', 0),
(255, 21, '0122', '9787535061553', '你所不知道的世界·澳大利亚', '海燕出版社', '(英)杰尼·斯科特，(英)皮特·里斯编著，王越，张素洁译', '2016-10-25 17:06:03', 0),
(256, 21, '0123', '9787535060624', '你所不知道的世界·巴黎', '海燕出版社', '(英)克雷·兰普雷尔编著，路达译', '2016-10-25 17:06:03', 0),
(257, 21, '0124', '9787535060617', '你所不知道的世界·非洲', '海燕出版社', '(英)克莱夫·吉福德编著，邓梦寒，刘超凡译', '2016-10-25 17:06:03', 0),
(258, 21, '0125', '9787535060723', '你所不知道的世界·伦敦', '海燕出版社', '(英)克雷·兰普雷尔编著，薛婷译', '2016-10-25 17:06:03', 0),
(259, 21, '0126', '9787535060716', '你所不知道的世界·罗马', '海燕出版社', '(英)克雷·兰普雷尔编著，胡敏杰译', '2016-10-25 17:06:03', 0),
(260, 21, '0127', '9787535060709', '你所不知道的世界·美国', '海燕出版社', '(英)克雷·兰普雷尔编著，霍忆湄译', '2016-10-25 17:06:03', 0),
(261, 21, '0128', '9787535060693', '你所不知道的世界·纽约', '海燕出版社', '(英)克雷·兰普雷尔编著，刘小雯译', '2016-10-25 17:06:03', 0),
(262, 21, '0129', '9787535061560', '你所不知道的世界·英国', '海燕出版社', '(英)杰尼·斯科特，(英)皮特·里斯编著，雷文欣译', '2016-10-25 17:06:03', 0),
(263, 21, '0130', '9787515312583', '风先生和雨太太', '中国青年出版社', '(法)保罗·缪塞著，顾均正译', '2016-10-25 17:06:03', 0),
(264, 21, '0131', '9787515312590', '乌拉·波拉故事集', '中国青年出版社', '(德)柏吉尔著，顾均正译', '2016-10-25 17:06:03', 0),
(265, 21, '0132', '9787537158091', '像驴尾巴毛一样多', '新疆青少年出版社', '艾克拜尔·吾拉木著，缪惟编，王洪彬绘，王国振，赵希名译', '2016-10-25 17:06:04', 0),
(266, 21, '0133', '9787537158084', '要什么就给你什么', '新疆青少年出版社', '艾克拜尔·吾拉木著，王洪彬绘，王国振，赵希名译', '2016-10-25 17:06:04', 0),
(267, 21, '0134', '9787511274526', '帕瓦娜的旅程', '光明出版社', '(加)黛博拉·艾里斯著，黄静雅译', '2016-10-25 17:06:04', 0),
(268, 21, '0135', '9787511264237', '帕瓦娜的守候', '光明出版社', '(加)黛博拉·艾里斯著，黄静雅译', '2016-10-25 17:06:04', 0),
(269, 21, '0136', '9787540586195', '啊呜大嘴狼的故事——啊呜大嘴狼和恐龙们', '新世纪出版社', '(日)木村泰子文/图，彭懿，周龙梅译', '2016-10-25 17:06:04', 0),
(270, 21, '0137', '9787540586195', '啊呜大嘴狼的故事——啊呜大嘴狼和贪吃怪', '新世纪出版社', '(日)木村泰子文/图，彭懿，周龙梅译', '2016-10-25 17:06:04', 0),
(271, 21, '0138', '9787540586195', '啊呜大嘴狼的故事——啊呜大嘴狼和妖怪们', '新世纪出版社', '(日)木村泰子文/图，彭懿，周龙梅译', '2016-10-25 17:06:04', 0),
(272, 21, '0139', '9787540586195', '啊呜大嘴狼的故事——啊呜大嘴狼像爸爸', '新世纪出版社', '(日)木村泰子文/图，彭懿，周龙梅译', '2016-10-25 17:06:04', 0),
(273, 21, '0140', '9787540586195', '啊呜大嘴狼的故事——变成了怪物', '新世纪出版社', '(日)木村泰子文/图，彭懿，周龙梅译', '2016-10-25 17:06:04', 0),
(274, 21, '0141', '9787533276102', '5月35日', '明天出版社', '(德)埃里希·凯斯特纳著，刘冬瑜译', '2016-10-25 17:06:04', 0),
(275, 21, '0142', '9787533276072', '埃米尔和三个孪生子', '明天出版社', '(德)埃里希·凯斯特纳著，丁娜，田秀萍译', '2016-10-25 17:06:04', 0),
(276, 21, '0143', '9787533276089', '埃米尔擒贼记', '明天出版社', '(德)埃里希·凯斯特纳著，华宗德，钱杰译', '2016-10-25 17:06:04', 0),
(277, 21, '0144', '9787533275938', '两个小洛特', '明天出版社', '(德)埃里希·凯斯特纳著，赵燮生译', '2016-10-25 17:06:04', 0),
(278, 21, '0145', '9787533276119', '小不点和安东', '明天出版社', '(德)埃里希·凯斯特纳著，孔德明译', '2016-10-25 17:06:04', 0),
(279, 21, '0146', '9787551516488', '绒布小兔子', '新疆青少年出版社', '(美)玛格丽·威廉斯著，(美)根纳季·施普瑞绘，陈玉娇译', '2016-10-25 17:06:04', 0),
(280, 21, '0147', '9787551516495', '小狐狸要离家', '新疆青少年出版社', '(美)安·汤伯特著，(美)萝拉·J·布莱恩绘，陈玉娇译', '2016-10-25 17:06:04', 0),
(281, 21, '0148', '9787539456935', '胆小鬼与大怪兽', '湖北美术出版社', '(英)安吉拉·麦卡利斯特著，(英)蒂娜·麦克诺顿绘，陈喜嘉译', '2016-10-25 17:06:04', 0),
(282, 21, '0149', '9787539456942', '飞向温暖的地方', '湖北美术出版社', '(英)吉莉安·罗贝尔著，(英)卡琳·利特尔伍德绘，陈喜嘉译', '2016-10-25 17:06:04', 0),
(283, 21, '0150', '9787539456935', '莉莉的图书馆', '湖北美术出版社', '(英)吉莉安·希尔兹著，(英)弗朗西斯·切斯绘，陈喜嘉译', '2016-10-25 17:06:04', 0),
(284, 21, '0151', '9787539456942', '乔乔的秘密', '湖北美术出版社', '(英)玛格丽特·纳什著，(英)斯蒂芬·兰伯特绘，陈喜嘉译', '2016-10-25 17:06:04', 0),
(285, 21, '0152', '9787539456935', '一封爱的匿名信', '湖北美术出版社', '(英)安东尼·弗朗斯著，(英)斯蒂芬·比科绘，陈喜嘉译', '2016-10-25 17:06:04', 0),
(286, 21, '0153', '9787539456942', '最重要的礼物', '湖北美术出版社', '(英)大卫·康韦著，(英)卡琳·利特尔伍德绘，陈喜嘉译', '2016-10-25 17:06:04', 0),
(287, 21, '0154', '9787537666190', '爱思考的艾伯特——1.星星在宇宙中，宇宙又在谁其中？', '河北少年儿童出版社', '(美)拉尼·山本文/图，王芳译', '2016-10-25 17:06:04', 0),
(288, 21, '0155', '9787537666206', '爱思考的艾伯特——2.一切都可以停下来吗？', '河北少年儿童出版社', '(美)拉尼·山本文/图，王芳译', '2016-10-25 17:06:04', 0),
(289, 21, '0156', '9787537666213', '爱思考的艾伯特——3.我到底是大还是小？', '河北少年儿童出版社', '(美)拉尼·山本文/图，王芳译', '2016-10-25 17:06:04', 0),
(290, 21, '0157', '9787537666220', '爱思考的艾伯特——4.事物可以同时既相同又不同吗？', '河北少年儿童出版社', '(美)拉尼·山本文/图，王芳译', '2016-10-25 17:06:04', 0),
(291, 21, '0158', '9787544250092', '乐琦的神奇力量', '南海出版公司', '(美)苏珊·帕特隆著，(美)马特·费兰绘，张尚译', '2016-10-25 17:06:04', 0),
(292, 21, '0159', '9787513314015', '101个蝌蚪宝宝', '新星出版社', '(日)加古里子著，(日)猿渡静子译', '2016-10-25 17:06:04', 0),
(293, 21, '0160', '9787513302944', '不睡觉世界冠军', '新星出版社', '(英)西恩·泰勒著，幾米绘，柯倩华译', '2016-10-25 17:06:04', 0),
(294, 21, '0161', '9787513312844', '出门之前', '新星出版社', '(日)简井赖子著，(日)林明子绘，季颖译', '2016-10-25 17:06:04', 0),
(295, 21, '0162', '9787513314039', '大海里我最大', '新星出版社', '(美)凯文·谢利著，于姝译', '2016-10-25 17:06:04', 0),
(296, 21, '0163', '9787513312868', '戴红围巾的松鼠', '新星出版社', '(美)唐·弗里曼著，吴式初译', '2016-10-25 17:06:04', 0),
(297, 21, '0164', '9787513313636', '多嘴的荷包蛋', '新星出版社', '(日)寺村辉夫著，(日)长新太绘，彭懿译', '2016-10-25 17:06:04', 0),
(298, 21, '0165', '9787544254458', '鸽子也会闹情绪！', '南海出版公司', '(美)莫·威廉斯文/图，杨雪枫译', '2016-10-25 17:06:04', 0),
(299, 21, '0166', '9787544255745', '古利和古拉', '南海出版公司', '(日)中川李枝子文，(日)山胁百合子图，季颖译', '2016-10-25 17:06:05', 0),
(300, 21, '0167', '9787544243940', '古利和古拉的12个月之歌', '南海出版公司', '(日)中川李枝子文，(日)山胁百合子图，爱心树著', '2016-10-25 17:06:05', 0),
(301, 21, '0168', '9787544244374', '黑猩猩的面包店', '南海出版公司', '(日)白井三香子文，(日)渡边秋夫图，朱自强译', '2016-10-25 17:06:05', 0),
(302, 21, '0169', '9787544245807', '今天运气怎么这么好', '南海出版公司', '(日)宫西达也文/图，彭懿译', '2016-10-25 17:06:05', 0),
(303, 21, '0170', '9787513312035', '快点滚去睡！', '新星出版社', '(美)亚当·曼斯巴赫著，(美)里卡多·科尔特斯绘，颜叙译', '2016-10-25 17:06:05', 0),
(304, 21, '0171', '9787513310604', '蜡笔小黑和神奇的朋友', '新星出版社', '(日)中屋美和著，朱自强译', '2016-10-25 17:06:05', 0),
(305, 21, '0172', '9787513309936', '尼古拉的三个问题', '新星出版社', '(美)琼·穆特著，邢培建译', '2016-10-25 17:06:05', 0),
(306, 21, '0173', '9787544246729', '你出生的那个晚上', '南海出版公司', '(美)南希·蒂尔曼文/图，王轶美译', '2016-10-25 17:06:05', 0),
(307, 21, '0174', '9787544266291', '青蛙小弟睡午觉', '南海出版公司', '(日)宫西达也文/图，彭懿译', '2016-10-25 17:06:05', 0),
(308, 21, '0175', '9787513306355', '蓉蓉和气球', '新星出版社', '(日)酒井驹子著，赵峭译', '2016-10-25 17:06:05', 0),
(309, 21, '0176', '9787544246378', '石头小猪', '南海出版公司', '(日)秋山匡文/图，朱自强译', '2016-10-25 17:06:05', 0),
(310, 21, '0177', '9787544255752', '太阳公公笑哈哈', '南海出版公司', '(日)前川一夫文/图，(日)猿渡静子译', '2016-10-25 17:06:05', 0),
(311, 21, '0178', '9787544256131', '万圣节的大南瓜', '南海出版公司', '(美)埃丽卡·西尔弗曼文，(美)S.D.辛德勒图，册册译', '2016-10-25 17:06:05', 0),
(312, 21, '0179', '9787513313537', '我想养只宠物', '新星出版社', '(英)罗伦·乔尔德著，漆仰平译', '2016-10-25 17:06:05', 0),
(313, 21, '0180', '9787544238342', '小狐狸买手套', '南海出版公司', '(日)新美南吉文，(日)黑井健图，彭懿，周龙梅译', '2016-10-25 17:06:05', 0),
(314, 21, '0181', '9787513313001', '小蜡笔头儿', '新星出版社', '(日)筱冢香著，(日)安井淡绘，朱自强著', '2016-10-25 17:06:05', 0),
(315, 21, '0182', '9787544265034', '小蛇散步', '南海出版公司', '(日)伊东宽文/图，田霞译', '2016-10-25 17:06:05', 0),
(316, 21, '0183', '9787513314367', '一定要比赛吗？', '新星出版社', '(美)洁米.李.柯蒂斯文,(美)劳拉.康奈尔图，范晓星译', '2016-10-25 17:06:05', 0),
(317, 21, '0184', '9787513306041', '一颗超级顽固的牙', '新星出版社', '(英)夏洛特·米德尔顿文/图，彭懿译', '2016-10-25 17:06:05', 0),
(318, 21, '0185', '9787513313032', '一条街道的100年', '新星出版社', '(德)克里斯塔·霍尔泰著，(德)格达.赖特绘，张晓静译', '2016-10-25 17:06:05', 0),
(319, 21, '0186', '9787513305693', '阴天有时下肉丸', '新星出版社', '(美)朱迪·巴瑞特著，(美)罗恩·巴瑞特绘，李耘译', '2016-10-25 17:06:05', 0),
(320, 21, '0187', '9787544258807', '再见了，艾玛奶奶', '南海出版公司', '(日)大塚敦子著，(日)猿渡静子译', '2016-10-25 17:06:05', 0),
(321, 21, '0188', '9787513311342', '在树上', '新星出版社', '(加)玛格丽特·阿特伍德著，赵可译', '2016-10-25 17:06:05', 0),
(322, 21, '0189', '9787513313049', '长大以后做什么', '新星出版社', '(日)寮美千子著，(日)秦好史郎绘，彭懿译', '2016-10-25 17:06:05', 0),
(323, 21, '0190', '9787513314787', '种下一个吻', '新星出版社', '(美)艾米·克鲁斯·罗森塔尔著，(加)彼德·雷诺兹绘，颜叙译', '2016-10-25 17:06:05', 0),
(324, 21, '0191', '9787513313629', '蝴蝶的眼睛：关于草地的16个谜题', '新星出版社', '(美)乔伊斯·西德曼著，(美)贝斯·克罗姆斯绘，范晓星译', '2016-10-25 17:06:05', 0),
(325, 21, '0192', '9787544248624', '世界上最最温馨的家', '南海出版公司', '(德)安妮·默勒文/图，王乾坤译', '2016-10-25 17:06:05', 0),
(326, 21, '0193', '9787513313605', '雪上，雪下', '新星出版社', '(美)凯特·梅斯纳著，(美)克里斯托弗·赛拉斯·尼尔绘，册册译', '2016-10-25 17:06:05', 0),
(327, 21, '0194', '9787513304894', '安迪和狮子', '新星出版社', '(美)詹姆斯·多尔蒂著,王林译', '2016-10-25 17:06:05', 0),
(328, 21, '0195', '9787513314282', '白雪晶晶', '新星出版社', '(美)阿尔文·崔塞特文，(美)罗杰·迪瓦森图，安妮宝贝译', '2016-10-25 17:06:05', 0),
(329, 21, '0196', '9787513314022', '不是我的错', '新星出版社', '(丹)莱夫·克里斯坦森，(丹)迪克·斯坦伯格绘，周晶译', '2016-10-25 17:06:05', 0),
(330, 21, '0197', '9787513315296', '禅的故事2', '新星出版社', '(美)琼·穆特著，李耘译', '2016-10-25 17:06:05', 0),
(331, 21, '0198', '9787513311786', '城里狗，乡下蛙', '新星出版社', '(美)莫·威廉斯著，(美)琼·穆特绘，阿甲译', '2016-10-25 17:06:05', 0),
(332, 21, '0199', '9787513314299', '聪明的变色龙', '新星出版社', '(英)莫温伊·海蒂斯著，(英)艾德里安娜·肯纳韦绘，册册译', '2016-10-25 17:06:05', 0),
(333, 21, '0200', '9787513313650', '大雨哗啦哗啦下', '新星出版社', '(美)大卫·香农著，王林译', '2016-10-25 17:06:05', 0),
(334, 21, '0201', '9787544246989', '点', '南海出版公司', '(加)彼德·雷诺兹文/图，邢培健译', '2016-10-25 17:06:05', 0),
(335, 21, '0202', '9787513305655', '风铃草姑娘', '新星出版社', '(美)保罗·欧·泽林斯基著，王又翎，王林译', '2016-10-25 17:06:05', 0),
(336, 21, '0203', '9787513314374', '高空走索人', '新星出版社', '(美)莫迪凯．葛斯坦著，王林译', '2016-10-25 17:06:05', 0),
(337, 21, '0204', '9787513313551', '公主的月亮', '新星出版社', '(美)瑟伯编文，(美)西蒙特图，邢培健译', '2016-10-25 17:06:06', 0),
(338, 21, '0205', '9787513313223', '海盗从不换尿布', '新星出版社', '(美)梅林达·朗著，(美)大卫·夏农绘，任溶溶译', '2016-10-25 17:06:06', 0),
(339, 21, '0206', '9787513314046', '仅仅是个梦', '新星出版社', '(美)克里斯·范·奥尔斯伯格著，杨玲玲，彭懿译', '2016-10-25 17:06:06', 0),
(340, 21, '0207', '9787513314077', '快点睡觉吧', '南海出版公司', '(日)秋山匡著，小然译', '2016-10-25 17:06:06', 0),
(341, 21, '0208', '9787513311359', '缆车梅波儿', '新星出版社', '(美)维吉尼亚·李·伯顿著，刘宇清译', '2016-10-25 17:06:06', 0),
(342, 21, '0209', '9787513314053', '狼和七只小羊', '新星出版社', '(德)格林兄弟著，(瑞士)菲利克斯·霍夫曼绘，王星译', '2016-10-25 17:06:06', 0),
(343, 21, '0210', '9787513313056', '鲁冰花仙子', '新星出版社', '(德)比耐特·施罗德著，赵远虹译', '2016-10-25 17:06:06', 0),
(344, 21, '0211', '9787513313230', '梦的守护者', '新星出版社', '(德)艾文·格奥舍著，(德)诺尔曼·荣格绘，王星译', '2016-10-25 17:06:06', 0),
(345, 21, '0212', '9787544249041', '魔法师的奇幻花园', '南海出版公司', '(美)克里斯·范·奥尔斯伯格文/图，杨玲玲，彭懿译', '2016-10-25 17:06:06', 0),
(346, 21, '0213', '9787544249720', '女王吉瑟拉', '南海出版公司', '(德)尼古劳斯·海德尔巴赫文/图，赵远虹译', '2016-10-25 17:06:06', 0),
(347, 21, '0214', '9787513314503', '千万别去当海盗', '新星出版社', '(美)梅林达·朗著，(美)大卫·香农绘，任溶溶译', '2016-10-25 17:06:06', 0),
(348, 21, '0215', '9787513310598', '如果你想当总统......', '新星出版社', '(美)朱蒂丝·圣乔治著，(美)大卫·司摩绘，杨卫东译', '2016-10-25 17:06:06', 0),
(349, 21, '0216', '9787513313544', '森林大会', '新星出版社', '(美)玛丽·荷·艾斯著，邢培健译', '2016-10-25 17:06:06', 0),
(350, 21, '0217', '9787513306027', '森林大熊', '新星出版社', '(瑞士)约克·史坦纳著，(瑞士)约克·米勒绘，孔杰译', '2016-10-25 17:06:06', 0),
(351, 21, '0218', '9787513306942', '莎娜想要演马戏', '新星出版社', '(德)古德荣·梅布斯著，(德)昆特·布霍茨绘，王星译', '2016-10-25 17:06:06', 0),
(352, 21, '0219', '9787513310628', '圣诞老人的王国', '新星出版社', '(日)松本智年，(日)一色恭子原著，(日)嘉纳纯子改编，(日)黑井健绘，(日)猿渡静子译', '2016-10-25 17:06:06', 0),
(353, 21, '0220', '9787544257046', '石头汤', '南海出版公司', '(美)琼·穆特著文/图，阿甲译', '2016-10-25 17:06:06', 0),
(354, 21, '0221', '9787544246767', '晚安，大猩猩', '南海出版公司', '(美)佩吉·拉特曼文/图，爱心树译', '2016-10-25 17:06:06', 0),
(355, 21, '0222', '9787513306959', '晚安，小熊', '新星出版社', '(德)昆特·布霍茨著，王星译', '2016-10-25 17:06:06', 0),
(356, 21, '0223', '9787513313643', '味儿', '新星出版社', '(加)彼得·雷诺兹著，邢培健译', '2016-10-25 17:06:06', 0),
(357, 21, '0224', '9787513312998', '我不知道我是谁', '新星出版社', '(英)乔恩·布莱克著，(德)阿克塞尔·舍夫勒绘，邢培健译', '2016-10-25 17:06:06', 0),
(358, 21, '0225', '9787513313971', '想要一棵好大的树', '新星出版社', '(日)佐藤晓著，(日)村上勉绘，彭懿译', '2016-10-25 17:06:06', 0),
(359, 21, '0226', '9787513314343', '消防车吉普达', '新星出版社', '(日)渡边茂男著，(日)山本忠敬绘，赵峻著', '2016-10-25 17:06:06', 0),
(360, 21, '0227', '9787544266109', '小房子', '南海出版公司', '(美)维吉尼亚·李·伯顿文/图，阿甲译', '2016-10-25 17:06:06', 0),
(361, 21, '0228', '9787513306348', '熊和山猫', '新星出版社', '(日)汤本香树实著，(日)酒井驹子绘，赵峻译', '2016-10-25 17:06:06', 0),
(362, 21, '0229', '9787513315142', '熊猫师父和阿古', '新星出版社', '(美)琼·穆特著，李耘译', '2016-10-25 17:06:06', 0),
(363, 21, '0230', '9787544248112', '鸭子骑车记', '南海出版公司', '(美)大卫·夏农文/图，彭懿译', '2016-10-25 17:06:06', 0),
(364, 21, '0231', '9787513305891', '亚历山大和倒霉、烦人、一点都不好、糟糕透顶的一天', '新星出版社', '(美)朱迪思·维奥斯特著，(美)雷·克鲁兹绘，范晓星译', '2016-10-25 17:06:07', 0),
(365, 21, '0232', '9787544248648', '一粒种子的旅行', '南海出版公司', '(德)安妮·默勒文/图，王乾坤译', '2016-10-25 17:06:07', 0),
(366, 21, '0233', '9787544256551', '影子', '南海出版公司', '(美)玛西娅·布朗文/图，颜叙译', '2016-10-25 17:06:07', 0),
(367, 21, '0234', '9787513314084', '勇敢者的游戏', '新星出版社', '(美)克里斯．范．奥尔斯伯格著，杨玲玲，彭懿译', '2016-10-25 17:06:07', 0),
(368, 21, '0235', '9787513309516', '有一天', '新星出版社', '(美)艾莉森·麦基著，(加)彼德·雷诺兹绘，安妮宝贝译', '2016-10-25 17:06:07', 0),
(369, 21, '0236', '9787513312837', '字母B里的家', '新星出版社', '(美)唐·弗里曼著，吴式初译', '2016-10-25 17:06:07', 0),
(370, 21, '0237', '9787513313667', '夏日的一天', '新星出版社', '(日)秦好史郎著，周龙梅，彭懿译', '2016-10-25 17:06:07', 0),
(371, 21, '0238', '9787513305341', '红绿灯眨眼睛', '新星出版社', '(日)松居直著，(日)长新太绘，猿渡静子译', '2016-10-25 17:06:07', 0),
(372, 21, '0239', '9787513310772', '桃太郎', '新星出版社', '(日)松居直著，(日)赤羽末吉绘，(日)猿渡静子译', '2016-10-25 17:06:07', 0),
(373, 21, '0240', '9787544253598', '我爱洗澡', '南海出版公司', '(日)松冈享子文，(日)林明子图，彭懿译', '2016-10-25 17:06:07', 0),
(374, 21, '0241', '9787544253604', '阿秋和阿狐', '南海出版公司', '(日)林明子文/图，彭懿译', '2016-10-25 17:06:07', 0),
(375, 21, '0242', '9787513310048', '蒲公英', '新星出版社', '(日)平山和子著，田秀娟译', '2016-10-25 17:06:07', 0),
(376, 21, '0243', '9787513310048', '大家来大便', '新星出版社', '(日)五味太郎著，田秀娟译', '2016-10-25 17:06:07', 0),
(377, 21, '0244', '9787513310048', '彩虹', '新星出版社', '(日)樱井醇儿著，(日)伊势英子绘，田秀娟译', '2016-10-25 17:06:07', 0),
(378, 21, '0245', '9787513310048', '明天是什么天气？晴天？阴天？雨天？', '新星出版社', '(日)野坂勇作著，田秀娟译', '2016-10-25 17:06:07', 0),
(379, 21, '0246', '9787513310048', '橡树开大会', '新星出版社', '(日)绀屋晋著，(日)片山健绘', '2016-10-25 17:06:07', 0),
(380, 21, '0247', '9787513310048', '紫花地丁和蚂蚁', '新星出版社', '(日)矢间芳子著，李奕译', '2016-10-25 17:06:07', 0),
(381, 21, '0248', '9787513310048', '大家都一样，可是，大家各不同', '新星出版社', '(日)奥井一满著，丁虹译', '2016-10-25 17:06:07', 0),
(382, 21, '0249', '9787544246897', '从前有一只老鼠', '南海出版公司', '(美)玛西娅·布朗文/图，漪然译', '2016-10-25 17:06:07', 0),
(383, 21, '0250', '9787513309905', '别的国家都没有', '新星出版社', '(澳)陈志勇著，枣泥译', '2016-10-25 17:06:07', 0),
(384, 21, '0251', '9787513314770', '不可思议的旅程', '新星出版社', '(美)艾伦·贝克尔著', '2016-10-25 17:06:07', 0),
(385, 21, '0252', '9787513316774', '不可思议的旅程：彩虹国度', '新星出版社', '(美)艾伦·贝克尔著', '2016-10-25 17:06:07', 0),
(386, 21, '0253', '9787513318839', '嗯嗯太郎', '新星出版社', '(日)山胁恭，(日)秦好史郎', '2016-10-25 17:06:07', 0),
(387, 21, '0254', '9787513315159', '赶牛车的人', '新星出版社', '(美)唐纳德·霍尔著，(美)芭芭拉·库尼绘，匡咏梅译', '2016-10-25 17:06:07', 0),
(388, 21, '0255', '9787513312752', '乖乖小恶魔', '新星出版社', '(英)希亚文·奥拉姆著，幾米绘，彭倩文译', '2016-10-25 17:06:07', 0),
(389, 21, '0256', '9787513310147', '河川', '新星出版社', '(日)加古里子著，季颖译', '2016-10-25 17:06:07', 0),
(390, 21, '0257', '9787513317764', '今天我是可爱的小傻瓜', '新星出版色', '(美)洁米.李.柯蒂斯文，(美)劳拉.康奈尔图', '2016-10-25 17:06:07', 0),
(391, 21, '0258', '9787513317788', '可爱的小雀斑', '新星出版社', '(美)朱丽安·摩尔著，(美)李文芳绘，王轶美译', '2016-10-25 17:06:07', 0),
(392, 21, '0259', '9787513315173', '蜡笔小黑', '新星出版社', '(日)中屋美和著，朱自强译', '2016-10-25 17:06:07', 0),
(393, 21, '0260', '9787544279147', '流浪狗时报', '南海出版公司', '(美)路易斯·邓肯著，高雪莲译', '2016-10-25 17:06:07', 0),
(394, 21, '0261', '9787513307031', '魔奇魔奇树', '新星出版社', '(日)齐藤隆介著，(日)泷平二郎绘，彭懿译', '2016-10-25 17:06:07', 0),
(395, 21, '0262', '9787544252775', '亲子翻绳大全', '南海出版公司', '(日)有木昭久著，付明明译', '2016-10-25 17:06:07', 0),
(396, 21, '0263', '9787544269995', '让孩子着迷的77×2个经典科学游戏', '南海出版公司', '(日)后藤道夫著，施雯黛，王蕴洁译', '2016-10-25 17:06:07', 0),
(397, 21, '0264', '9787513310789', '苏和的白马', '新星出版社', '(日)大塚勇三改编，(日)赤羽末吉绘，(日)猿渡静子译', '2016-10-25 17:06:07', 0),
(398, 21, '0265', '9787513317467', '晚安，梦的精灵', '新星出版社', '(美)艾米丽·马丁著，彭应翃译', '2016-10-25 17:06:07', 0),
(399, 21, '0266', '9787544257909', '为什么蚊子老在人们耳边嗡嗡叫', '南海出版公司', '(美)弗娜·阿尔德玛文，(美)利奥·狄龙，(美)黛安·狄龙图，范晓星译', '2016-10-25 17:06:07', 0),
(400, 21, '0267', '9787513318808', '我讨厌妈妈', '新星出版社', '(日)酒井驹子著，彭懿译', '2016-10-25 17:06:07', 0),
(401, 21, '0268', '9787513319072', '我为什么快乐', '新星出版社', '(美)罗伦斯·安荷特著，(英)凯瑟琳·安荷特绘', '2016-10-25 17:06:07', 0),
(402, 21, '0269', '9787513315753', '幸福', '新星出版社', '(德)尤塔·鲍尔著，王星译', '2016-10-25 17:06:07', 0),
(403, 21, '0270', '9787513305884', '夜色下的小屋', '新星出版社', '(美)苏珊·玛丽·斯万森著，(美)贝斯·克罗姆斯绘，赵可译', '2016-10-25 17:06:08', 0),
(404, 21, '0271', '9787544269629', '一片叶子落下来', '南海出版公司', '(美)利奥·巴斯卡利亚著，任溶溶译', '2016-10-25 17:06:08', 0),
(405, 21, '0272', '9787544249157', '有个老婆婆吞了一只苍蝇', '南海出版公司', '(美)西姆斯·塔贝克文/图，杨鹏译', '2016-10-25 17:06:08', 0),
(406, 21, '0273', '9787513306010', '再见，小兔子', '新星出版社', '(瑞士)约克·史坦纳著，(瑞士)约克·米勒绘，王星译', '2016-10-25 17:06:08', 0),
(407, 21, '0274', '9787544273107', '我爸爸的小飞龙——01.我爸爸的小飞龙', '南海出版公司', '(美)鲁思·斯泰尔斯·甘尼特文，(美)鲁思·查丽斯曼·甘尼特图，邢培健译', '2016-10-25 17:06:08', 0),
(408, 21, '0275', '9787544273107', '我爸爸的小飞龙——02.阿默和小飞龙', '南海出版公司', '(美)鲁思·斯泰尔斯·甘尼特著，(美)鲁思·查丽斯曼·甘尼特绘，邢培健译', '2016-10-25 17:06:08', 0),
(409, 21, '0276', '9787544273107', '我爸爸的小飞龙——03.小飞龙的家', '南海出版公司', '(美)鲁思·斯泰尔斯·甘尼特著，(美)鲁思·查丽斯曼·甘尼特绘，邢培健译', '2016-10-25 17:06:08', 0),
(410, 21, '0277', '9787544250405', '木屋下的守护者', '南海出版公司', '(美)凯西·阿贝特著，(美)大卫·司摩绘，邹嘉容译', '2016-10-25 17:06:08', 0),
(411, 21, '0278', '9787544271585', '洞', '南海出版公司', '(美)路易斯·萨奇尔著，徐海幈译', '2016-10-25 17:06:08', 0),
(412, 21, '0279', '9787544263917', '红色羊齿草的故乡', '南海出版公司', '(美)威尔逊.罗尔斯著，侯杰译', '2016-10-25 17:06:08', 0),
(413, 21, '0280', '9787544264754', '会飞的爸爸', '南海出版公司', '(英)大卫·阿尔蒙德著，(英)波莉·邓巴绘，侯杰译', '2016-10-25 17:06:08', 0),
(414, 21, '0281', '9787544277501', '流浪狗之家', '南海出版公司', '(美)路易斯·邓肯著，高雪莲译', '2016-10-25 17:06:08', 0),
(415, 21, '0282', '9787544271912', '周末图书馆', '南海出版公司', '(美)加里·施密特著，王良秀译', '2016-10-25 17:06:08', 0),
(416, 21, '0283', '9787544277129', '追梦少年', '南海出版公司', '(美)路易斯.萨奇尔，徐海幈译', '2016-10-25 17:06:08', 0),
(417, 21, '0284', '9787121222245', '比尔的气球之旅', '电子工业出版社', '(瑞士)莱纳·琴姆尼克著，时翔译', '2016-10-25 17:06:08', 0),
(418, 21, '0285', '9787121222238', '风中之城', '电子工业出版社', '(德)阿克·本黑池著，王星译', '2016-10-25 17:06:08', 0),
(419, 21, '0286', '9787121229558', '故障鸟', '电子工业出版社', '(英)迈克尔·布罗德著，方素珍译', '2016-10-25 17:06:08', 0),
(420, 21, '0287', '9787121225345', '老狼，老狼，几点了', '电子工业出版社', '(英)露西·M·乔治著，(英)吉玛·瑞娜绘，吴瑶译', '2016-10-25 17:06:08', 0),
(421, 21, '0288', '9787121222269', '猫咪岛', '电子工业出版社', '(德)阿克·本黑池著，王星译', '2016-10-25 17:06:08', 0),
(422, 21, '0289', '9787121225352', '小火车头做到了', '电子工业出版社', '(美)华提·派尔普著，(美)罗伦·朗绘，飞思少儿出版中心译', '2016-10-25 17:06:08', 0),
(423, 21, '0290', '9787121222252', '小毛驴和小老鼠', '电子工业出版社', '(荷)妮可·德·考克著，穆宁译', '2016-10-25 17:06:08', 0),
(424, 21, '0291', '9787121225369', '一只流浪狗的幸福生活', '电子工业出版社', '(澳)史蒂芬·麦克·金著，吴瑶译', '2016-10-25 17:06:08', 0),
(425, 21, '0292', '9787544823548', '风的旱冰鞋', '接力出版社', '(日)安房直子著，彭懿译', '2016-10-25 17:06:08', 0),
(426, 21, '0293', '9787544823456', '红玫瑰旅馆的客人', '接力出版社', '(日)安房直子著，(日)峰梨花绘，周龙梅，彭懿译', '2016-10-25 17:06:08', 0),
(427, 21, '0294', '9787544823562', '手绢上的花田', '接力出版社', '(日)安房直子著，(日)岩渊庆造绘，彭懿译', '2016-10-25 17:06:08', 0),
(428, 21, '0295', '9787544823449', '兔子屋的秘密', '接力出版社', '(日)安房直子著，周龙梅，彭懿译', '2016-10-25 17:06:08', 0),
(429, 21, '0296', '9787544823555', '直到花豆煮熟', '接力出版社', '(日)安房直子著，(日)味户桂子绘，彭懿译', '2016-10-25 17:06:08', 0),
(430, 21, '0297', '9787544813440', '巴巴爸爸经典系列——巴巴爸爸搬大树', '接力出版社', '(法)安娜特·缇森，(法)德鲁斯·泰勒著，谢逢蓓译', '2016-10-25 17:06:08', 0),
(431, 21, '0298', '9787544810807', '巴巴爸爸经典系列——巴巴爸爸的诞生', '接力出版社', '(法)安娜特·缇森，(法)德鲁斯·泰勒著，谢逢蓓译', '2016-10-25 17:06:08', 0),
(432, 21, '0299', '9787544813464', '巴巴爸爸经典系列——巴巴爸爸的火星旅行', '接力出版社', '(法)安娜特·缇森，(法)德鲁斯·泰勒著，谢逢蓓译', '2016-10-25 17:06:08', 0);
INSERT INTO `m_booklist` (`id`, `user_id`, `booklist_name`, `booklist_cover`, `booklist_tag`, `booklist_discription`, `recomend`, `c_time`, `is_del`) VALUES
(433, 21, '0300', '9787544813419', '巴巴爸爸经典系列——巴巴爸爸的马戏团', '接力出版社', '(法)安娜特·缇森，(法)德鲁斯·泰勒著，谢逢蓓译', '2016-10-25 17:06:08', 0),
(434, 21, '0301', '9787544810760', '巴巴爸爸经典系列——巴巴爸爸的学校', '接力出版社', '(法)安娜特·缇森，(法)德鲁斯·泰勒著，谢逢蓓译', '2016-10-25 17:06:08', 0),
(435, 21, '0302', '9787544813433', '巴巴爸爸经典系列——巴巴爸爸和圣诞礼物', '接力出版社', '(法)安娜特·缇森，(法)德鲁斯·泰勒著，谢逢蓓译', '2016-10-25 17:06:08', 0),
(436, 21, '0303', '9787544810777', '巴巴爸爸经典系列——巴巴爸爸回到地球', '接力出版社', '(法)安娜特·缇森，(法)德鲁斯·泰勒著，谢逢蓓译', '2016-10-25 17:06:08', 0),
(437, 21, '0304', '9787544810784', '巴巴爸爸经典系列——巴巴爸爸建新家', '接力出版社', '(法)安娜特·缇森，(法)德鲁斯·泰勒著，谢逢蓓译', '2016-10-25 17:06:08', 0),
(438, 21, '0305', '9787544813426', '巴巴爸爸经典系列——巴巴爸爸去度假', '接力出版社', '(法)安娜特·缇森，(法)德鲁斯·泰勒著，谢逢蓓译', '2016-10-25 17:06:08', 0),
(439, 21, '0306', '9787544810791', '巴巴爸爸经典系列——巴巴爸爸找巴巴妈妈', '接力出版社', '(法)安娜特·缇森，(法)德鲁斯·泰勒著，谢逢蓓译', '2016-10-25 17:06:08', 0),
(440, 21, '0307', '9787539158419', '被宠坏的狗熊', '二十一世纪出版社', '(苏)马·罗吉安诺娃著，王汶译', '2016-10-25 17:06:08', 0),
(441, 21, '0308', '9787539160856', '大自然的谜', '二十一世纪出版社', '(苏)马·兹韦列夫著，王汶译', '2016-10-25 17:06:09', 0),
(442, 21, '0309', '9787539160818', '森林里的猎人', '二十一世纪出版社', '(苏)格·斯克列比茨基著，王汶译', '2016-10-25 17:06:09', 0),
(443, 21, '0310', '9787539158402', '少年博物学家', '二十一世纪出版社', '(苏)格·斯克列比茨基著，王汶译', '2016-10-25 17:06:09', 0),
(444, 21, '0311', '9787539158396', '天然诊疗所', '二十一世纪出版社', '(苏)马·兹韦列夫著，王汶译', '2016-10-25 17:06:09', 0),
(445, 21, '0312', '9787539158389', '自然保护区趣闻', '二十一世纪出版社', '(苏)格·乌斯翩斯基著，王汶译', '2016-10-25 17:06:09', 0),
(446, 21, '0313', '9787535334732', '苍狼', '湖北少年儿童出版社', '金曾豪著', '2016-10-25 17:06:09', 0),
(447, 21, '0314', '9787535331823', '窗下的树皮小屋', '湖北少年儿童出版社', '冰波著', '2016-10-25 17:06:09', 0),
(448, 21, '0315', '9787535334725', '春雨的悄悄话', '湖北少年儿童出版社', '樊发稼著', '2016-10-25 17:06:09', 0),
(449, 21, '0316', '9787535331847', '独船', '湖北少年儿童出版社', '常新港著', '2016-10-25 17:06:09', 0),
(450, 21, '0317', '9787535334695', '飞向人马座', '湖北少年儿童出版社', '郑文光著', '2016-10-25 17:06:09', 0),
(451, 21, '0318', '9787535336712', '欢迎小雨点', '湖北少年儿童出版社', '圣野著', '2016-10-25 17:06:09', 0),
(452, 21, '0319', '9787556021291', '寄小读者', '长江少年儿童出版社', '冰心著', '2016-10-25 17:06:09', 0),
(453, 21, '0320', '9787556021680', '今年你七岁', '长江少年儿童出版社', '刘健屏著', '2016-10-25 17:06:09', 0),
(454, 21, '0321', '9787535331793', '奇异的红星', '湖北少年儿童出版社', '黄庆云著', '2016-10-25 17:06:09', 0),
(455, 21, '0322', '9787556021659', '闪闪的红星', '长江少年儿童出版社', '李心田著', '2016-10-25 17:06:09', 0),
(456, 21, '0323', '9787535334671', '孙悟空在我们村里 ', '湖北少年儿童出版社', '郭风著', '2016-10-25 17:06:09', 0),
(457, 21, '0324', '9787535331939', '推开窗子看见你', '湖北少年儿童出版社', '金波著', '2016-10-25 17:06:09', 0),
(458, 21, '0325', '9787535336736', '我们的母亲叫中国', '湖北少年儿童出版社', '苏叔阳著', '2016-10-25 17:06:09', 0),
(459, 21, '0326', '9787535337078', '我们这个年纪的梦', '湖北少年儿童出版社', '徐鲁著', '2016-10-25 17:06:09', 0),
(460, 21, '0327', '9787556021345', '我喜欢你，狐狸', '长江少年儿童出版社', '高洪波著', '2016-10-25 17:06:09', 0),
(461, 21, '0328', '9787556021611', '我要做好孩子', '长江少年儿童出版社', '黄蓓佳著', '2016-10-25 17:06:09', 0),
(462, 21, '0329', '9787556022229', '小兵张嘎', '长江少年儿童出版社', '徐光耀著', '2016-10-25 17:06:09', 0),
(463, 21, '0330', '9787556021970', '小布头奇遇记', '长江少年儿童出版社', '孙幼军著', '2016-10-25 17:06:09', 0),
(464, 21, '0331', '9787535336682', '小公鸡历险记', '湖北少年儿童出版社', '贺宜著', '2016-10-25 17:06:09', 0),
(465, 21, '0332', '9787535334824', '校园喜剧', '湖北少年儿童出版社', '韩辉光著', '2016-10-25 17:06:09', 0),
(466, 21, '0333', '9787556011384', '一百个中国孩子的梦', '长江少年儿童出版社', '董宏猷著', '2016-10-25 17:06:09', 0),
(467, 21, '0334', '9787556021314', '一只想飞的猫', '长江少年儿童出版社', '陈伯吹著', '2016-10-25 17:06:09', 0),
(468, 21, '0335', '9787535336989', '竹林村的孩子们', '湖北少年儿童出版社', '竹林著', '2016-10-25 17:06:09', 0),
(469, 21, '0336', '9787540235925', '摩天轮', '北京燕山出版社', '(美)罗伯特·罗素著，李旻译', '2016-10-25 17:06:09', 0),
(470, 21, '0337', '9787540235970', '一猫二狗三分亲', '北京燕山出版社', '(英)西拉·伯福德著，肖竟译', '2016-10-25 17:06:09', 0),
(471, 21, '0338', '9787530130582', '草莓山 ', '北京少年儿童出版社', '(美)玛丽·安·霍贝尔曼著，(美)温蒂·霍尔伯林绘，姚媛译', '2016-10-25 17:06:09', 0),
(472, 21, '0339', '9787530130544', '稻草人和他的仆人 ', '北京少年儿童出版社', '(英)菲利普·普曼著，(英)彼得·贝利绘，徐朴译', '2016-10-25 17:06:09', 0),
(473, 21, '0340', '9787530130551', '冬日的蟋蟀 ', '北京少年儿童出版社', '(美)菲利斯·赫尔曼著，(美)罗宾·托马斯绘，李冉译', '2016-10-25 17:06:09', 0),
(474, 21, '0341', '9787530130575', '动物远征队 ', '北京少年儿童出版社', '(英)柯林·丹著，(英)杰奎琳·泰特莫绘，范晓星译', '2016-10-25 17:06:09', 0),
(475, 21, '0342', '9787530138151', '奇妙的意外', '北京少年儿童出版社', '(美)莎伦·克里奇著，高环宇译', '2016-10-25 17:06:09', 0),
(476, 21, '0343', '9787530138137', '我能跳过水洼', '北京少年儿童出版社', '(澳)艾伦·马绍尔著，叶硕译', '2016-10-25 17:06:09', 0),
(477, 21, '0344', '9787530130568', '幸运的坏男孩 ', '北京少年儿童出版社', '(英)莫波格著，福尔曼绘，殷健灵译', '2016-10-25 17:06:09', 0),
(478, 21, '0345', '9787532495689', '爸爸带我去爬树', '少年儿童出版社', '班马著', '2016-10-25 17:06:09', 0),
(479, 21, '0346', '9787532495696', '小孩旅行奇遇记', '少年儿童出版社', '班马著', '2016-10-25 17:06:09', 0),
(480, 21, '0347', '9787535062888', '安的种子', '海燕出版社', '王早早文，黄丽图', '2016-10-25 17:06:09', 0),
(481, 21, '0348', '9787535062901', '青蛙与男孩', '海燕出版社', '萧茅著', '2016-10-25 17:06:09', 0),
(482, 21, '0349', '9787551527323', '贝贝熊系列丛书·亲子时刻图画书——返校的季节', '新疆青少年出版社', '(美)斯坦·博丹，(美)简·博丹绘著，王荔南译', '2016-10-25 17:06:09', 0),
(483, 21, '0350', '9787551527262', '贝贝熊系列丛书·亲子时刻图画书——家务一起干', '新疆青少年出版社', '(美)斯坦·博丹，(美)简·博丹绘著，王荔南译', '2016-10-25 17:06:09', 0),
(484, 21, '0351', '9787551527255', '贝贝熊系列丛书·亲子时刻图画书——今天有点烦', '新疆青少年出版社', '(美)斯坦·博丹，(美)简·博丹绘著，王荔南译', '2016-10-25 17:06:09', 0),
(485, 21, '0352', '9787551527248', '贝贝熊系列丛书·亲子时刻图画书——经典睡前故事集', '新疆青少年出版社', '(美)斯坦·博丹，(美)简·博丹绘著，王荔南译', '2016-10-25 17:06:09', 0),
(486, 21, '0353', '9787551527231', '贝贝熊系列丛书·亲子时刻图画书——开车去兜风', '新疆青少年出版社', '(美)斯坦·博丹，(美)简·博丹绘著，王荔南译', '2016-10-25 17:06:10', 0),
(487, 21, '0354', '9787551527224', '贝贝熊系列丛书·亲子时刻图画书——手拉手，逛商场', '新疆青少年出版社', '(美)斯坦·博丹，(美)简·博丹绘著，王荔南译', '2016-10-25 17:06:10', 0),
(488, 21, '0355', '9787551527316', '贝贝熊系列丛书·亲子时刻图画书——睡前总动员', '新疆青少年出版社', '(美)斯坦·博丹，(美)简·博丹绘著，王荔南译', '2016-10-25 17:06:10', 0),
(489, 21, '0356', '9787505614147', '别了，梧桐树', '连环画出版社', '(美)比尔·皮特文/图，司南译', '2016-10-25 17:06:10', 0),
(490, 21, '0357', '9787505614147', '大坏熊布鲁斯', '连环画出版社', '(美)比尔·皮特文/图，司南译', '2016-10-25 17:06:10', 0),
(491, 21, '0358', '9787505614147', '大角山羊阿布', '连环画出版社', '(美)比尔·皮特文/图，司南译', '2016-10-25 17:06:10', 0),
(492, 21, '0359', '9787505614147', '蚂蚁和大象', '连环画出版社', '(美)比尔·皮特文/图，司南译', '2016-10-25 17:06:10', 0),
(493, 21, '0360', '9787505614147', '逃跑的小车厢', '连环画出版社', '(美)比尔·皮特文/图，司南译', '2016-10-25 17:06:10', 0),
(494, 21, '0361', '9787505614147', '小猪切斯特', '连环画出版社', '(美)比尔·皮特文/图，司南译', '2016-10-25 17:06:10', 0),
(495, 21, '0362', '9787534281181', '小证人', '浙江少年儿童出版社', '韩青辰著', '2016-10-25 17:06:10', 0),
(496, 21, '0363', '9787539770659', '雌雄大盗', '安徽少年儿童出版社', '赵华著', '2016-10-25 17:06:10', 0),
(497, 21, '0364', '9787539770789', '飞猪侠', '安徽少年儿童出版社', '赵菱著', '2016-10-25 17:06:10', 0),
(498, 21, '0365', '9787539770642', '西尚的阿公', '安徽少年儿童出版社', '李碧梅著', '2016-10-25 17:06:10', 0),
(499, 21, '0366', '9787539770666', '艺术家黄想想', '安徽少年儿童出版社', '汪玥含著', '2016-10-25 17:06:10', 0),
(500, 21, '0367', '9787539038193', '芭芭雅嘎奶奶', '江西科学技术出版社', '(美)派翠西亚·波拉蔻文/图，王玲译', '2016-10-25 17:06:10', 0),
(501, 21, '0368', '9787539038193', '雷公糕', '江西科学技术出版社', '(美)派翠西亚·波拉蔻文/图，王玲译', '2016-10-25 17:06:10', 0),
(502, 21, '0369', '9787539038193', '蜜蜂树', '江西科学技术出版社', '(美)派翠西亚·波拉蔻文/图，王玲译', '2016-10-25 17:06:10', 0),
(503, 21, '0370', '9787539038193', '三重溪水坝冒险记', '江西科学技术出版社', '(美)派翠西亚·波拉蔻文/图，王玲译', '2016-10-25 17:06:10', 0),
(504, 21, '0371', '9787539038193', '谢谢您 福柯老师', '江西科学技术出版社', '(美)派翠西亚·波拉蔻文/图，王玲译', '2016-10-25 17:06:10', 0),
(505, 21, '0372', '9787530746233', '不可缺少的水', '新蕾出版社', '(法)弗朗索瓦·米歇尔著，(法)罗贝尔·巴尔波里尼绘，孙瑛译', '2016-10-25 17:06:10', 0),
(506, 21, '0373', '9787530746226', '不可捉摸的火山', '新蕾出版社', '(法)弗朗索瓦·米歇尔著，(法)罗宾绘，徐洁译', '2016-10-25 17:06:10', 0),
(507, 21, '0374', '9787530746219', '打开天空', '新蕾出版社', '(法)米歇尔·米拉·庞斯著，(法)罗贝尔·巴尔波里尼绘，孙瑛译', '2016-10-25 17:06:10', 0),
(508, 21, '0375', '9787530746240', '金钱的力量', '新蕾出版社', '(法)米歇尔·勒·杜克，(法)娜塔莉·道尔芒著，(法)伊万·卡拉尔诺绘，孙瑛译', '2016-10-25 17:06:10', 0),
(509, 21, '0376', '9787530746257', '人类起源的发现之旅', '新蕾出版社', '(法)科莱特·史维恩著，(法)洛伊克·梅埃绘，鲁蕾译', '2016-10-25 17:06:10', 0),
(510, 21, '0377', '9787530746271', '认识自己的身体', '新蕾出版社', '(法)塞尔吉·蒙田那著，(法)皮埃尔·包古森绘，鲁蕾译', '2016-10-25 17:06:10', 0),
(511, 21, '0378', '9787530746264', '食物的魔法', '新蕾出版社', '(法)米歇尔·米拉·庞斯著，(法)玛丽永·布埃绘，鲁蕾译', '2016-10-25 17:06:10', 0),
(512, 21, '0379', '9787530746202', '运动你我他', '新蕾出版社', '(法)贝内迪克·玛第尤，(法)米迪耶·汉波著，(法)奥海连·迪巴绘，鲁蕾译', '2016-10-25 17:06:10', 0),
(513, 21, '0380', '9787539182940', '不老泉', '二十一世纪出版社', '(美)娜塔莉·巴比特文/图，吕明译', '2016-10-25 17:06:10', 0),
(514, 21, '0381', '9787539180168', '银顶针的夏天', '二十一世纪出版社', '(美)伊丽莎白·恩赖特著，贾磊译', '2016-10-25 17:06:10', 0),
(515, 21, '0382', '9787539189437', '时代广场的蟋蟀', '二十一世纪出版社', '(美)乔治·塞尔登，(美)盖斯·威廉姆斯绘，傅湘雯译', '2016-10-25 17:06:10', 0),
(516, 21, '0383', '9787539189444', '丽芙卡的信', '二十一世纪出版社', '(美)凯伦·海瑟著，李棠佳译', '2016-10-25 17:06:10', 0),
(517, 21, '0384', '9787539180113', '阿贝的荒岛', '二十一世纪出版社', '(美)威廉·史塔克著，姚雁青译', '2016-10-25 17:06:10', 0),
(518, 21, '0385', '9787539180229', '怪兽山', '二十一世纪出版社', '(美)娜塔莉·巴比特文/图，魏莉译', '2016-10-25 17:06:10', 0),
(519, 21, '0386', '9787539187549', '妮尔的天空', '二十一世纪出版社', '(美)凯伦·海瑟著，齐婉婷译', '2016-10-25 17:06:10', 0),
(520, 21, '0387', '9787539195285', '真正的贼', '二十一世纪出版社', '(美)威廉·史塔克著，赵静译', '2016-10-25 17:06:10', 0),
(521, 21, '0388', '9787539195483', '沉船的眼睛', '二十一世纪出版社', '(美)娜塔莉·巴比特文/图，吕明，吕维宁译', '2016-10-25 17:06:10', 0),
(522, 21, '0389', '9787539197012', '苏菲的航海日志', '二十一世纪出版社', '(美)莎伦·克里奇著，徐彬译', '2016-10-25 17:06:10', 0),
(523, 21, '0390', '9787539196596', '给孩子们的故事', '二十一世纪出版社', '(美)艾·巴·辛格著，任溶溶译', '2016-10-25 17:06:11', 0),
(524, 21, '0391', '9787539198064', '多米尼克的冒险', '二十一世纪出版社', '(美)威廉·史塔克作，姚雁青译', '2016-10-25 17:06:11', 0),
(525, 21, '0392', '9787539198156', '找寻美味', '二十一世纪出版社', '(美)娜塔莉·巴比特著，贾磊译', '2016-10-25 17:06:11', 0),
(526, 21, '0393', '9787539198071', '当扎卡里来到镇上', '二十一世纪出版社', '(美)金·威·霍尔特著，马爱农译', '2016-10-25 17:06:11', 0),
(527, 21, '0394', '9787539198149', '印第安人的麂皮靴', '二十一世纪出版社', '(美)莎伦·克里奇著，吕良忠译', '2016-10-25 17:06:11', 0),
(528, 21, '0395', '9787539198095', '梅伦迪四姐弟系列1——四姐弟的星期六', '二十一世纪出版社', '(美)伊丽莎白·恩赖特著，王亦兵译', '2016-10-25 17:06:11', 0),
(529, 21, '0396', '9787539198101', '梅伦迪四姐弟系列2——四姐弟的新家', '二十一世纪出版社', '(美)伊丽莎白·恩赖特著，张振成译', '2016-10-25 17:06:11', 0),
(530, 21, '0397', '9787539198118', '梅伦迪四姐弟系列3——四姐弟的新兄弟', '二十一世纪出版社', '(美)伊丽莎白·恩赖特著，王亦兵译', '2016-10-25 17:06:11', 0),
(531, 21, '0398', '9787539198125', '梅伦迪四姐弟系列4——四姐弟连环解谜', '二十一世纪出版社', '(美)伊丽莎白·恩赖特著，张振成译', '2016-10-25 17:06:11', 0),
(532, 21, '0399', '9787539199948', '一只老鼠的传奇', '二十一世纪出版社', '(美)托尔·塞德勒著，(美)弗雷德·马塞利诺绘，孙淇译', '2016-10-25 17:06:11', 0),
(533, 21, '0400', '9787556804160', '路易斯安那的天空', '二十一世纪出版社', '(美)金·威·霍尔特著，王薇译', '2016-10-25 17:06:11', 0),
(534, 21, '0401', '9787556801343', '蟋蟀的骑鸽之旅', '二十一世纪出版社', '(美)乔治·赛尔登著，(美)盖斯·威廉姆斯绘，傅湘雯译', '2016-10-25 17:06:11', 0),
(535, 21, '0402', '9787556804221', '蟋蟀的新家', '二十一世纪出版社', '(美)乔治·赛尔登著，(美)盖斯·威廉姆斯绘，郑岩译', '2016-10-25 17:06:11', 0),
(536, 21, '0403', '9787539198088', '亨利猫和塔克鼠', '二十一世纪出版社', '(美)乔治·赛尔登著，(美)盖斯·威廉姆斯绘，郑岩译', '2016-10-25 17:06:11', 0),
(537, 21, '0404', '9787556804238', '老牧场', '二十一世纪出版社', '(美)乔治·塞尔登著，(美)盖斯·威廉姆斯绘，郑岩译', '2016-10-25 17:06:11', 0),
(538, 21, '0405', '9787556802913', '小机枪手', '二十一世纪出版社', '(英)罗伯特·韦斯托尔著，陈维译', '2016-10-25 17:06:11', 0),
(539, 21, '0406', '9787556804245', '贝拉的儿子', '二十一世纪出版社', '(美)露丝·怀特著，侯晓瑛译', '2016-10-25 17:06:11', 0),
(540, 21, '0407', '9787556804252', '寻找贝拉 ', '二十一世纪出版社', '(美)露丝·怀特著，侯晓瑛译', '2016-10-25 17:06:11', 0),
(541, 21, '0408', '9787556804153', '魔鬼的故事', '二十一世纪出版社', '(美)娜塔莉·巴比特著绘，姚雁青译', '2016-10-25 17:06:11', 0),
(542, 21, '0409', '9787556806263', '萨顿的精灵', '二十一世纪出版社', '(美)乔治·塞尔登著，张宇译', '2016-10-25 17:06:11', 0),
(543, 21, '0410', '9787539135168', '不一样的卡梅拉1——我想去看海', '二十一世纪出版社', '(法)克利斯提昂·约里波瓦文，(法)克利斯提昂·艾利施图，郑迪蔚译', '2016-10-25 17:06:11', 0),
(544, 21, '0411', '9787539135182', '不一样的卡梅拉2——我想有颗星星', '二十一世纪出版社', '(法)克利斯提昂·约里波瓦文，(法)克利斯提昂·艾利施图，郑迪蔚译', '2016-10-25 17:06:11', 0),
(545, 21, '0412', '9787539135175', '不一样的卡梅拉3——我想有个弟弟', '二十一世纪出版社', '(法)克利斯提昂·约里波瓦文，(法)克利斯提昂·艾利施图，郑迪蔚译', '2016-10-25 17:06:11', 0),
(546, 21, '0413', '9787539135151', '不一样的卡梅拉4——我去找回太阳', '二十一世纪出版社', '(法)克利斯提昂·约里波瓦文，(法)克利斯提昂·艾利施图，郑迪蔚译', '2016-10-25 17:06:11', 0),
(547, 21, '0414', '9787539135137', '不一样的卡梅拉5——我爱小黑猫', '二十一世纪出版社', '(法)克利斯提昂·约里波瓦文，(法)克利斯提昂·艾利施图，郑迪蔚译', '2016-10-25 17:06:11', 0),
(548, 21, '0415', '9787539135144', '不一样的卡梅拉6——我能打败怪兽', '二十一世纪出版社', '(法)克利斯提昂·约里波瓦文，(法)克利斯提昂·艾利施图，郑迪蔚译', '2016-10-25 17:06:11', 0),
(549, 21, '0416', '9787539141992', '不一样的卡梅拉7——我要找到朗朗', '二十一世纪出版社', '(法)克利斯提昂·约里波瓦文，(法)克利斯提昂·艾利施图，郑迪蔚译', '2016-10-25 17:06:11', 0),
(550, 21, '0417', '9787539144542', '不一样的卡梅拉8——我不要被吃掉', '二十一世纪出版社', '(法)克利斯提昂·约里波瓦文，(法)克利斯提昂·艾利施图，郑迪蔚译', '2016-10-25 17:06:11', 0),
(551, 21, '0418', '9787539148076', '不一样的卡梅拉9——我好喜欢她', '二十一世纪出版社', '(法)克利斯提昂·约里波瓦文，(法)克利斯提昂·艾利施图，郑迪蔚译', '2016-10-25 17:06:11', 0),
(552, 21, '0419', '9787539155937', '不一样的卡梅拉10——我要救出贝里奥', '二十一世纪出版社', '(法)克利斯提昂·约里波瓦文，(法)克利斯提昂·艾利施图，郑迪蔚译', '2016-10-25 17:06:11', 0),
(553, 21, '0420', '9787539168999', '不一样的卡梅拉11——我不是胆小鬼', '二十一世纪出版社', '(法)克利斯提昂·约里波瓦文，(法)克利斯提昂·艾利施图，郑迪蔚译', '2016-10-25 17:06:11', 0),
(554, 21, '0421', '9787539188607', '不一样的卡梅拉12——我爱平底锅', '二十一世纪出版社', '(法)克利斯提昂·约里波瓦文，(法)克利斯提昂·艾利施图，郑迪蔚译', '2016-10-25 17:06:11', 0),
(555, 21, '0422', '9787556808175', '不一样的卡梅拉13——我唤醒了睡美人', '二十一世纪出版社', '(法)克利斯提昂·约里波瓦文，(法)克利斯提昂·艾利施图，郑迪蔚译', '2016-10-25 17:06:11', 0),
(556, 21, '0423', '9787530448175', '不一样的全景画卷——船的世界', '北京科学技术出版社', '(日)柳原良平著，李秀芬译', '2016-10-25 17:06:11', 0),
(557, 21, '0424', '9787530448199', '不一样的全景画卷——河流的一生', '北京科学技术出版社', '(日)前川一夫著，李秀芬译', '2016-10-25 17:06:11', 0),
(558, 21, '0425', '9787530448168', '不一样的全景画卷——恐龙之谷', '北京科学技术出版社', '(日)黑川光广著，李秀芬译', '2016-10-25 17:06:11', 0),
(559, 21, '0426', '9787530448182', '不一样的全景画卷——悠然动物园', '北京科学技术出版社', '(日)多田宽著，李秀芬译', '2016-10-25 17:06:11', 0),
(560, 21, '0427', '9787545600865', '希利尔讲世界地理', '贵州教育出版社', '(美)希利尔著，王敏译', '2016-10-25 17:06:11', 0),
(561, 21, '0428', '9787545600858', '希利尔讲世界史', '贵州教育出版社', '(美)希利尔著，陈继华，刘娟译', '2016-10-25 17:06:12', 0),
(562, 21, '0429', '9787545600841', '希利尔讲艺术史', '贵州教育出版社', '(美)希利尔著，李爽，朱玲译', '2016-10-25 17:06:12', 0),
(563, 21, '0430', '9787533267742', '我叫爱因斯坦', '明天出版社', '(西)尤伊斯·古科塔著，(西)古斯塔夫·罗丹绘，黄楠译', '2016-10-25 17:06:12', 0),
(564, 21, '0431', '9787533267810', '我叫毕加索', '明天出版社', '(西)埃娃·巴尔加略著，(西)比奥雷塔·蒙雷亚尔绘，吴黎明，吴江译', '2016-10-25 17:06:12', 0),
(565, 21, '0432', '9787533267889', '我叫达·芬奇', '明天出版社', '(西)安东尼奥·特罗著，(西)约哈娜·博卡尔多绘，薛苗译', '2016-10-25 17:06:12', 0),
(566, 21, '0433', '9787533267759', '我叫凡尔纳', '明天出版社', '(西)霍尔蒂·卡布勒著，(西)维克多·厄斯坎德尔绘，黄楠译', '2016-10-25 17:06:12', 0),
(567, 21, '0434', '9787533267827', '我叫梵高', '明天出版社', '(西)卡尔梅·马丁著，(西)吕贝卡·鲁西阿尼绘，黄楠译', '2016-10-25 17:06:12', 0),
(568, 21, '0435', '9787533267674', '我叫玛丽·居里', '明天出版社', '(西)尤伊斯·古科塔著，(西)路易莎·维拉绘，黄楠译', '2016-10-25 17:06:12', 0),
(569, 21, '0436', '9787533267766', '我叫莫扎特', '明天出版社', '(西)梅里特塞尔·马蒂著，(西)哈维尔·萨洛莫绘，吴黎明，吴江译', '2016-10-25 17:06:12', 0),
(570, 21, '0437', '9787533267803', '我叫塞万提斯', '明天出版社', '(西)安东尼奥·特约著，(西)奥斯卡·胡尔维绘，杨徳玲译 ', '2016-10-25 17:06:12', 0),
(571, 21, '0438', '9787533267773', '我叫莎士比亚', '明天出版社', '(西)费兰·亚里山地著，(西)比奥雷塔·蒙雷亚尔绘，曹韦译', '2016-10-25 17:06:12', 0),
(572, 21, '0439', '9787533267681', '我叫圣·埃克苏佩里', '明天出版社', '(西)梅里克塞尔·马蒂著，(西)巴伦蒂·古皮亚纳斯绘，龙敏利译', '2016-10-25 17:06:12', 0),
(573, 21, '0440', '9787539173498', '我和小姐姐克拉拉', '二十一世纪出版社', '(德)迪米特尔·茵可夫著，陈俊译', '2016-10-25 17:06:12', 0),
(574, 21, '0441', '9787539125466', '爱心企鹅', '二十一世纪出版社', '(德)克里斯蒂安·贝尔格著，邱萍译', '2016-10-25 17:06:12', 0),
(575, 21, '0442', '9787539121123', '本爱安娜', '二十一世纪出版社', '(德)彼特·赫尔特林著，陈俊译', '2016-10-25 17:06:12', 0),
(576, 21, '0443', '9787539121116', '德国，一群老鼠的童话', '二十一世纪出版社', '(德)维里·费尔曼著，陈俊译', '2016-10-25 17:06:12', 0),
(577, 21, '0444', '9787539130163', '公猫拿破仑', '二十一世纪出版社', '(德)克里斯蒂安·瓦卢舍克著，陈良梅译', '2016-10-25 17:06:12', 0),
(578, 21, '0445', '9787539121130', '火鞋与风鞋', '二十一世纪出版社', '(德)乌尔苏娜·韦尔芙尔著，陈俊译', '2016-10-25 17:06:12', 0),
(579, 21, '0446', '9787539130187', '兰心的秘密', '二十一世纪出版社', '(德)米切尔·恩德著，陈俊译', '2016-10-25 17:06:12', 0),
(580, 21, '0447', '9787539125442', '跑猪噜噜', '二十一世纪出版社', '(德)乌韦·狄姆著，陈俊译', '2016-10-25 17:06:12', 0),
(581, 21, '0448', '9787539120997', '人鸦', '二十一世纪出版社', '(奥)埃迪特·施莱伯尔·维克著，陈俊译', '2016-10-25 17:06:12', 0),
(582, 21, '0449', '9787539125459', '文身狗', '二十一世纪出版社', '(德)保罗.马尔著，陈俊译', '2016-10-25 17:06:12', 0),
(583, 21, '0450', '9787539130217', '香草女巫', '二十一世纪出版社', '(瑞士)艾弗琳娜·哈斯勒著，陈俊译', '2016-10-25 17:06:12', 0),
(584, 21, '0451', '9787539130194', '小鬼儿', '二十一世纪出版社', '(德)沃尔夫冈·荷尔拜茵，(德)海依克·荷尔拜茵著，周佳音，王燕生译', '2016-10-25 17:06:12', 0),
(585, 21, '0452', '9787539130224', '小女巫', '二十一世纪出版社', '(德)奥得弗雷德·普鲁士勒著，张捷鸿译', '2016-10-25 17:06:12', 0),
(586, 21, '0453', '9787539130248', '小水精', '二十一世纪出版社', '(德)奥得弗雷德·普鲁士勒著，任庆莉，蔡鸿君译', '2016-10-25 17:06:12', 0),
(587, 21, '0454', '9787539130231', '小幽灵', '二十一世纪出版社', '(德)奥得弗雷德·普鲁士勒著，吴裕康译', '2016-10-25 17:06:12', 0),
(588, 21, '0455', '9787539137827', '出走的泰奥', '二十一世纪出版社', '(德)彼特·赫尔特林著，陈俊译', '2016-10-25 17:06:12', 0),
(589, 21, '0456', '9787539137803', '火车老鼠', '二十一世纪出版社', '(德)乌韦·狄姆著，陈俊译', '2016-10-25 17:06:12', 0),
(590, 21, '0457', '9787539130200', '妈妈走了', '二十一世纪出版社', '(德)克里斯托弗·海茵著，陈俊译', '2016-10-25 17:06:12', 0),
(591, 21, '0458', '9787539137797', '汪汪先生', '二十一世纪出版社', '(德)保罗·马尔著，陈俊译', '2016-10-25 17:06:12', 0),
(592, 21, '0459', '9787539155043', '奔跑的女孩', '二十一世纪出版社', '彭学军著，吴雅蒂插画', '2016-10-25 17:06:12', 0),
(593, 21, '0460', '9787539147949', '草地牧羊犬', '二十一世纪出版社', '格日勒其木格·黑鹤著', '2016-10-25 17:06:12', 0),
(594, 21, '0461', '9787539181677', '大声公', '二十一世纪出版社', '李潼著，田菾插画', '2016-10-25 17:06:12', 0),
(595, 21, '0462', '9787539181684', '冬天里的小号', '二十一世纪出版社', '翌平著，蔡明亮插画', '2016-10-25 17:06:12', 0),
(596, 21, '0463', '9787539147956', '阁楼上的精灵', '二十一世纪出版社', '汤素兰著', '2016-10-25 17:06:13', 0),
(597, 21, '0464', '9787539178011', '谷子遇见豆子', '二十一世纪出版社', '汤汤著，吴雅蒂插画', '2016-10-25 17:06:13', 0),
(598, 21, '0465', '9787539182902', '红猫', '二十一世纪出版社', '张品成著，陈兴兴插画', '2016-10-25 17:06:13', 0),
(599, 21, '0466', '9787539176925', '开出租的狐小小', '二十一世纪出版社', '葛冰著，马玉插画', '2016-10-25 17:06:13', 0),
(600, 21, '0467', '9787539159911', '你是我的妹', '二十一世纪出版社', '彭学军著，彭婷插画', '2016-10-25 17:06:13', 0),
(601, 21, '0468', '9787539146966', '弯弯', '二十一世纪出版社', '张之路著，吴雅蒂插画', '2016-10-25 17:06:13', 0),
(602, 21, '0469', '9787539151274', '我是白痴', '二十一世纪出版社', '王淑芬著，彭婷插图', '2016-10-25 17:06:13', 0),
(603, 21, '0470', '9787539155074', '乌凤和赤莲', '二十一世纪出版社', '沈石溪著，马玉插画', '2016-10-25 17:06:13', 0),
(604, 21, '0471', '9787539155050', '想当海盗的兔子', '二十一世纪出版社', '张秋生著，彭婷插画', '2016-10-25 17:06:13', 0),
(605, 21, '0472', '9787539159928', '小绿人', '二十一世纪出版社', '班马著，沙海涛插画', '2016-10-25 17:06:13', 0),
(606, 21, '0473', '9787501605064', '细米', '天天出版社', '曹文轩著', '2016-10-25 17:06:13', 0),
(607, 21, '0474', '9787544825597', '查理与劳拉——说茄子！', '接力出版社', '(英)罗伦·乔尔德著，杨玲玲，彭懿译', '2016-10-25 17:06:13', 0),
(608, 21, '0475', '9787544829540', '查理与劳拉——天哪！但那不是我干的', '接力出版社', '(英)罗伦·乔尔德著，漪然译', '2016-10-25 17:06:13', 0),
(609, 21, '0476', '9787544829595', '查理与劳拉——喂！等一下，那是我的书', '接力出版社', '(英)罗伦·乔尔德著，漪然译', '2016-10-25 17:06:13', 0),
(610, 21, '0477', '9787544829526', '查理与劳拉——我不困，我不想睡觉', '接力出版社', '(英)罗伦·乔尔德著，涂明求译', '2016-10-25 17:06:13', 0),
(611, 21, '0478', '9787544829489', '查理与劳拉——我会非常非常小心的', '接力出版社', '(英)罗伦·乔尔德著，小皮译', '2016-10-25 17:06:13', 0),
(612, 21, '0479', '9787544825580', '查理与劳拉——我绝对绝对不吃番茄', '接力出版社', '(英)罗伦·乔尔德著，冯臻译', '2016-10-25 17:06:13', 0),
(613, 21, '0480', '9787544829557', '查理与劳拉——我们真的能照看好你的狗', '接力出版社', '(英)罗伦·乔尔德著，漪然译', '2016-10-25 17:06:13', 0),
(614, 21, '0481', '9787544829533', '查理与劳拉——我那颗摇晃的牙齿绝对绝对不能掉', '接力出版社', '(英)罗伦·乔尔德著，漪然译', '2016-10-25 17:06:13', 0),
(615, 21, '0482', '9787544829519', '查理与劳拉——我太小，我不能上学', '接力出版社', '(英)罗伦·乔尔德著，艾斯苔尔译', '2016-10-25 17:06:13', 0),
(616, 21, '0483', '9787544829496', '查理与劳拉——我特别了解豚鼠', '接力出版社', '(英)罗伦·乔尔德著，小皮译', '2016-10-25 17:06:13', 0),
(617, 21, '0484', '9787544829571', '查理与劳拉——我真的真的好难受', '接力出版社', '(英)罗伦·乔尔德著，杨玲玲，彭懿译', '2016-10-25 17:06:13', 0),
(618, 21, '0485', '9787544829564', '查理与劳拉——我最最喜欢雪了', '接力出版社', '(英)罗伦·乔尔德著，杨玲玲，彭懿译', '2016-10-25 17:06:13', 0),
(619, 21, '0486', '9787544829465', '查理与劳拉——照顾好你的星球', '接力出版社', '(英)罗伦·乔尔德著，小皮译', '2016-10-25 17:06:13', 0),
(620, 21, '0487', '9787544829472', '查理与劳拉——这应该是我的生日会', '接力出版社', '(英)罗伦·乔尔德著，小皮译', '2016-10-25 17:06:13', 0),
(621, 21, '0488', '9787530460016', '虎王子', '北京科学技术出版社', '(法)陈江洪著', '2016-10-25 17:06:13', 0),
(622, 21, '0489', '9787530460009', '神马', '北京科学技术出版社', '(法)陈江洪著', '2016-10-25 17:06:13', 0),
(623, 21, '0490', '9787537653312', '成长的要素——爱学习', '河北少年儿童出版社', '(美)帕米拉·埃斯普兰德，(美)伊丽莎白·弗迪克著，武凤君译', '2016-10-25 17:06:13', 0),
(624, 21, '0491', '9787537653404', '成长的要素——关心你的人', '河北少年儿童出版社', '(美)帕米拉·埃斯普兰德，(美)伊丽莎白·弗迪克著，武凤君译', '2016-10-25 17:06:13', 0),
(625, 21, '0492', '9787537653299', '成长的要素——积极行动·勿忘安全', '河北少年儿童出版社', '(美)帕米拉·埃斯普兰德，(美)伊丽莎白·弗迪克著，李江艳，王万涌译', '2016-10-25 17:06:13', 0),
(626, 21, '0493', '9787537653282', '成长的要素——明辨是非', '河北少年儿童出版社', '(美)帕米拉·埃斯普兰德，(美)伊丽莎白·弗迪克著，李江艳，王万涌译', '2016-10-25 17:06:13', 0),
(627, 21, '0494', '9787537652957', '成长的要素——巧休闲', '河北少年儿童出版社', '(美)帕米拉·埃斯普兰德，(美)伊丽莎白·弗迪克著，武凤君译', '2016-10-25 17:06:13', 0),
(628, 21, '0495', '9787537653411', '成长的要素——为自己而骄傲', '河北少年儿童出版社', '(美)帕米拉·埃斯普兰德，(美)伊丽莎白·弗迪克著，李江艳，王万涌译', '2016-10-25 17:06:13', 0),
(629, 21, '0496', '9787537652940', '成长的要素——做到最好', '河北少年儿童出版社', '(美)帕米拉·埃斯普兰德，(美)伊丽莎白·弗迪克著，武凤君译', '2016-10-25 17:06:13', 0),
(630, 21, '0497', '9787537653305', '成长的要素——做对选择·交对朋友', '河北少年儿童出版社', '(美)帕米拉·埃斯普兰德，(美)伊丽莎白·弗迪克著，李江艳，王万涌译', '2016-10-25 17:06:13', 0),
(631, 21, '0498', '9787530760031', '九月的冰河', '新蕾出版社', '薛涛著', '2016-10-25 17:06:13', 0),
(632, 21, '0499', '9787560061368', '聪明豆绘本.第二辑——火龙爸爸戒烟记', '外语教学与研究出版社', '(英)简·克拉克文，(英)本·科特图，金波审译', '2016-10-25 17:06:13', 0),
(633, 21, '0500', '9787560061399', '聪明豆绘本.第二辑——乱七八糟的变色龙', '外语教学与研究出版社', '(英)妮古拉·格兰特文，(英)迈克尔·特里图，金波审译', '2016-10-25 17:06:14', 0),
(634, 21, '0501', '9787560061382', '聪明豆绘本.第二辑——猫头鹰喔喔呼！', '外语教学与研究出版社', '(英)米克·曼宁文，(瑞典)布里塔·格兰斯特伦绘，金波审译', '2016-10-25 17:06:14', 0),
(635, 21, '0502', '9787560061337', '聪明豆绘本.第二辑——忘了说我爱你', '外语教学与研究出版社', '(英)米丽娅姆·莫斯著，(英)安娜·柯里绘，金波审译', '2016-10-25 17:06:14', 0),
(636, 21, '0503', '9787560061344', '聪明豆绘本.第二辑——我永远爱你', '外语教学与研究出版社', '(英)牡丹·刘易斯文，(英)彭妮·艾夫斯图，金波审译', '2016-10-25 17:06:14', 0),
(637, 21, '0504', '9787560061313', '聪明豆绘本.第二辑——小熊孵蛋', '外语教学与研究出版社', '(英)朱莉娅·罗林森文，(英)简·马西图，金波审译', '2016-10-25 17:06:14', 0),
(638, 21, '0505', '9787560061375', '聪明豆绘本.第二辑——小猪变形记', '外语教学与研究出版社', '(英)本·科特文/图，金波审译', '2016-10-25 17:06:14', 0),
(639, 21, '0506', '9787513536424', '聪明豆绘本.珍藏版——城里最漂亮的巨人', '外语教学与研究出版社', '(英)朱莉娅·唐纳森著，(德)阿克塞尔·舍夫勒绘，任溶溶译', '2016-10-25 17:06:14', 0),
(640, 21, '0507', '9787513536462', '聪明豆绘本.珍藏版——女巫扫帚排排坐', '外语教学与研究出版社', '(英)朱莉娅·唐纳森著，(德)阿克塞尔·舍夫勒绘，任溶溶译', '2016-10-25 17:06:14', 0),
(641, 21, '0508', '9787513536479', '聪明豆绘本.珍藏版——小房子变大房子', '外语教学与研究出版社', '(英)朱莉娅·唐纳森著，(德)阿克塞尔·舍夫勒绘，任溶溶译', '2016-10-25 17:06:14', 0),
(642, 21, '0509', '9787513536455', '聪明豆绘本.珍藏版——小海螺和大鲸鱼', '外语教学与研究出版社', '(英)朱莉娅·唐纳森著，(德)阿克塞尔·舍夫勒绘，任溶溶译', '2016-10-25 17:06:14', 0),
(643, 21, '0510', '9787544836821', '爱讲故事的小鱼儿', '接力出版社', '(英)朱莉娅·唐纳森著，(德)阿克塞尔·舍夫勒绘，范晓星译', '2016-10-25 17:06:14', 0),
(644, 21, '0511', '9787544833783', '老虎来喝下午茶', '接力出版社', '(英)朱迪斯·克尔著，彭懿，杨玲玲译', '2016-10-25 17:06:14', 0),
(645, 21, '0512', '9787544836050', '老虎先生来撒野', '接力出版社', '(美)彼得·布朗著，彭懿，杨玲玲译', '2016-10-25 17:06:14', 0),
(646, 21, '0513', '9787544834520', '吃书的孩子', '接力出版社', '(英)奥利弗·杰夫斯著，杨玲玲，彭懿译', '2016-10-25 17:06:14', 0),
(647, 21, '0514', '9787513518284', '不能没有你', '外语教学与研究出版社', '(加)娜恩·格雷戈里文，(加)罗恩·莱特伯恩图，筱喆译', '2016-10-25 17:06:14', 0),
(648, 21, '0515', '9787513515436', '池塘里的小魔乖', '外语教学与研究出版社', '(英)珍妮·威利斯文，(英)格温·米尔沃德图，杨学义译', '2016-10-25 17:06:14', 0),
(649, 21, '0516', '9787513515412', '精灵小王子', '外语教学与研究出版社', '(英)珍妮·威利斯文，(英)格温·米尔沃德图，宋杰青译', '2016-10-25 17:06:14', 0),
(650, 21, '0517', '9787513515429', '明明是大象', '外语教学与研究出版社', '(英)布鲁斯·鲁宾逊文，(英)索菲·温德姆图，宋杰青译', '2016-10-25 17:06:14', 0),
(651, 21, '0518', '9787513518291', '玩具匠人和小鸟', '外语教学与研究出版社', '(澳)帕梅拉·艾伦文/图，熊宇译', '2016-10-25 17:06:14', 0),
(652, 21, '0519', '9787513515443', '一首能治愈鱼的诗', '外语教学与研究出版社', '(法)尚·皮耶·希迈昂文，(法)奥利弗·塔里克图，武娟译', '2016-10-25 17:06:14', 0),
(653, 21, '0520', '9787513527088', '动物园里的黑豹', '外语教学与研究出版社', '(德)马丁·卡劳文，(德)卡特雅·威那图，筱喆译', '2016-10-25 17:06:14', 0),
(654, 21, '0521', '9787513527095', '动物园之旅', '外语教学与研究出版社', '(法)让-弗朗索瓦·迪蒙文/图，丁玉翠译', '2016-10-25 17:06:14', 0),
(655, 21, '0522', '9787513527101', '我要吃掉你', '外语教学与研究出版社', '(英)约翰·法德韦尔文/图，筱喆译', '2016-10-25 17:06:14', 0),
(656, 21, '0523', '9787513527118', '勇敢的心', '外语教学与研究出版社', '(美)罗伯特·布莱克文/图，陈红杰译', '2016-10-25 17:06:14', 0),
(657, 21, '0524', '9787513527125', '遇见冒险岛', '外语教学与研究出版社', '(英)蒂莫西·纳普曼文，(英)萨拉·沃伯顿图，杨雯瑞译', '2016-10-25 17:06:14', 0),
(658, 21, '0525', '9787513527132', '阅读树', '外语教学与研究出版社', '(法)迪代·莱维文，(意)蒂兹亚娜·罗曼南图，丁玉翠译', '2016-10-25 17:06:14', 0),
(659, 21, '0526', '9787513533003', '大海里的小岛', '外语教学与研究出版社', '(法)里夏尔·莫尔莱著，(法)弗朗索瓦·苏帝夫绘，许巧巧译', '2016-10-25 17:06:14', 0),
(660, 21, '0527', '9787513532990', '孔雀和蜂鸟', '外语教学与研究出版社', '(法)安德烈·德昂著/绘，小游译', '2016-10-25 17:06:14', 0),
(661, 21, '0528', '9787513532983', '幸运先生和不幸女士', '外语教学与研究出版社', '(德)安东尼·施奈德著，(德)苏珊·斯特拉波尔绘，李沁怡译', '2016-10-25 17:06:14', 0),
(662, 21, '0529', '9787513542982', '狮子不吃宠物食品', '外语教学与研究出版社', '(法)安德烈·布夏尔著/绘，许巧巧译', '2016-10-25 17:06:14', 0),
(663, 21, '0530', '9787513542999', '音乐牛索菲亚', '外语教学与研究出版社', '(法)若弗鲁瓦·德·帕纳特著/绘，邵磊译', '2016-10-25 17:06:14', 0),
(664, 21, '0531', '9787513542975', '音乐树', '外语教学与研究出版社', '(法)安德烈·德昂著/绘，小游译', '2016-10-25 17:06:14', 0),
(665, 21, '0532', '9787513543002', '最亲爱的朋友', '外语教学与研究出版社', '(法)安德烈·德昂著/绘，小游译', '2016-10-25 17:06:14', 0),
(666, 21, '0533', '9787513560818', '带着月亮去散步', '外语教学与研究出版社', '(英)卡罗琳·克缇斯著，(英)艾莉森·简绘，柳漾译', '2016-10-25 17:06:14', 0),
(667, 21, '0534', '9787513560832', '回归蔚蓝', '外语教学与研究出版社', '(英)艾莉森·简著/绘，柳漾译', '2016-10-25 17:06:14', 0),
(668, 21, '0535', '9787543489929', '大脚丫系列——大脚丫和玻璃鞋', '河北教育出版社', '(美)埃米·扬文/图，柯倩华译', '2016-10-25 17:06:14', 0),
(669, 21, '0536', '9787543464544', '大脚丫系列——大脚丫跳芭蕾', '河北教育出版社', '(美)埃米·扬文/图，柯倩华译', '2016-10-25 17:06:14', 0),
(670, 21, '0537', '9787543489943', '大脚丫系列——大脚丫学芭蕾', '河北教育出版社', '(美)埃米·扬文/图，柯倩华译', '2016-10-25 17:06:14', 0),
(671, 21, '0538', '9787543489950', '大脚丫系列——大脚丫游巴黎', '河北教育出版社', '(美)埃米·扬文/图，柯倩华译', '2016-10-25 17:06:14', 0),
(672, 21, '0539', '9787544754330', '龙与蝴蝶和其他故事', '译林出版社', '(意)伊塔洛·卡尔维诺文，(意)法比安·奈格林图，马小漠译', '2016-10-25 17:06:14', 0),
(673, 21, '0540', '9787544754347', '森林 树根 迷宫', '译林出版社', '(意)伊塔洛·卡尔维诺文，(圣马)妮可莱塔·切科里图，马小漠译', '2016-10-25 17:06:14', 0),
(674, 21, '0541', '9787544742719', '生气的画画', '译林出版社', '(意)伊塔洛·卡尔维诺文，(意)茱莉娅·奥莱齐亚图，马小漠译', '2016-10-25 17:06:14', 0),
(675, 21, '0542', '9787544828161', '了不起的大盗奶奶', '接力出版社', '(英)大卫·威廉姆斯著，(英)托尼·罗斯绘，徐匡译', '2016-10-25 17:06:14', 0),
(676, 21, '0543', '9787544828147', '臭臭先生', '接力出版社', '(英)大卫·威廉姆斯著，(英)昆廷·布莱克绘，马志彦译', '2016-10-25 17:06:14', 0),
(677, 21, '0544', '9787544828468', '钱堆里的男孩', '接力出版社', '(英)大卫·威廉姆斯著，(英)托尼·罗斯绘，徐匡译', '2016-10-25 17:06:15', 0),
(678, 21, '0545', '9787544828154', '穿裙子的小男子汉', '接力出版社', '(英)大卫·威廉姆斯著，(英)昆廷·布莱克绘，马志彦译', '2016-10-25 17:06:15', 0),
(679, 21, '0546', '9787530758151', '大熊道格拉斯系列——别担心，道格拉斯', '新蕾出版社', '(英)大卫·梅林著绘，王林译', '2016-10-25 17:06:15', 0),
(680, 21, '0547', '9787530758144', '大熊道格拉斯系列——道格拉斯睡哪了', '新蕾出版社', '(英)大卫·梅林著绘，王林译', '2016-10-25 17:06:15', 0),
(681, 21, '0548', '9787530758168', '大熊道格拉斯系列——道格拉斯要抱抱', '新蕾出版社', '(英)大卫·梅林著绘，王林译', '2016-10-25 17:06:15', 0),
(682, 21, '0549', '9787530761076', '大熊道格拉斯系列——生日快乐，道格拉斯', '新蕾出版社', '(英)大卫·梅林著绘，王林译', '2016-10-25 17:06:15', 0),
(683, 21, '0550', '9787530758137', '大熊道格拉斯系列——我们爱你，道格拉斯', '新蕾出版社', '(英)大卫·梅林著绘，王林译', '2016-10-25 17:06:15', 0),
(684, 21, '0551', '9787530476253', '丰收的农场', '北京科学技术出版社', '(德)诺贝尔·戈卢赫著，(德)赫尔穆特·科拉斯绘，次晓芳译', '2016-10-25 17:06:15', 0),
(685, 21, '0552', '9787530476284', '快捷的铁路', '北京科学技术出版社', '(德)诺贝尔·戈卢赫著，(德)赫尔穆特·科拉斯绘，张怡译', '2016-10-25 17:06:15', 0),
(686, 21, '0553', '9787530476291', '紧张的医院', '北京科学技术出版社', '(德)诺贝尔·戈卢赫著，(德)赫尔穆特·科拉斯绘，王晓芳译', '2016-10-25 17:06:15', 0),
(687, 21, '0554', '9787530476314', '神勇的消防队', '北京科学技术出版社', '(德)诺贝尔·戈卢赫著，(德)赫尔穆特·科拉斯绘，王晓芳译', '2016-10-25 17:06:15', 0),
(688, 21, '0555', '9787530476321', '繁忙的机场', '北京科学技术出版社', '(德)诺贝尔·戈卢赫著，(德)赫尔穆特·科拉斯绘，次晓芳译', '2016-10-25 17:06:15', 0),
(689, 21, '0556', '9787530476338', '快乐的汽车修理厂', '北京科学技术出版社', '(德)诺贝尔·戈卢赫著，(德)赫尔穆特·科拉斯绘，王晓芳译', '2016-10-25 17:06:15', 0),
(690, 21, '0557', '9787530476260', '热闹的港口', '北京科学技术出版社', '(德)诺贝尔·戈卢赫著，(德)赫尔穆特·科拉斯绘，侯素琴译', '2016-10-25 17:06:15', 0),
(691, 21, '0558', '9787530476277', '神秘的太空', '北京科学技术出版社', '(德)诺贝尔·戈卢赫著，(德)赫尔穆特·科拉斯绘，张怡译', '2016-10-25 17:06:15', 0),
(692, 21, '0559', '9787530476307', '威严的警察', '北京科学技术出版社', '(德)诺贝尔·戈卢赫著，(德)赫尔穆特·科拉斯绘，王晓芳译', '2016-10-25 17:06:15', 0),
(693, 21, '0560', '9787530476345', '壮观的建筑工地', '北京科学技术出版社', '(德)诺贝尔·戈卢赫著，(德)赫尔穆特·科拉斯绘，张怡译', '2016-10-25 17:06:15', 0),
(694, 21, '0561', '9787539179810', '大中华寻宝系列——1.上海寻宝记', '二十一世纪出版社', '孙家裕编创，邬城琪编剧，欧昱荣漫画', '2016-10-25 17:06:15', 0),
(695, 21, '0562', '9787539179834', '大中华寻宝系列——2.北京寻宝记', '二十一世纪出版社', '孙家裕编创，邬城琪编剧，尚嘉鹏漫画', '2016-10-25 17:06:15', 0),
(696, 21, '0563', '9787539179803', '大中华寻宝系列——3.天津寻宝记', '二十一世纪出版社', '孙家裕编创，邬城琪编剧，欧昱荣漫画', '2016-10-25 17:06:15', 0),
(697, 21, '0564', '9787539179827', '大中华寻宝系列——4.重庆寻宝记', '二十一世纪出版社', '孙家裕编创，邬城琪编剧，尚嘉鹏漫画', '2016-10-25 17:06:15', 0),
(698, 21, '0565', '9787539183404', '大中华寻宝系列——5.山东寻宝记', '二十一世纪出版社', '孙家裕编创/编剧，欧昱荣漫画', '2016-10-25 17:06:15', 0),
(699, 21, '0566', '9787533265021', '出卖笑的孩子', '明天出版社', '(德)詹姆斯·克吕斯著，李军帅绘，李墉灿译', '2016-10-25 17:06:15', 0),
(700, 21, '0567', '9787533265014', '蒂姆·塔勒的玩具娃娃', '明天出版社', '(德)詹姆斯·克吕斯著，(德)西比勒·海因绘，朱刘华译', '2016-10-25 17:06:15', 0),
(701, 21, '0568', '9787533264994', '绿鲸酒馆', '明天出版社', '(德)詹姆斯·克吕斯著，(德)赫克·科克绘，朱利华译', '2016-10-25 17:06:15', 0),
(702, 21, '0569', '9787533265007', '圣诞鹦鹉', '明天出版社', '(德)詹姆斯·克吕斯著，(德)斯特芳妮·沙恩贝格绘，朱刘华译', '2016-10-25 17:06:15', 0),
(703, 21, '0570', '9787533265038', '我和我的曾外公', '明天出版社', '(德)詹姆斯·克吕斯著，(德)约亨·巴茨奇绘，朱刘华译', '2016-10-25 17:06:15', 0),
(704, 21, '0571', '9787221102676', '满山打鬼子', '贵州人民出版社', '薛涛著', '2016-10-25 17:06:15', 0),
(705, 21, '0572', '9787539177281', '察活草原的食人者', '二十一世纪出版社', '(德)维托斯·德吕舍尔著，陈俊译', '2016-10-25 17:06:15', 0),
(706, 21, '0573', '9787539177328', '动物王国的权力游戏', '二十一世纪出版社', '(德)维托斯·德吕舍尔著，刘海宁，郜世红译', '2016-10-25 17:06:15', 0),
(707, 21, '0574', '9787539177335', '六大洲动物考察记', '二十一世纪出版社', '(德)维托斯·德吕舍尔著，吴永初译', '2016-10-25 17:06:15', 0),
(708, 21, '0575', '9787539177311', '与狼共嚎', '二十一世纪出版社', '(德)维托斯·德吕舍尔著，陈俊译', '2016-10-25 17:06:15', 0),
(709, 21, '0576', '9787539177304', '遭遇雄狮', '二十一世纪出版社', '(德)维托斯·德吕舍尔著，郭颖杰译', '2016-10-25 17:06:15', 0),
(710, 21, '0577', '9787539177298', '抓条鳄鱼当早餐', '二十一世纪出版社', '(德)维托斯·德吕舍尔著，陈俊译', '2016-10-25 17:06:15', 0),
(711, 21, '0578', '9787530753347', '聪明的鸭子', '新蕾出版社', '(英)迪克·金-史密斯著，(英)迈克·特里绘，吕培明，蒋丹译', '2016-10-25 17:06:15', 0),
(712, 21, '0579', '9787530753354', '狗脚丫戴格', '新蕾出版社', '(英)迪克·金-史密斯著，(英)玛丽·雷纳绘，吕培明，姜蕾译', '2016-10-25 17:06:15', 0),
(713, 21, '0580', '9787530753316', '哈莉特的野兔', '新蕾出版社', '(英)迪克·金-史密斯著，游峻轩绘，吕培明，厉凌哲译', '2016-10-25 17:06:15', 0),
(714, 21, '0581', '9787530753323', '马丁猫的宠物鼠', '新蕾出版社', '(英)迪克·金-史密斯著，陈盈帆绘，陈欣妍译', '2016-10-25 17:06:15', 0),
(715, 21, '0582', '9787530753293', '牧羊猪', '新蕾出版社', '(英)迪克·金-史密斯著，仙笔绘，王雪莹译', '2016-10-25 17:06:15', 0),
(716, 21, '0583', '9787530753361', '深水传奇', '新蕾出版社', '(英)迪克·金-史密斯著，(英)大卫·帕金斯绘，张冰梅译', '2016-10-25 17:06:15', 0),
(717, 21, '0584', '9787530753309', '小金鹅乐乐', '新蕾出版社', '(英)迪克·金-史密斯著，陈盈帆绘，杨亚尼，张晶晶译', '2016-10-25 17:06:15', 0),
(718, 21, '0585', '9787530753286', '校鼠弗罗拉', '新蕾出版社', '(英)迪克·金-史密斯著，陈盈帆绘，吕培明，姜蕾译', '2016-10-25 17:06:16', 0),
(719, 21, '0586', '9787530753262', '隐形狗', '新蕾出版社', '(英)迪克·金-史密斯著，魏茗译', '2016-10-25 17:06:16', 0),
(720, 21, '0587', '9787530753330', '有趣的弗兰克', '新蕾出版社', '(英)迪克·金-史密斯著，(英)约翰·伊斯特伍德绘，马琳琳译', '2016-10-25 17:06:16', 0),
(721, 21, '0588', '9787530755143', '艾米莉的腿', '新蕾出版社', '(英)迪克·金-史密斯著，马琳琳译', '2016-10-25 17:06:16', 0),
(722, 21, '0589', '9787530755037', '爱咆哮的守卫狗', '新蕾出版社', '(英)迪克·金-史密斯著，马崧译译', '2016-10-25 17:06:16', 0),
(723, 21, '0590', '9787530755136', '都是因为杰克逊', '新蕾出版社', '(英)迪克·金-史密斯著，张冰梅译', '2016-10-25 17:06:16', 0),
(724, 21, '0591', '9787530755044', '马肉馅饼', '新蕾出版社', '(英)迪克·金-史密斯著，张玲译', '2016-10-25 17:06:16', 0);
INSERT INTO `m_booklist` (`id`, `user_id`, `booklist_name`, `booklist_cover`, `booklist_tag`, `booklist_discription`, `recomend`, `c_time`, `is_del`) VALUES
(725, 21, '0592', '9787530755013', '那只小"猬刺"', '新蕾出版社', '(英)迪克·金-史密斯著，魏茗译', '2016-10-25 17:06:16', 0),
(726, 21, '0593', '9787530755020', '小甲虫，大名字', '新蕾出版社', '(英)迪克·金-史密斯著，(英)彼得·卡瓦纳绘，吕培明，蒋丹译', '2016-10-25 17:06:16', 0),
(727, 21, '0594', '9787544823302', '第一次发现丛书·手电筒系列——恐龙的秘密', '接力出版社', '法国伽利玛少儿出版社编，(法)多纳尔·格朗绘，全慧译', '2016-10-25 17:06:16', 0),
(728, 21, '0595', '9787544823203', '第一次发现丛书·手电筒系列——埃及古墓', '接力出版社', '法国伽利玛少儿出版社编，(法)萨比娜·克拉维兹克绘，全慧译', '2016-10-25 17:06:16', 0),
(729, 21, '0596', '9787544823135', '第一次发现丛书·手电筒系列——沉睡的宝藏', '接力出版社', '法国伽利玛少儿出版社编，(法)于特·菲尔，(法)拉乌尔·索泰绘，罗静平译', '2016-10-25 17:06:16', 0),
(730, 21, '0597', '9787544823111', '第一次发现丛书·手电筒系列——城堡探秘', '接力出版社', '法国伽利玛少儿出版社编，(法)于特·菲尔，(法)拉乌尔·索泰绘，罗静平译', '2016-10-25 17:06:16', 0),
(731, 21, '0598', '9787544823210', '第一次发现丛书·手电筒系列——攻打城堡', '接力出版社', '法国伽利玛少儿出版社编，(法)于特·菲尔，(法)拉乌尔·索泰绘，罗静平译', '2016-10-25 17:06:16', 0),
(732, 21, '0599', '9787544823296', '第一次发现丛书·手电筒系列——发现星空', '接力出版社', '法国伽利玛少儿出版社编，(法)多纳德·格兰特绘，黄凌霞译', '2016-10-25 17:06:16', 0),
(733, 21, '0600', '9787544823265', '第一次发现丛书·手电筒系列——热带雨林', '接力出版社', '法国伽利玛少儿出版社编，(法)克里斯蒂安·布鲁丁绘，全慧译', '2016-10-25 17:06:16', 0),
(734, 21, '0601', '9787544823166', '第一次发现丛书·手电筒系列——城市的地下', '接力出版社', '法国伽利玛少儿出版社编，(法)于特·菲尔，(法)拉乌尔·索泰绘，罗静平译', '2016-10-25 17:06:16', 0),
(735, 21, '0602', '9787544823142', '第一次发现丛书·手电筒系列——马戏团', '接力出版社', '法国伽利玛少儿出版社编，(法)萨比娜·克拉维兹克绘，罗静平译', '2016-10-25 17:06:16', 0),
(736, 21, '0603', '9787544808255', '第一次发现丛书·透视眼系列——濒临危机的动物', '接力出版社', '法国伽利玛少儿出版社编，(法)皮埃尔·德·雨果绘，王文静译', '2016-10-25 17:06:16', 0),
(737, 21, '0604', '9787544808279', '第一次发现丛书·透视眼系列——不同地方的动物', '接力出版社', '法国伽利玛少儿出版社编，(法)勒内·梅特勒尔绘，王文静译', '2016-10-25 17:06:16', 0),
(738, 21, '0605', '9787544808286', '第一次发现丛书·透视眼系列——藏在家里的动物', '接力出版社', '法国伽利玛少儿出版社编，(法)皮埃尔·德·雨果绘，王文静译', '2016-10-25 17:06:16', 0),
(739, 21, '0606', '9787544808064', '第一次发现丛书·透视眼系列——丛林里的动物', '接力出版社', '法国伽利玛少儿出版社编，(法)勒内·梅特勒尔绘，向静译', '2016-10-25 17:06:16', 0),
(740, 21, '0607', '9787544808248', '第一次发现丛书·透视眼系列——海边的动物', '接力出版社', '法国伽利玛少儿出版社编，(法)皮埃尔·德·雨果绘，向静译', '2016-10-25 17:06:16', 0),
(741, 21, '0608', '9787544808071', '第一次发现丛书·透视眼系列——河边的动物', '接力出版社', '法国伽利玛少儿出版社编，(法)劳拉·布尔绘，向静译', '2016-10-25 17:06:16', 0),
(742, 21, '0609', '9787544808224', '第一次发现丛书·透视眼系列——会隐藏的动物', '接力出版社', '法国伽利玛少儿出版社编，(法)勒内·梅特勒尔绘，王彦译', '2016-10-25 17:06:16', 0),
(743, 21, '0610', '9787544808262', '第一次发现丛书·透视眼系列——有壳的动物', '接力出版社', '法国伽利玛少儿出版社编，(法)吉贝尔·乌博绘，王文静译', '2016-10-25 17:06:16', 0),
(744, 21, '0611', '9787500794677', '丁丁历险记——丁丁在刚果', '中国少年儿童出版社', '(美)埃尔热编绘，王炳东译', '2016-10-25 17:06:16', 0),
(745, 21, '0612', '9787500794660', '丁丁历险记——丁丁在美洲', '中国少年儿童出版社', '(美)埃尔热编绘，王炳东译 ', '2016-10-25 17:06:16', 0),
(746, 21, '0613', '9787500794639', '丁丁历险记——法老的雪茄', '中国少年儿童出版社', '(美)埃尔热编绘，王炳东译 ', '2016-10-25 17:06:16', 0),
(747, 21, '0614', '9787500794622', '丁丁历险记——蓝莲花', '中国少年儿童出版社', '(美)埃尔热编绘，王炳东译 ', '2016-10-25 17:06:16', 0),
(748, 21, '0615', '9787500794615', '丁丁历险记——破损的耳朵', '中国少年儿童出版社', '(美)埃尔热编绘，王炳东译 ', '2016-10-25 17:06:16', 0),
(749, 21, '0616', '9787500794653', '丁丁历险记——丁丁在西藏', '中国少年儿童出版社', '(美)埃尔热编绘，王炳东译 ', '2016-10-25 17:06:16', 0),
(750, 21, '0617', '9787500794585', '丁丁历险记——奥托卡王的权杖', '中国少年儿童出版社', '(美)埃尔热编绘，王炳东译 ', '2016-10-25 17:06:16', 0),
(751, 21, '0618', '9787500794592', '丁丁历险记——金钳螃蟹贩毒集团', '中国少年儿童出版社', '(美)埃尔热编绘，王炳东译 ', '2016-10-25 17:06:16', 0),
(752, 21, '0619', '9787500794578', '丁丁历险记——神秘的流星', '中国少年儿童出版社', '(美)埃尔热编绘，王炳东译 ', '2016-10-25 17:06:16', 0),
(753, 21, '0620', '9787500794561', '丁丁历险记——独角兽号的秘密', '中国少年儿童出版社', '(美)埃尔热编绘，王炳东译 ', '2016-10-25 17:06:16', 0),
(754, 21, '0621', '9787500794608', '丁丁历险记——黑岛', '中国少年儿童出版社', '(美)埃尔热编绘，王炳东译 ', '2016-10-25 17:06:16', 0),
(755, 21, '0622', '9787500794547', '丁丁历险记——七个水晶球', '中国少年儿童出版社', '(美)埃尔热编绘，王炳东译 ', '2016-10-25 17:06:16', 0),
(756, 21, '0623', '9787500794462', '丁丁历险记——太阳神的囚徒', '中国少年儿童出版社', '(美)埃尔热编绘，王炳东译 ', '2016-10-25 17:06:16', 0),
(757, 21, '0624', '9787500794530', '丁丁历险记——黑金之国', '中国少年儿童出版社', '(美)埃尔热编绘，王炳东译 ', '2016-10-25 17:06:17', 0),
(758, 21, '0625', '9787500794479', '丁丁历险记——奔向月球', '中国少年儿童出版社', '(美)埃尔热编绘，王炳东译 ', '2016-10-25 17:06:17', 0),
(759, 21, '0626', '9787500794554', '丁丁历险记——红色拉克姆的宝藏', '中国少年儿童出版社', '(美)埃尔热编绘，王炳东译 ', '2016-10-25 17:06:17', 0),
(760, 21, '0627', '9787500794493', '丁丁历险记——向日葵教授绑架案', '中国少年儿童出版社', '(美)埃尔热编绘，王炳东译 ', '2016-10-25 17:06:17', 0),
(761, 21, '0628', '9787500794509', '丁丁历险记——货舱里的黑幕', '中国少年儿童出版社', '(美)埃尔热编绘，王炳东译 ', '2016-10-25 17:06:17', 0),
(762, 21, '0629', '9787500794486', '丁丁历险记——月球探险', '中国少年儿童出版社', '(美)埃尔热编绘，王炳东译 ', '2016-10-25 17:06:17', 0),
(763, 21, '0630', '9787500794516', '丁丁历险记——绿宝石失窃案', '中国少年儿童出版社', '(美)埃尔热编绘，王炳东译 ', '2016-10-25 17:06:17', 0),
(764, 21, '0631', '9787500794523', '丁丁历险记——714航班', '中国少年儿童出版社', '(美)埃尔热编绘，王炳东译 ', '2016-10-25 17:06:17', 0),
(765, 21, '0632', '9787500794646', '丁丁历险记——丁丁与丛林战士', '中国少年儿童出版社', '(美)埃尔热编绘，王炳东译 ', '2016-10-25 17:06:17', 0),
(766, 21, '0633', '9787513312615', '城南旧事', '新星出版社', '林海音文，关维兴图，狄菲菲声音演绎 ', '2016-10-25 17:06:17', 0),
(767, 21, '0634', '9787539174921', '奥菲利娅的影子剧院', '二十一世纪出版社', '(德)米切尔·恩德文，(德)费里德利希·海西尔曼图，何珊译', '2016-10-25 17:06:17', 0),
(768, 21, '0635', '9787539174891', '布头娃娃', '二十一世纪出版社', '(德)米切尔·恩德文，(德)罗斯维塔·克瓦弗利克图，何珊译', '2016-10-25 17:06:17', 0),
(769, 21, '0636', '9787539174938', '苍蝇和大象的足球赛', '二十一世纪出版社', '(德)米切尔·恩德文，(德)丹妮娜·楚特辛斯基图，何珊译', '2016-10-25 17:06:17', 0),
(770, 21, '0637', '9787539174884', '吃噩梦的小精灵', '二十一世纪出版社', '(德)米切尔·恩德文，(德)安娜格特·富克斯胡贝尔图，何珊译', '2016-10-25 17:06:17', 0),
(771, 21, '0638', '9787539174907', '捣蛋学校', '二十一世纪出版社', '(德)米切尔·恩德文，(德)沃克·弗里德里希图，何珊译', '2016-10-25 17:06:17', 0),
(772, 21, '0639', '9787539174945', '光屁股的大犀牛', '二十一世纪出版社', '(德)米切尔·恩德文，(德)理查德·米歇尔图，何珊译', '2016-10-25 17:06:17', 0),
(773, 21, '0640', '9787539174952', '犟龟', '二十一世纪出版社', '(德)曼弗雷德·施吕特图，(德)米切尔·恩德文，(德)威尔弗里德·希勒谱曲，何珊译', '2016-10-25 17:06:17', 0),
(774, 21, '0641', '9787539174914', '威利的疑问', '二十一世纪出版社', '(德)米切尔·恩德文，(德)贝伦哈特·奥伯迪克图，何珊译', '2016-10-25 17:06:17', 0),
(775, 21, '0642', '9787122140906', '上学第一天', '化学工业出版社', '(美)戴安·布罗伯格著，(美)乔治·利奇绘，贺剑瑜译', '2016-10-25 17:06:17', 0),
(776, 21, '0643', '9787122141316', '伊莱家的谎言机', '化学工业出版社', '(美)桑德拉·莱文斯著，(美)杰弗里·艾伯乐绘，微笑译', '2016-10-25 17:06:17', 0),
(777, 21, '0644', '9787122128867', '不再害怕和妈妈分开', '化学工业出版社', '(美)英格·迈尔著，(美)詹妮弗·坎顿绘图，孙燕译', '2016-10-25 17:06:17', 0),
(778, 21, '0645', '9787122140944', '不要告状，除非是大事！', '化学工业出版社', '(美)珍妮·弗朗兹·兰塞姆著，(美)杰基·厄本诺维克绘，苏海泉译', '2016-10-25 17:06:17', 0),
(779, 21, '0646', '9787122128782', '爸爸妈妈，快回来吧!', '化学工业出版社', '(美)黛博拉·帕珀斯著，(美)卡洛儿·柯乐绘图，微笑译', '2016-10-25 17:06:17', 0),
(780, 21, '0647', '9787122129451', '让孩子学会说“不”', '化学工业出版社', '(美)玛西·阿博夫著，(美)凯瑟琳·加特纳绘图，福气译', '2016-10-25 17:06:17', 0),
(781, 21, '0648', '9787539184296', '风之少年', '二十一世纪出版社', '班马著', '2016-10-25 17:06:17', 0),
(782, 21, '0649', '9787539188881', '六年级大逃亡', '二十一世纪出版社', '班马著', '2016-10-25 17:06:17', 0),
(783, 21, '0650', '9787514814521', '如果星星开满树', '中国少年儿童出版社', '赵菱著', '2016-10-25 17:06:17', 0),
(784, 21, '0651', '9787514819793', '童话之书', '中国少年儿童出版社', '陈诗哥著', '2016-10-25 17:06:17', 0),
(785, 21, '0652', '9787514820041', '罪童泪', '中国少年儿童出版社', '阮梅著', '2016-10-25 17:06:17', 0),
(786, 21, '0653', '9787500798521', '杨梅', '中国少年儿童出版社', '黄春华著', '2016-10-25 17:06:17', 0),
(787, 21, '0654', '9787514815153', '淡白的古果', '中国少年儿童出版社', '吴梦川著', '2016-10-25 17:06:17', 0),
(788, 21, '0655', '9787535833297', '五个丑家伙', '湖南少年儿童出版社', '(德)沃尔夫·埃尔布鲁赫图/文，王星译', '2016-10-25 17:06:17', 0),
(789, 21, '0656', '9787544816731', '情感，是什么？', '接力出版社', '(法)奥斯卡·柏尼菲文，(法)塞尔日·布鲁克图，刘明译', '2016-10-25 17:06:18', 0),
(790, 21, '0657', '9787544816724', '社会，是什么？', '接力出版社', '(法)奥斯卡·柏尼菲文，弗雷德里克·贝纳格里亚图，刘明译', '2016-10-25 17:06:18', 0),
(791, 21, '0658', '9787544816748', '生活，是什么？', '接力出版社', '(法)奥斯卡·柏尼菲文，杰若姆·卢里耶图，刘明译', '2016-10-25 17:06:18', 0),
(792, 21, '0659', '9787544816700', '艺术和美，是什么？', '接力出版社', '(法)奥斯卡·柏尼菲文，雷米·顾荣图，刘明译', '2016-10-25 17:06:18', 0),
(793, 21, '0660', '9787544816717', '自由，是什么？', '接力出版社', '(法)奥斯卡·柏尼菲文，费德里克·让贝娜图，谢逢蓓译', '2016-10-25 17:06:18', 0),
(794, 21, '0661', '9787100085007', '发现之旅', '商务印书馆有限公司', '(英)托尼·赖斯编著，林洁盈译', '2016-10-25 17:06:18', 0),
(795, 21, '0662', '9787530476017', '法布尔昆虫记——1.聪明的猎人节腹泥蜂 手术专家砂泥蜂', '北京科学技术出版社', '(韩)高苏珊娜著，(韩)金成荣绘，李明淑译', '2016-10-25 17:06:18', 0),
(796, 21, '0663', '9787530476024', '法布尔昆虫记——2.战争狂红蚂蚁 嗜尸者麻蝇', '北京科学技术出版社', '(韩)高苏珊娜著，(韩)金世镇绘，李明淑译', '2016-10-25 17:06:18', 0),
(797, 21, '0664', '9787530476031', '法布尔昆虫记——3.地下毒王蜘蛛 天才建筑师圆网蛛', '北京科学技术出版社', '(韩)高苏珊娜著，(韩)金成荣绘，李明淑译', '2016-10-25 17:06:18', 0),
(798, 21, '0665', '9787530476048', '法布尔昆虫记——4.大自然的清道夫粪金龟', '北京科学技术出版社', '(韩)金春玉著，(韩)金世镇绘，李明淑译', '2016-10-25 17:06:18', 0),
(799, 21, '0666', '9787530476055', '法布尔昆虫记——5.神秘的隐士蝎子', '北京科学技术出版社', '(韩)金春玉著，(韩)金成荣绘，李明淑译', '2016-10-25 17:06:18', 0),
(800, 21, '0667', '9787530476062', '法布尔昆虫记——6.蔬菜大食客菜粉蝶', '北京科学技术出版社', '(韩)金春玉著，(韩)金世镇绘，李明淑译', '2016-10-25 17:06:18', 0),
(801, 21, '0668', '9787530476079', '法布尔昆虫记——7.装死专家步甲 殡葬师埋葬虫', '北京科学技术出版社', '(韩)曹京淑著，(韩)金成荣绘，李明淑译', '2016-10-25 17:06:18', 0),
(802, 21, '0669', '9787530476086', '法布尔昆虫记——8.夏日音乐家蝉', '北京科学技术出版社', '(韩)曹京淑著，(韩)金世镇绘，李明淑译', '2016-10-25 17:06:18', 0),
(803, 21, '0670', '9787530476093', '法布尔昆虫记——9.神奇麻醉师飞蝗泥蜂', '北京科学技术出版社', '(韩)曹京淑著，(韩)金成荣绘，李明淑译', '2016-10-25 17:06:18', 0),
(804, 21, '0671', '9787530476109', '法布尔昆虫记——10.霸王镰刀手螳螂 摇篮入侵者寄生蜂', '北京科学技术出版社', '(韩)高苏珊娜著，(韩)金世镇绘，李明淑译', '2016-10-25 17:06:18', 0),
(805, 21, '0672', '9787555215202', '腹语师的女儿', '青岛出版社', '林满秋著，黄立佩绘', '2016-10-25 17:06:18', 0),
(806, 21, '0673', '9787221124029', '疯狂科学探险队——核弹危机(上)', '贵州人民出版社', '(美)伯特兰·R.布林利文，(美)查尔斯·吉尔图，王心莹译', '2016-10-25 17:06:18', 0),
(807, 21, '0674', '9787221124050', '疯狂科学探险队——骷髅舞', '贵州人民出版社', '(美)伯特兰·R.布林利文，(美)查尔斯·吉尔图，蔡青恩译', '2016-10-25 17:06:18', 0),
(808, 21, '0675', '9787221124067', '疯狂科学探险队——特制火箭炮', '贵州人民出版社', '(美)伯特兰·R.布林利文，(美)查尔斯·吉尔图，赖文珍译', '2016-10-25 17:06:18', 0),
(809, 21, '0676', '9787221123961', '疯狂科学探险队——幽灵飞碟', '贵州人民出版社', '(美)伯特兰·R.布林利文，(美)查尔斯·吉尔图，赖文珍译', '2016-10-25 17:06:18', 0),
(810, 21, '0677', '9787221124043', '疯狂科学探险队——沼泽怪兽', '贵州人民出版社', '(美)伯特兰·R.布林利文，(美)查尔斯·吉尔图，蔡青恩译', '2016-10-25 17:06:18', 0),
(811, 21, '0678', '9787534265372', '杰米的魔术', '浙江少年儿童出版社', '(美)卡罗琳·库曼著，孙淇译', '2016-10-25 17:06:18', 0),
(812, 21, '0679', '9787534265358', '木头娃娃百年传奇', '浙江少年儿童出版社', '(美)雷切尔·菲尔德著，赵健译', '2016-10-25 17:06:18', 0),
(813, 21, '0680', '9787534265464', '去了天堂的猫', '浙江少年儿童出版社', '(美)伊丽莎白·科茨沃斯著，孙淇译', '2016-10-25 17:06:18', 0),
(814, 21, '0681', '9787534265334', '莎拉的勇气', '浙江少年儿童出版社', '(美)爱丽丝·道格利斯著，周照宇译', '2016-10-25 17:06:18', 0),
(815, 21, '0682', '9787534266034', '野丫头凯蒂', '浙江少年儿童出版社', '(美)卡罗尔·拉瑞·布林克著，赵健译', '2016-10-25 17:06:18', 0),
(816, 21, '0683', '9787537660495', '1999年6月29日', '河北少年儿童出版社', '(美)大卫·威斯纳文/图，范晓星译', '2016-10-25 17:06:18', 0),
(817, 21, '0684', '9787537660396', '7号梦工厂', '河北少年儿童出版社', '(美)大卫·威斯纳文/图', '2016-10-25 17:06:18', 0),
(818, 21, '0685', '9787537659284', '芭蕾舞女孩儿', '河北少年儿童出版社', '(美)格雷斯·马卡罗内文，(美)克里斯汀·戴维尼埃图，任溶溶译', '2016-10-25 17:06:18', 0),
(819, 21, '0686', '9787537659277', '芭蕾舞女孩儿和王子', '河北少年儿童出版社', ' (美)格雷斯·马卡罗内文，(美)克里斯汀·戴维尼埃图，任溶溶译', '2016-10-25 17:06:18', 0),
(820, 21, '0687', '9787537667210', '彼得与狼', '河北少年儿童出版社', '(俄)谢尔盖·普罗科甫耶夫原作，(德)弗朗兹·哈肯图，(德)丽莎洛特·瑞蒙纳德译，陈俊译', '2016-10-25 17:06:18', 0),
(821, 21, '0688', '9787537671675', '多了', '河北少年儿童出版社', '(美)I.C.斯普林曼著，(美)布赖恩·莱斯绘，杨玲玲，彭懿译', '2016-10-25 17:06:18', 0),
(822, 21, '0689', '9787537660457', '风需要休息', '河北少年儿童出版社', '(加)谢尔顿·欧伯曼文，(美)尼尔·瓦德曼图，周丹译', '2016-10-25 17:06:18', 0),
(823, 21, '0690', '9787537654494', '鸽子的天使', '河北少年儿童出版社', '(美)大卫·麦考利文/图，方素珍译', '2016-10-25 17:06:18', 0),
(824, 21, '0691', '9787534271472', '隔壁的琴声', '浙江少年儿童出版社', '(日)涩谷顺子图', '2016-10-25 17:06:18', 0),
(825, 21, '0692', '9787537654500', '公主四点会来', '河北少年儿童出版社', '(德)沃尔夫迪特里希·施努尔文，(德)罗特劳特苏珊娜·贝尔纳图，王星译', '2016-10-25 17:06:18', 0),
(826, 21, '0693', '9787534271465', '海浪', '浙江少年儿童出版社', '(韩)苏西·李著', '2016-10-25 17:06:18', 0),
(827, 21, '0694', '9787537668613', '六个人', '河北少年儿童出版社', '(英)大卫·麦基文/图，芝麻团长译', '2016-10-25 17:06:18', 0),
(828, 21, '0695', '9787537654548', '罗拉的妹妹配方', '河北少年儿童出版社', '(加)安娜·维尔纳夫文/图，王芳译', '2016-10-25 17:06:18', 0),
(829, 21, '0696', '9787537654555', '罗拉要去非洲', '河北少年儿童出版社', '(加)安娜·维尔纳夫文/图，王芳译', '2016-10-25 17:06:18', 0),
(830, 21, '0697', '9787537654562', '每一个善举', '河北少年儿童出版社', '(美)杰奎琳·伍德森文，(美)E.B.刘易斯图，王芳译', '2016-10-25 17:06:18', 0),
(831, 21, '0698', '9787537654579', '母鸡为什么过马路', '河北少年儿童出版社', '(美)大卫·麦考利文/图 ，兆新译', '2016-10-25 17:06:19', 0),
(832, 21, '0699', '9787537654593', '那天，我用爸爸换了两条金鱼', '河北少年儿童出版社', '(美)尼尔·盖曼文，(美)戴夫·麦基恩图，杨玲玲，彭懿译', '2016-10-25 17:06:19', 0),
(833, 21, '0700', '9787537654463', '墙壁里的狼', '河北少年儿童出版社', '(美)尼尔·盖曼文，(美)戴夫·麦基恩图，杨玲玲，彭懿译', '2016-10-25 17:06:19', 0),
(834, 21, '0701', '9787537654586', '青蛙娶亲记', '河北少年儿童出版社', '(美)约翰·兰斯塔夫改编，(美)费奥多·罗詹科夫斯基图，范晓星译', '2016-10-25 17:06:19', 0),
(835, 21, '0702', '9787537660389', '三只小猪', '河北少年儿童出版社', '(美)大卫·威斯纳文/图，彭懿译', '2016-10-25 17:06:19', 0),
(836, 21, '0703', '9787537654487', '爷爷的红脸颊', '河北少年儿童出版社', '(奥)汉斯·雅尼什文，(德)阿尔尤莎·布劳图，王星译', '2016-10-25 17:06:19', 0),
(837, 21, '0704', '9787537667203', '一个黑黑、黑黑的故事', '河北少年儿童出版社', '(英)露丝·布朗文/图，敖德译', '2016-10-25 17:06:19', 0),
(838, 21, '0705', '9787537667241', '自行车蚊子埃贡', '河北少年儿童出版社', '(丹)佛莱明·克维斯特·缪勒文/图，京不特译', '2016-10-25 17:06:19', 0),
(839, 21, '0706', '9787537972109', '池上池下', '希望出版社', '邱承宗著', '2016-10-25 17:06:19', 0),
(840, 21, '0707', '9787537971263', '大提琴之树', '希望出版社', '(日)伊势英子文/图，彭懿，周龙梅译', '2016-10-25 17:06:19', 0),
(841, 21, '0708', '9787537973489', '故事的故事', '希望出版社', '(美)盖尔·E.海莉文/图，王林译', '2016-10-25 17:06:19', 0),
(842, 21, '0709', '9787537971089', '假如狐狸和兔子互道晚安', '希望出版社', '(德)卡尔廷·舍雷尔文/图，陈俊译', '2016-10-25 17:06:19', 0),
(843, 21, '0710', '9787537972383', '快了快了', '希望出版社', '(日)冈田杠文，(日)冈田千晶图，彭懿译', '2016-10-25 17:06:19', 0),
(844, 21, '0711', '9787537972437', '老鼠，小心', '希望出版社', '(英)朱蒂·维特文，(英)诺玛·伯金图，王芳译', '2016-10-25 17:06:19', 0),
(845, 21, '0712', '9787537972536', '萝卜回来了', '希望出版社', '方轶群文，(日)村山知义图', '2016-10-25 17:06:19', 0),
(846, 21, '0713', '9787537973564', '梦幻大飞行', '希望出版社', '(美)大卫·威斯纳著', '2016-10-25 17:06:19', 0),
(847, 21, '0714', '9787537972727', '你害怕什么？', '希望出版社', '(挪威)康坦斯·厄尔斯巴克·尼尔森文，(挪威)阿金·度匝亭图，王芳译', '2016-10-25 17:06:19', 0),
(848, 21, '0715', '9787537972789', '鸟瞰地球', '希望出版社', '(法)美丽星球协会，(法)安娜·珍克利奥维奇文，(法)扬·阿尔蒂斯-贝特朗摄影，高丙胜译', '2016-10-25 17:06:19', 0),
(849, 21, '0716', '9787537971379', '皮波的旅程', '希望出版社', '(日)刀根里衣著，杨玲玲，彭懿译', '2016-10-25 17:06:19', 0),
(850, 21, '0717', '9787537971294', '前面还有什么车？', '希望出版社', '哲也文，刘贞秀图', '2016-10-25 17:06:19', 0),
(851, 21, '0718', '9787537973540', '谁买了谁的雨鞋', '希望出版社', '(日)星野郁美文/图，彭懿译', '2016-10-25 17:06:19', 0),
(852, 21, '0719', '9787537971287', '谁需要国王呢？', '希望出版社', '陈卫平编著，陈美燕图', '2016-10-25 17:06:19', 0),
(853, 21, '0720', '9787537972765', '我和妈妈的宝贝', '希望出版社', '(日)齐藤荣美文，(日)狩野富贵子图，彭懿译', '2016-10-25 17:06:19', 0),
(854, 21, '0721', '9787537972116', '我们的森林', '希望出版社', '邱承宗著', '2016-10-25 17:06:19', 0),
(855, 21, '0722', '9787537971270', '我们去钓鱼', '希望出版社', '邱承宗著', '2016-10-25 17:06:19', 0),
(856, 21, '0723', '9787537972710', '我是谁？', '希望出版社', '(挪威)康坦斯·厄尔斯巴克·尼尔森文，(挪威)阿金·度匝亭图，王芳译', '2016-10-25 17:06:19', 0),
(857, 21, '0724', '9787537971256', '小鼹鼠和蝉宝宝', '希望出版社', '(日)福泽由美子文/图，李丹译', '2016-10-25 17:06:19', 0),
(858, 21, '0725', '9787537971058', '嘘——轻点儿声!', '希望出版社', '(日)丸山阳子文/图，彭懿译', '2016-10-25 17:06:19', 0),
(859, 21, '0726', '9787537972697', '呀！屁股', '希望出版社', '(丹麦)迈普里斯·安徒生文，(丹麦)叶世邦·杜拉航图，王芳译', '2016-10-25 17:06:19', 0),
(860, 21, '0727', '9787537973588', '烟雾弥漫的夜晚', '希望出版社', '(美)伊夫·邦廷文，(美)大卫·迪亚兹图，孙莉莉译', '2016-10-25 17:06:19', 0),
(861, 21, '0728', '9787537972444', '影子', '希望出版社', '(韩)苏西·李著', '2016-10-25 17:06:19', 0),
(862, 21, '0729', '9787537972451', '只有你', '希望出版社', '(美)图道格拉斯·伍德文，(英)P.J.林奇图，王芳译', '2016-10-25 17:06:19', 0),
(863, 21, '0730', '9787505608887', '红豆粥婆婆', '连环画出版社', '(韩)白希娜图，(韩)朴允奎文，李懿芳译', '2016-10-25 17:06:19', 0),
(864, 21, '0731', '9787505608894', '睡美人', '连环画出版社', '(瑞士)费里克斯·霍夫曼图，彭懿译', '2016-10-25 17:06:19', 0),
(865, 21, '0732', '9787530478073', '千万别放弃', '北京科学技术出版社', '(日)宫西达也著，彭懿译', '2016-10-25 17:06:19', 0),
(866, 21, '0733', '9787530478097', '要幸福地活着', '北京科学技术出版社', '(日)宫西达也著，彭懿译', '2016-10-25 17:06:19', 0),
(867, 21, '0734', '9787302425519', '银河铁道之夜', '清华大学出版社', '(日)宫泽贤治著，周龙梅，彭懿译', '2016-10-25 17:06:19', 0),
(868, 21, '0735', '9787543670815', '神奇扫帚出租中', '青岛出版社', '林哲璋著，杨宛静绘', '2016-10-25 17:06:19', 0),
(869, 21, '0736', '9787543670822', '用点心学校', '青岛出版社', '林哲璋著，BO2绘', '2016-10-25 17:06:19', 0),
(870, 21, '0737', '9787543693104', '用点心学校2 .好新鲜教室', '青岛出版社', '林哲璋著，BO2绘', '2016-10-25 17:06:19', 0),
(871, 21, '0738', '9787543693098', '再来仙岛夏令营', '青岛出版社', '林哲璋著，BO2绘', '2016-10-25 17:06:19', 0),
(872, 21, '0739', '9787543670846', '八卦森林', '青岛出版社', '岑澎维著，吴孟芸绘', '2016-10-25 17:06:19', 0),
(873, 21, '0740', '9787543670860', '狐狸的钱袋', '青岛出版社', '赖晓珍著，杨宛静绘', '2016-10-25 17:06:19', 0),
(874, 21, '0741', '9787543670839', '老师丢丢脸', '青岛出版社', '萧逸清著，吉娜儿绘', '2016-10-25 17:06:19', 0),
(875, 21, '0742', '9787555218463', '用点心学校 老师真够辣', '青岛出版社', '林哲璋著，BO2绘', '2016-10-25 17:06:19', 0),
(876, 21, '0743', '9787543693067', '流星没有耳朵', '青岛出版社', '林世仁著，王书曼绘', '2016-10-25 17:06:20', 0),
(877, 21, '0744', '9787543693074', '魔法红木鞋', '青岛出版社', '赖晓珍著，陈盈帆绘', '2016-10-25 17:06:20', 0),
(878, 21, '0745', '9787543693111', '柿子色的街灯', '青岛出版社', '陈素宜著，孙心瑜绘', '2016-10-25 17:06:20', 0),
(879, 21, '0746', '9787543693081', '小小猴找朋友', '青岛出版社', '赖晓珍著，王书曼绘', '2016-10-25 17:06:20', 0),
(880, 21, '0747', '9787555218456', ' 用点心学校 学生真有料', '青岛出版社', '林哲璋著，BO2绘', '2016-10-25 17:06:20', 0),
(881, 21, '0748', '9787543670853', '妖精老屋', '青岛出版社', '周姚萍著，郝洛玟绘', '2016-10-25 17:06:20', 0),
(882, 21, '0749', '9787543682825', '怪怪园的怪老师——怪老师逛动物园', '青岛出版社', '(日)高楼方子著绘，朱自强译', '2016-10-25 17:06:20', 0),
(883, 21, '0750', '9787543682825', '怪怪园的怪老师——怪老师和怪苹果', '青岛出版社', '(日)高楼方子著绘，朱自强译', '2016-10-25 17:06:20', 0),
(884, 21, '0751', '9787543682825', '怪怪园的怪老师——怪老师和怪熊园的熊', '青岛出版社', '(日)高楼方子著绘，朱自强译', '2016-10-25 17:06:20', 0),
(885, 21, '0752', '9787543682825', '怪怪园的怪老师——怪老师和尖帽子', '青岛出版社', '(日)高楼方子著绘，朱自强译', '2016-10-25 17:06:20', 0),
(886, 21, '0753', '9787543682825', '怪怪园的怪老师——怪老师和淘气鬼', '青岛出版社', '(日)高楼方子著绘，朱自强译', '2016-10-25 17:06:20', 0),
(887, 21, '0754', '9787543682825', '怪怪园的怪老师——怪老师和熊的梦', '青岛出版社', '(日)高楼方子著绘，朱自强译', '2016-10-25 17:06:20', 0),
(888, 21, '0755', '9787544816113', '安东尼的小平底锅', '接力出版社', '(法)伊莎贝尔·卡里尔著，谢逢蓓译', '2016-10-25 17:06:20', 0),
(889, 21, '0756', '9787544816120', '爸爸 妈妈 哥哥和我', '接力出版社', '(法)杰侯姆·胡里埃著，谢逢蓓译', '2016-10-25 17:06:20', 0),
(890, 21, '0757', '9787544816137', '黑色的国王', '接力出版社', '(法)杰侯姆·胡里埃著，谢逢蓓译', '2016-10-25 17:06:20', 0),
(891, 21, '0758', '9787544816144', '小方和小圆', '接力出版社', '(法)杰侯姆·胡里埃著，谢逢蓓译', '2016-10-25 17:06:20', 0),
(892, 21, '0759', '9787544816151', '有色人种', '接力出版社', '(法)杰侯姆·胡里埃著，谢逢蓓译', '2016-10-25 17:06:20', 0),
(893, 21, '0760', '9787551556873', '盗御马', '新疆青少年出版社', '海飞，缪惟编写，刘向伟绘画', '2016-10-25 17:06:20', 0),
(894, 21, '0761', '9787551556866', '窦娥冤', '新疆青少年出版社', '海飞，缪惟编写，郭澈绘画', '2016-10-25 17:06:20', 0),
(895, 21, '0762', '9787551556880', '空城计', '新疆青少年出版社', '海飞，缪惟编写，刘向伟绘画', '2016-10-25 17:06:20', 0),
(896, 21, '0763', '9787551557122', '牡丹亭', '新疆青少年出版社', '海飞，缪惟编写，杨娃绘画', '2016-10-25 17:06:20', 0),
(897, 21, '0764', '9787537192194', '三岔口', '新疆青少年出版社', '海飞，缪惟编写，刘向伟绘画', '2016-10-25 17:06:20', 0),
(898, 21, '0765', '9787551557139', '桃花扇', '新疆青少年出版社', '海飞，缪惟编写，王以绘画', '2016-10-25 17:06:20', 0),
(899, 21, '0766', '9787551556897', '西厢记', '新疆青少年出版社', '海飞，缪惟编写，王以绘画', '2016-10-25 17:06:20', 0),
(900, 21, '0767', '9787539770703', '矮个子先生', '安徽少年儿童出版社', '(奥)克里斯蒂娜·涅斯特林格著，赵建军译', '2016-10-25 17:06:20', 0),
(901, 21, '0768', '9787539770765', '巴勒斯坦王后莉迪娅', '安徽少年儿童出版社', '(以)尤里·奥莱夫著，邹运旗译', '2016-10-25 17:06:20', 0),
(902, 21, '0769', '9787539770710', '碧婆婆 贝婆婆', '安徽少年儿童出版社', '(巴西)安娜·玛丽亚·马查多著，陈静抒译', '2016-10-25 17:06:20', 0),
(903, 21, '0770', '9787539770758', '吹玻璃工的两个孩子', '安徽少年儿童出版社', '(瑞典)玛丽亚·格里珀著，徐朴译', '2016-10-25 17:06:20', 0),
(904, 21, '0771', '9787539772233', '戴帽子的女士', '安徽少年儿童出版社', '(以)尤里·奥莱夫著，郦青译', '2016-10-25 17:06:20', 0),
(905, 21, '0772', '9787539772189', '隔离区来的人', '安徽少年儿童出版社', '(以)尤里·奥莱夫著，贺爱军，徐杰林，柳欢译', '2016-10-25 17:06:20', 0),
(906, 21, '0773', '9787539770628', '鸟儿街上的岛屿', '安徽少年儿童出版社', '(以)尤里·奥莱夫著，路文彬译', '2016-10-25 17:06:20', 0),
(907, 21, '0774', '9787539772400', '少年斯特法诺', '安徽少年儿童出版社', '(阿根廷)玛丽亚·特蕾莎·安德鲁埃托著，赵文伟译', '2016-10-25 17:06:20', 0),
(908, 21, '0775', '9787539770673', '太空人遇险记', '安徽少年儿童出版社', '(澳)帕特里夏·赖特森著，任溶溶译', '2016-10-25 17:06:20', 0),
(909, 21, '0776', '9787539772196', '小书房之穷岛的奇迹', '安徽少年儿童出版社', '(英)依列娜·法吉恩著，马爱农译', '2016-10-25 17:06:20', 0),
(910, 21, '0777', '9787539772219', '伊尔莎出走了', '安徽少年儿童出版社', '(奥)克里斯蒂娜·涅斯特林格著，谢凤丽译', '2016-10-25 17:06:20', 0),
(911, 21, '0778', '9787539770635', '怪天使斯凯力', '安徽少年儿童出版社', '(英)大卫·阿尔蒙德著，蔡宜容译', '2016-10-25 17:06:20', 0),
(912, 21, '0779', '9787537666428', '大熊', '河北少年儿童出版社', '(法)法兰斯瓦·普拉斯著，韩毓泽译', '2016-10-25 17:06:20', 0),
(913, 21, '0780', '9787537660969', '海象与紫罗兰', '河北少年儿童出版社', '(瑞)海利·斯特罗普著，陈俊译', '2016-10-25 17:06:20', 0),
(914, 21, '0781', '9787537667180', '斯洛格的爸爸', '河北少年儿童出版社', '(英)大卫·阿尔蒙德著，(英)戴夫·麦基恩绘，杨玲玲，彭懿译', '2016-10-25 17:06:20', 0),
(915, 21, '0782', '9787530756003', '35公斤的希望', '新蕾出版社', '(法)安娜·嘉瓦尔达著，王恬译', '2016-10-25 17:06:21', 0),
(916, 21, '0783', '9787530751046', '爱的魔法', '新蕾出版社', '(德)玛丽丝·巴德利著，(德)安珂·库尔绘，王泰智，沈惠珠译', '2016-10-25 17:06:21', 0),
(917, 21, '0784', '9787530752296', '爱上读书的妖怪', '新蕾出版社', '(韩)李相培著，(韩)白明植绘，田志云译', '2016-10-25 17:06:21', 0),
(918, 21, '0785', '9787530761090', '爱在时代广场', '新蕾出版社', '(美)乔治·塞尔登著，(美)盖斯·威廉姆斯绘，傅湘雯译', '2016-10-25 17:06:21', 0),
(919, 21, '0786', '9787530752852', '巴特先生的返老还童药', '新蕾出版社', '(奥)克里斯蒂娜·涅斯特林格著，(德)艾尔哈德·迪特尔绘，施岷译', '2016-10-25 17:06:21', 0),
(920, 21, '0787', '9787530751039', '城堡的秘密', '新蕾出版社', '(法)摩卡著，李双译', '2016-10-25 17:06:21', 0),
(921, 21, '0788', '9787530750766', '蛋壳里出来的奶奶', '新蕾出版社', '(捷克)伊娃·普洛查兹科娃著，(德)玛丽昂·格德尔特绘，王泰智，沈惠珠译', '2016-10-25 17:06:21', 0),
(922, 21, '0789', '9787530761892', '独一无二的伊凡', '新蕾出版社', '(美)凯瑟琳·艾波盖特著，(美)派翠西亚·卡斯特洛绘，柯倩华译', '2016-10-25 17:06:21', 0),
(923, 21, '0790', '9787530752838', '高飞', '新蕾出版社', '(美)凯特·迪卡米洛著，张子樟译', '2016-10-25 17:06:21', 0),
(924, 21, '0791', '9787530755389', '给爸爸的漂流瓶', '新蕾出版社', '(德)休伯·希尔内克著，(德)梅兰妮·科姆勒绘，邓晶译', '2016-10-25 17:06:21', 0),
(925, 21, '0792', '9787530755747', '光草', '新蕾出版社', '(意)罗伯托·普密尼著，(意)切科·马利尼洛绘，倪安宇译', '2016-10-25 17:06:21', 0),
(926, 21, '0793', '9787530752043', '卡夫卡和旅行娃娃', '新蕾出版社', '(西)霍尔迪·塞拉·依·法布拉著，(西)偑普·蒙特塞拉绘，王猛译', '2016-10-25 17:06:21', 0),
(927, 21, '0794', '9787530761960', '克拉拉的箱子', '新蕾出版社', '(奥)瑞秋·凡·库依著，李紫蓉译', '2016-10-25 17:06:21', 0),
(928, 21, '0795', '9787530761250', '雷梦拉八岁', '新蕾出版社', '(美)贝芙莉·克莱瑞著，(美)杰奎琳·罗杰斯绘，吕培明，李蕙译', '2016-10-25 17:06:21', 0),
(929, 21, '0796', '9787530761267', '雷梦拉和爸爸', '新蕾出版社', '(美)贝芙莉·克莱瑞著，(美)杰奎琳·罗杰斯绘，吕培明，范蓉译', '2016-10-25 17:06:21', 0),
(930, 21, '0797', '9787530751183', '马蒂和三个天大的谎言', '新蕾出版社', '(德)萨拉·瑙拉著，王泰智，沈惠珠译', '2016-10-25 17:06:21', 0),
(931, 21, '0798', '9787530751152', '魔镜', '新蕾出版社', '(西)霍尔迪·塞拉利昂·依·法布拉著，谭博，杨红译', '2016-10-25 17:06:21', 0),
(932, 21, '0799', '9787530755372', '那份温暖永不散去', '新蕾出版社', '(日)岩濑成子著，(日)酒井驹子绘，邢广杨译', '2016-10-25 17:06:21', 0),
(933, 21, '0800', '9787530750544', '农场疑案', '新蕾出版社', '(法)索菲·迪奥埃德著，(法)瓦耐莎·黑尔绘，孙瑛译', '2016-10-25 17:06:21', 0),
(934, 21, '0801', '9787530761519', '女王的鼻子', '新蕾出版社', '(英)迪克·金-史密斯著，枣泥译', '2016-10-25 17:06:21', 0),
(935, 21, '0802', '9787530751206', '扑克游戏', '新蕾出版社', '(美)苏姬·摩根斯坦著，(法)米莱耶·达朗塞绘，梓爻译', '2016-10-25 17:06:21', 0),
(936, 21, '0803', '9787530761243', '亲爱的汉修先生', '新蕾出版社', '(美)贝芙莉·克莱瑞著，(美)保罗·欧·译林斯基绘，柯倩华译', '2016-10-25 17:06:21', 0),
(937, 21, '0804', '9787530747421', '神奇的“谎言”', '新蕾出版社', '(英)杰拉尔丁·麦考林著，吕培明，陈竹译', '2016-10-25 17:06:21', 0),
(938, 21, '0805', '9787530751701', '托莱摩斯的面包房', '新蕾出版社', '(日)小仓明著，(日)石仓欣二绘，侯鹏图译', '2016-10-25 17:06:21', 0),
(939, 21, '0806', '9787530747476', '乌鸦人阿凡思', '新蕾出版社', '(奥)埃尔温·莫泽著绘，王泰智，沈惠珠译', '2016-10-25 17:06:21', 0),
(940, 21, '0807', '9787530755006', '无字书图书馆', '新蕾出版社', '(西)霍尔迪·塞拉·依·法布拉著，李竞阳译', '2016-10-25 17:06:21', 0),
(941, 21, '0808', '9787530752449', '小女巫艾米', '新蕾出版社', '(意)比安卡·皮左诺著，(意)埃曼努艾拉·布索拉蒂绘，朱胜蓝译', '2016-10-25 17:06:21', 0),
(942, 21, '0809', '9787530747360', '一只眼睛的猫', '新蕾出版社', '(美)葆拉·福克斯著，许洪珍译', '2016-10-25 17:06:21', 0),
(943, 21, '0810', '9787530758243', '鹦鹉“麦子”历险记', '新蕾出版社', '(英)迪克·金-史密斯著，游峻轩绘，吕培明，厉凌哲译', '2016-10-25 17:06:21', 0),
(944, 21, '0811', '9787530751190', '追踪真相', '新蕾出版社', '(美)苏姬·摩根斯坦著，(法)奥黛·普斯耶绘，李双译', '2016-10-25 17:06:21', 0),
(945, 21, '0812', '9787530758922', '奥莉芙的海洋', '新蕾出版社', '(美)凯文·汉克斯著，(美)雷·布朗绘，吕培明译', '2016-10-25 17:06:21', 0),
(946, 21, '0813', '9787530759264', '诺福镇的奇幻夏天', '新蕾出版社', '(美)杰克·甘托斯著，任溶溶，任荣康译', '2016-10-25 17:06:21', 0),
(947, 21, '0814', '9787530761502', '通往特雷比西亚的桥', '新蕾出版社', '(美)凯瑟琳·佩特森著，陈静抒译', '2016-10-25 17:06:21', 0),
(948, 21, '0815', '9787530743355', '爱德华的奇妙之旅', '新蕾出版社', '(美)凯特·迪卡米洛著，(美)马格拉姆·伊巴图林绘，王昕若译', '2016-10-25 17:06:21', 0),
(949, 21, '0816', '9787530749944', '爱丽莎的眼睛', '新蕾出版社', '(法)蒂莫泰·德·丰拜勒著，(法)弗朗索瓦·普拉斯绘，刘英华译', '2016-10-25 17:06:21', 0),
(950, 21, '0817', '9787530750612', '贝丝丫头', '新蕾出版社', '(美)贝特·格林著，吴祯祥译', '2016-10-25 17:06:21', 0),
(951, 21, '0818', '9787530750964', '宠物猫咪鲁·杰克逊', '新蕾出版社', '(法)索菲·迪奥埃德著，(法)瓦耐莎·黑尔绘，边静译', '2016-10-25 17:06:21', 0),
(952, 21, '0819', '9787530750605', '蒂莉阿姨的魔法箱', '新蕾出版社', '(德)彼德·赫尔德林著，王泰智，沈惠珠译', '2016-10-25 17:06:21', 0),
(953, 21, '0820', '9787530750728', '动物大逃亡', '新蕾出版社', '(奥)米拉·洛贝著，郑高凤译', '2016-10-25 17:06:21', 0),
(954, 21, '0821', '9787530750940', '菲斯的秘密', '新蕾出版社', '(法)简·弗朗西丝·夏伯丝著，(法)布莱恩·克里斯托弗绘，鲁蕾译', '2016-10-25 17:06:21', 0),
(955, 21, '0822', '9787530749890', '风之王', '新蕾出版社', '(美)玛格莉特·亨利著，(美)威斯利·丹尼斯绘，赵永芬译', '2016-10-25 17:06:21', 0),
(956, 21, '0823', '9787530750698', '钢琴小精灵', '新蕾出版社', '(德)洛特·金仕可菲著，(德)薇蕾娜·巴尔豪斯绘，郑高凤译', '2016-10-25 17:06:22', 0),
(957, 21, '0824', '9787530749937', '海蒂的天空', '新蕾出版社', '(美)克比·莱森著，丁凡译', '2016-10-25 17:06:22', 0),
(958, 21, '0825', '9787530750681', '黑珍珠', '新蕾出版社', '(美)斯·奥台尔著，陈伟民译', '2016-10-25 17:06:22', 0),
(959, 21, '0826', '9787530750988', '金龟虫在黄昏飞起', '新蕾出版社', '(瑞典)玛丽亚·格里珀著，凯梅译', '2016-10-25 17:06:22', 0),
(960, 21, '0827', '9787530750704', '苦涩巧克力', '新蕾出版社', '(德)米亚姆·普莱斯勒著，李紫蓉译', '2016-10-25 17:06:22', 0),
(961, 21, '0828', '9787530749951', '蓝色的海豚岛', '新蕾出版社', '(美)斯·奥台尔著，傅定邦译', '2016-10-25 17:06:22', 0),
(962, 21, '0829', '9787530749906', '浪漫鼠德佩罗', '新蕾出版社', '(美)凯特·迪卡米洛著，蒂莫西·巴兹尔·埃林绘，王昕若译', '2016-10-25 17:06:22', 0),
(963, 21, '0830', '9787530750957', '罗伯特的三次报复行动', '新蕾出版社', '(法)让·克劳德·穆莱瓦著，梅思繁译', '2016-10-25 17:06:22', 0),
(964, 21, '0831', '9787530749852', '绿拇指男孩', '新蕾出版社', '(法)莫里斯·杜恩著，甄大台译', '2016-10-25 17:06:22', 0),
(965, 21, '0832', '9787530751015', '马提与祖父', '新蕾出版社', '(意)罗伯托·普密尼著，(意)奎恩特·布赫兹绘，张莉莉译', '2016-10-25 17:06:22', 0),
(966, 21, '0833', '9787530749975', '梦幻飞翔岛', '新蕾出版社', '(奥)海因茨·雅尼施著，王泰智，沈惠珠译', '2016-10-25 17:06:22', 0),
(967, 21, '0834', '9787530749876', '魔法灰姑娘', '新蕾出版社', '(美)盖尔·卡森·乐文著，赵永芬译', '2016-10-25 17:06:22', 0),
(968, 21, '0835', '9787530750599', '呐喊红宝石', '新蕾出版社', '(美)莎朗·克里奇著，赵映雪译', '2016-10-25 17:06:22', 0),
(969, 21, '0836', '9787530750995', '女水手日记', '新蕾出版社', '(美)艾非著，徐诗思译', '2016-10-25 17:06:22', 0),
(970, 21, '0837', '9787530749760', '苹果树上的外婆', '新蕾出版社', '(奥)米拉·洛贝著，(奥)祖西·魏格尔绘，张桂贞译', '2016-10-25 17:06:22', 0),
(971, 21, '0838', '9787530749968', '企鹅的故事', '新蕾出版社', '(奥)克里斯蒂娜·涅斯特林格著，杨立译译', '2016-10-25 17:06:22', 0),
(972, 21, '0839', '9787530749845', '傻狗温迪克', '新蕾出版社', '(美)凯特·迪卡米洛著，傅蓓蒂译', '2016-10-25 17:06:22', 0),
(973, 21, '0840', '9787530750759', '山居岁月', '新蕾出版社', '(美)珍·克雷赫·乔治著，姚晓佳绘，傅蓓蒂译', '2016-10-25 17:06:22', 0),
(974, 21, '0841', '9787530750643', '神秘的公寓', '新蕾出版社', '(瑞典)玛丽亚·格里珀著，任溶溶译', '2016-10-25 17:06:22', 0),
(975, 21, '0842', '9787530750629', '思黛拉街的新鲜事', '新蕾出版社', '(澳)伊丽莎白·哈妮著绘，赵映雪译', '2016-10-25 17:06:22', 0),
(976, 21, '0843', '9787530750568', '塔克的郊外', '新蕾出版社', '(美)乔治·塞尔登著，(美)盖斯·威廉姆斯绘，袁颖译', '2016-10-25 17:06:22', 0),
(977, 21, '0844', '9787530749777', '天使雕像', '新蕾出版社', '(美)E.L.柯尼斯伯格著，郑清荣译', '2016-10-25 17:06:22', 0),
(978, 21, '0845', '9787530750711', '偷莎士比亚的贼', '新蕾出版社', '(美)加里·布莱克伍德著，胡静宜译', '2016-10-25 17:06:22', 0),
(979, 21, '0846', '9787530749920', '外公是棵樱桃树', '新蕾出版社', '(意)安琪拉·那涅第著，(意)安娜·巴布索，(意)埃尔娜·巴布索绘，徐洁译', '2016-10-25 17:06:22', 0),
(980, 21, '0847', '9787530751022', '威斯汀游戏', '新蕾出版社', '(美)埃伦·拉斯金著，李鸥译', '2016-10-25 17:06:22', 0),
(981, 21, '0848', '9787530749814', '屋顶上的小孩', '新蕾出版社', '(美)奥黛莉·克伦毕斯著，刘清彦译', '2016-10-25 17:06:22', 0),
(982, 21, '0849', '9787530750582', '五毛钱的愿望', '新蕾出版社', '(美)比尔·布里坦著，(美)安德鲁·格拉斯绘，隋荣谊译', '2016-10-25 17:06:22', 0),
(983, 21, '0850', '9787530750650', '喜乐与我', '新蕾出版社', '(美)菲琳丝·那勒著，吴祯祥译', '2016-10-25 17:06:22', 0),
(984, 21, '0851', '9787530750735', '夏日历险', '新蕾出版社', '(美)威尔逊·罗尔斯著，朱华钧，韩桂莲，朱新宇译', '2016-10-25 17:06:22', 0),
(985, 21, '0852', '9787530749753', '橡树上的逃亡', '新蕾出版社', '(法)蒂莫泰·德·丰拜勒著，(法)弗朗索瓦·普拉斯绘，刘英华译', '2016-10-25 17:06:22', 0),
(986, 21, '0853', '9787530750575', '小河男孩', '新蕾出版社', '(美)蒂姆·鲍勒著，麦倩宜译', '2016-10-25 17:06:22', 0),
(987, 21, '0854', '9787530751008', '幸福来临时', '新蕾出版社', '(德)米亚姆·普莱斯勒著，佘葆青译', '2016-10-25 17:06:23', 0),
(988, 21, '0855', '9787530749838', '最后一块拼图', '新蕾出版社', '(德)西古德·普吕茨著，王泰智，沈惠珠译', '2016-10-25 17:06:23', 0),
(989, 21, '0856', '9787530758311', '波普先生的企鹅', '新蕾出版社', '(美)理查德·阿特沃特，(美)弗洛伦斯·阿特沃特著，(美)罗伯特·罗素绘，安聿麒译', '2016-10-25 17:06:23', 0),
(990, 21, '0857', '9787530758304', '狗来了', '新蕾出版社', '(奥)克里斯蒂娜·涅斯特林格著，(德)尤塔·鲍尔绘，杨立译', '2016-10-25 17:06:23', 0),
(991, 21, '0858', '9787530758182', '桥下一家人', '新蕾出版社', '(美)纳塔莉·萨维奇·卡尔森著，(美)盖斯·威廉姆斯绘，王宗文译', '2016-10-25 17:06:23', 0),
(992, 21, '0859', '9787530758861', '小脚公主和七头大象', '新蕾出版社', '(奥)阿伯特·温特著，(奥)玛丽亚·布拉乔夫斯基绘，王泰智，沈惠珠译', '2016-10-25 17:06:23', 0),
(993, 21, '0860', '9787530759288', '小巫婆求仙记', '新蕾出版社', '(美)E.L.柯尼斯伯格著，魏莉译', '2016-10-25 17:06:23', 0),
(994, 21, '0861', '9787530758199', '一百条裙子', '新蕾出版社', '(美)埃莉诺·埃斯特斯，(美)路易斯·斯洛博德金绘，袁颖译', '2016-10-25 17:06:23', 0),
(995, 21, '0862', '9787530761304', '云朵工厂', '新蕾出版社', '(西)霍尔迪·塞拉利昂·依·法布拉，(西)埃斯格里瓦绘，李竞阳译', '2016-10-25 17:06:23', 0),
(996, 21, '0863', '9787531561088', '蜂蜜失窃谜案', '辽宁少年儿童出版社', '(英)克莱尔·弗莱德曼文，(英)霍利·思维恩绘，王彤译', '2016-10-25 17:06:23', 0),
(997, 21, '0864', '9787531560814', '还有很远吗？', '辽宁少年儿童出版社', '(比)英格利特·高登文/绘，赵博译', '2016-10-25 17:06:23', 0),
(998, 21, '0865', '9787531562313', '雷维约教授的世界动物图谱', '辽宁少年儿童出版社', '(西)哈维尔·萨埃斯·加斯丹插图，杨凝宜译', '2016-10-25 17:06:23', 0),
(999, 21, '0866', '9787531561071', '认识鲁本·普拉尼克', '辽宁少年儿童出版社', '(美)罗兹·罗森布鲁斯文，(美)玛丽·J·曼宁绘，高颖蓝译', '2016-10-25 17:06:23', 0),
(1000, 21, '0867', '9787534645662', '居里夫人的故事', '江苏少年儿童出版社', '(英)埃列娜·杜尔利著，二粟译', '2016-10-25 17:06:23', 0),
(1001, 21, '0868', '9787501607235', '缤纷羽毛', '天天出版社', '(新西兰)乔伊·考利著，(新西兰)大卫·埃利奥特绘，杨晓霞译', '2016-10-25 17:06:23', 0),
(1002, 21, '0869', '9787501606993', '等待魔法', '天天出版社', '(美)帕特里夏·麦克拉克伦著，(美)艾米·琼·贝特绘，张树娟译', '2016-10-25 17:06:23', 0),
(1003, 21, '0870', '9787501609123', '蒂拉的天空', '天天出版社', '(挪)黑格·托尔文著，(挪)玛丽·康斯坦·约翰逊绘，李菁菁译', '2016-10-25 17:06:23', 0),
(1004, 21, '0871', '9787501607273', '赶象人', '天天出版社', '(英)吉莲·克罗斯著，杨晓霞译', '2016-10-25 17:06:23', 0),
(1005, 21, '0872', '9787501605972', '记忆银行', '天天出版社', '(美)卡罗琳·科曼著，(美)罗布·谢泼森绘，张树娟译', '2016-10-25 17:06:23', 0),
(1006, 21, '0873', '9787501607617', '魔石心', '天天出版社', '(美)凯瑟琳·帕特森，(美)约翰·帕特森著，(美)约翰·罗科绘，马爱农译', '2016-10-25 17:06:23', 0),
(1007, 21, '0874', '9787501609246', '唐的赎金', '天天出版社', '(英)西沃恩•多德著，(英)帕姆•森米绘，张红兵译', '2016-10-25 17:06:23', 0),
(1008, 21, '0875', '9787501607624', '夜仙子', '天天出版社', '(美)劳拉·埃米·施利茨著，(美)安吉拉·巴雷特绘，杨晓霞译', '2016-10-25 17:06:23', 0),
(1009, 21, '0876', '9787501607266', '银色的小驴', '天天出版社', '(澳)桑娅·哈特尼特著，(澳)安妮·斯普迪拉斯绘，周莉译', '2016-10-25 17:06:23', 0),
(1010, 21, '0877', '9787020103331', '哈利·波特与“混血王子”', '人民文学出版社', '(英)JK·罗琳著，马爱农，马爱新译', '2016-10-25 17:06:23', 0),
(1011, 21, '0878', '9787020103317', '哈利·波特与阿兹卡班囚徒', '人民文学出版社', '(英)JK·罗琳著，马爱农，马爱新译', '2016-10-25 17:06:23', 0),
(1012, 21, '0879', '9787020103348', '哈利·波特与凤凰社', '人民文学出版社', '(英)JK·罗琳著，马爱农，马爱新译', '2016-10-25 17:06:23', 0),
(1013, 21, '0880', '9787020103324', '哈利·波特与火焰杯', '人民文学出版社', '(英)JK·罗琳著，马爱新译', '2016-10-25 17:06:23', 0),
(1014, 21, '0881', '9787020103300', '哈利·波特与密室', '人民文学出版社', '(英)JK·罗琳著，马爱新译', '2016-10-25 17:06:23', 0),
(1015, 21, '0882', '9787020103294', '哈利·波特与魔法石', '人民文学出版社', '(英)JK·罗琳著，苏农译', '2016-10-25 17:06:23', 0),
(1016, 21, '0883', '9787020103355', '哈利·波特与死亡圣器', '人民文学出版社', '(英)JK·罗琳著，马爱农，马爱新译', '2016-10-25 17:06:23', 0),
(1017, 21, '0884', '9787544832274', '听话的孩子有错吗', '接力出版社', '黄宇著，杨思帆绘', '2016-10-25 17:06:23', 0),
(1018, 21, '0885', '9787544832267', '为什么总是别人的孩子好', '接力出版社', '黄宇著，杨思帆绘', '2016-10-25 17:06:23', 0);
INSERT INTO `m_booklist` (`id`, `user_id`, `booklist_name`, `booklist_cover`, `booklist_tag`, `booklist_discription`, `recomend`, `c_time`, `is_del`) VALUES
(1019, 21, '0886', '9787544832243', '兴趣班为什么没兴趣', '接力出版社', '黄宇著，杨思帆绘', '2016-10-25 17:06:23', 0),
(1020, 21, '0887', '9787544832250', '怎么总惹妈妈不高兴', '接力出版社', '黄宇著，杨思帆绘', '2016-10-25 17:06:23', 0),
(1021, 21, '0888', '9787556007264', '1，2，3，数星星', '长江少年儿童出版社', '(法)安妮-苏菲·波曼文，(法)安妮-丽丝·布坦图，王娣译', '2016-10-25 17:06:23', 0),
(1022, 21, '0889', '9787535355997', '不一样的河狸', '湖北少年儿童出版社', '(瑞士)凯瑟琳·路易斯文/图，洪翠娥译', '2016-10-25 17:06:23', 0),
(1023, 21, '0890', '9787539419770', '嚓-嘭！', '湖北美术出版社', '(奥地利)汉斯·雅尼什文，(奥地利)赫尔嘎·班石图，王星译', '2016-10-25 17:06:24', 0),
(1024, 21, '0891', '9787556001453', '从前，有一只小龙', '长江少年儿童出版社', '(奥地利)沃尔特·施默格纳文/图，叶朗译', '2016-10-25 17:06:24', 0),
(1025, 21, '0892', '9787535376282', '大乌鸦', '湖北少年儿童出版社', '(法)比特斯·方特文，(法)安东尼·格劳普诺图，蔡莲莉译', '2016-10-25 17:06:24', 0),
(1026, 21, '0893', '9787556004102', '大熊的拥抱', '长江少年儿童出版社', '(英)凯瑟琳·麦克尤恩文/图，林昕译', '2016-10-25 17:06:24', 0),
(1027, 21, '0894', '9787556011124', '丹尼弗先生是个大富翁', '长江少年儿童出版社', '(英)大卫·麦基文/图，柳漾译', '2016-10-25 17:06:24', 0),
(1028, 21, '0895', '9787539420042', '胆小的猫头鹰', '湖北美术出版社', '(意)弗兰杰西卡·波丝卡文，(意)朱里安诺·费瑞图，方素珍编译', '2016-10-25 17:06:24', 0),
(1029, 21, '0896', '9787535347619', '敌人派', '湖北少年儿童出版社', '(美)德瑞克·莫森文，(美)泰拉·葛拦罕·金恩图，萧萍，萧晶译', '2016-10-25 17:06:24', 0),
(1030, 21, '0897', '9787535381965', '冬天的红尾鸟', '湖北少年儿童出版社', '(德)安娜·莫勒文/图，李晓琼译', '2016-10-25 17:06:24', 0),
(1031, 21, '0898', '9787556007233', '肚子里的肚子里的肚子里有老鼠', '长江少年儿童出版社', '(日)浅野真澄文，(日)长谷川义史图，冯文莉译', '2016-10-25 17:06:24', 0),
(1032, 21, '0899', '9787535388636', '鳄鱼蛋糕', '湖北少年儿童出版社', '(澳)帕罗·摩根文，(澳)克里斯·尼克松图，林昕译', '2016-10-25 17:06:24', 0),
(1033, 21, '0900', '9787556010677', '孤独的稻草人', '长江少年儿童出版社', '(英)贝妮黛·华兹文/图，安喜帛译', '2016-10-25 17:06:24', 0),
(1034, 21, '0901', '9787535345370', '和爸爸一起散步', '湖北少年儿童出版社', '(法)周·欧斯特·朗迪著，(西)卡门·瑟果维亚绘，王石安译', '2016-10-25 17:06:24', 0),
(1035, 21, '0902', '9787556001439', '河流的歌声', '长江少年儿童出版社', '(美)史蒂夫·凡冉特文，(美)凯瑟琳·泽卡图，夏沐译', '2016-10-25 17:06:24', 0),
(1036, 21, '0903', '9787532255795', '灰狼家的小饭桶们', '上海人民美术出版社', '(英)大卫·梅林文/图，萧萍译', '2016-10-25 17:06:24', 0),
(1037, 21, '0904', '9787535347633', '记忆的瓶子', '湖北少年儿童出版社', '(英)贝斯·苏珊文，(英)凯蒂·潘慕特图，杨古译', '2016-10-25 17:06:24', 0),
(1038, 21, '0905', '9787556008209', '假如再给我三天时间', '长江少年儿童出版社', '(法)雷米·古琼文/图，蔡莲莉译', '2016-10-25 17:06:24', 0),
(1039, 21, '0906', '9787539429694', '静悄悄的夜晚', '湖北美术出版社', '(美)乔纳森·宾文/图，萧萍，萧晶译', '2016-10-25 17:06:24', 0),
(1040, 21, '0907', '9787539419640', '凯能行! ', '湖北美术出版社', '(德)埃蒂特·施莱本-维克文，(德)卡罗拉·霍兰德图，王晓翠译', '2016-10-25 17:06:24', 0),
(1041, 21, '0908', '9787535385987', '老虎和猫', '湖北少年儿童出版社', '(日)大岛英太郎著，唐亚明译', '2016-10-25 17:06:24', 0),
(1042, 21, '0909', '9787539456522', '没有鸟儿的天空', '湖北美术出版社', '(法)雷米·古琼文/图，蔡莲莉译', '2016-10-25 17:06:24', 0),
(1043, 21, '0910', '9787539435916', '没有做不到的事', '湖北美术出版社', '(澳)谢恩·McG文/图，林昕译', '2016-10-25 17:06:24', 0),
(1044, 21, '0911', '9787535376275', '魔法面粉', '湖北少年儿童出版社', '(丹)罗恩·慕卡德·尼尔森文，(丹)汉娜·巴特林图，李晓琼译', '2016-10-25 17:06:24', 0),
(1045, 21, '0912', '9787556001415', '母鸡的旅行', '长江少年儿童出版社', '(澳)安娜·沃克文/图，了了译', '2016-10-25 17:06:24', 0),
(1046, 21, '0913', '9787535345394', '那时候，大家都戴帽子', '湖北少年儿童出版社', '(美)威廉·史塔克文/图，刘清彦译', '2016-10-25 17:06:24', 0),
(1047, 21, '0914', '9787556020799', '你好，月亮', '长江少年儿童出版社', '(美)弗朗西斯卡·西蒙文，(英)本·科特图，陶莉译', '2016-10-25 17:06:24', 0),
(1048, 21, '0915', '9787539420905', '农夫去旅行', '湖北美术出版社', '(德)克里斯迪安·提尔曼文，(德)丹尼尔·纳波图，王星译', '2016-10-25 17:06:24', 0),
(1049, 21, '0916', '9787539440897', '亲爱的老师收', '湖北美术出版社', '(英)艾米·哈斯本德文/图，漪然译', '2016-10-25 17:06:24', 0),
(1050, 21, '0917', '9787539421421', '三个怪物', '湖北美术出版社', '(英)大卫·麦基文/图，阿甲译', '2016-10-25 17:06:24', 0),
(1051, 21, '0918', '9787535345349', '世界为谁存在？', '湖北少年儿童出版社', '(英)汤姆·波尔文，(澳)罗伯·英潘图，刘清彦译', '2016-10-25 17:06:24', 0),
(1052, 21, '0919', '9787532255818', '谁怕大坏书', '上海人民美术出版社', '(英)罗伦·乔尔德文/图，萧萍译', '2016-10-25 17:06:24', 0),
(1053, 21, '0920', '9787556010622', '谁下了最美丽的蛋？', '长江少年儿童出版社', '(荷)伯尼·鲍斯著，(荷)汉斯·比尔图，假如译', '2016-10-25 17:06:24', 0),
(1054, 21, '0921', '9787539419602', '松鼠先生和月亮', '湖北美术出版社', '(德)塞巴斯蒂安·麦什莫泽文/图，王晓翠译', '2016-10-25 17:06:24', 0),
(1055, 21, '0922', '9787556010646', '兔子先生有个大工程', '长江少年儿童出版社', '(荷)汉斯·比尔文/图，假如译', '2016-10-25 17:06:24', 0),
(1056, 21, '0923', '9787539425788', '玩具船去航行', '湖北美术出版社', '(美)兰德尔·塞弗文，(美)罗伦·隆图，任溶溶译', '2016-10-25 17:06:24', 0),
(1057, 21, '0924', '9787556008223', '我的爱一直陪着你', '长江少年儿童出版社', '(美)南希·蒂尔曼文/图，李唯一译', '2016-10-25 17:06:25', 0),
(1058, 21, '0925', '9787532257539', '我家有个“外星人”', '上海人民美术出版社', '(加)森娜吉·南吉文，(加)切姆·麦莉奥图，萧晶译', '2016-10-25 17:06:25', 0),
(1059, 21, '0926', '9787556007226', '我是这样地爱着你', '长江少年儿童出版社', '(英)霍斯文，(英)艾莉森·布朗图，了了译', '2016-10-25 17:06:25', 0),
(1060, 21, '0927', '9787532257522', '我讨厌书', '上海人民美术出版社', '(加)玛秋莎·帕基文，(加)琳妮·弗兰森图，萧晶译', '2016-10-25 17:06:25', 0),
(1061, 21, '0928', '9787532255801', '我选我自己：动物们的选举', '上海人民美术出版社', '(德)马丁·巴尔切特文，(德)克里斯蒂娜·施瓦茨，(德)马丁·巴尔切特图，裴莹译', '2016-10-25 17:06:25', 0),
(1062, 21, '0929', '9787556001422', '我眼中的世界', '长江少年儿童出版社', '(美)拉亚·斯坦伯格文，(美)克里斯·阿博图，夏沐译', '2016-10-25 17:06:25', 0),
(1063, 21, '0930', '9787539421377', '小绿狼', '湖北美术出版社', '(法)勒内·葛舒文，(法)爱瑞克·盖斯德图，李英华译', '2016-10-25 17:06:25', 0),
(1064, 21, '0931', '9787539421377', '小魔怪要上学', '湖北美术出版社', '(法)玛丽·阿涅丝·高德哈文，(法)大卫·派金斯图，李英华译', '2016-10-25 17:06:25', 0),
(1065, 21, '0932', '9787535385970', '小女巫', '湖北少年儿童出版社', '(日)广野多珂子文/图，唐亚明译', '2016-10-25 17:06:25', 0),
(1066, 21, '0933', '9787556004119', '雪娃娃莉莉', '长江少年儿童出版社', '(奥)海因茨·雅尼什文，(丹)索伦·杰森图，陈维译', '2016-10-25 17:06:25', 0),
(1067, 21, '0934', '9787556020768', '一只聪明的笨狼', '长江少年儿童出版社', '(法)让·勒鲁瓦文，(法)马修·莫德图，邢培健译', '2016-10-25 17:06:25', 0),
(1068, 21, '0935', '9787539424057', '一只好狼的故事', '湖北美术出版社', '(波兰)约瑟夫·魏尔康文，(德)彼得·尼克尔图，刘海颖译', '2016-10-25 17:06:25', 0),
(1069, 21, '0936', '9787539419619', '有个性的羊', '湖北美术出版社', '(德)达尼拉·楚德岑思克文/图，王星译', '2016-10-25 17:06:25', 0),
(1070, 21, '0937', '9787556004096', '月光森林', '长江少年儿童出版社', '(英)帕特利娅·麦肯锡文/图，李唯一译', '2016-10-25 17:06:25', 0),
(1071, 21, '0938', '9787539424040', '月亮之歌', '湖北美术出版社', '(德)莫里兹·佩茨文，(法)艾米丽·雅库瓦斯基图，于珊译', '2016-10-25 17:06:25', 0),
(1072, 21, '0939', '9787556004089', '最后一只老虎', '长江少年儿童出版社', '(英)丽贝卡·埃利奥特文/图，夏沐译', '2016-10-25 17:06:25', 0),
(1073, 21, '0940', '9787535345387', '最想做的事', '湖北少年儿童出版社', '(美)玛莉·布雷比文，(美)克里斯·K·索恩皮图，梅子涵译', '2016-10-25 17:06:25', 0),
(1074, 21, '0941', '9787535362858', '如果我是第七只小羊', '湖北少年儿童出版社', '(德)卡瑞拉·施奈德文，(德)斯特芬尼·哈叶斯图，曾璇译', '2016-10-25 17:06:25', 0),
(1075, 21, '0942', '9787539430775', '爱听故事的大熊', '湖北美术出版社', '(美)丹尼斯·海士黎文，(美)吉姆·拉玛奇图，姚媛译', '2016-10-25 17:06:25', 0),
(1076, 21, '0943', '9787539421438', '我的爸爸叫焦尼', '湖北美术出版社', '(瑞典)波·R·汉伯格文，(瑞典)爱娃·艾瑞克松图，彭懿译', '2016-10-25 17:06:25', 0),
(1077, 21, '0944', '9787539423555', '爷爷的天使', '湖北美术出版社', '(德)尤塔·鲍尔文/图，高玉菁译', '2016-10-25 17:06:25', 0),
(1078, 21, '0945', '9787539420899', '爷爷变成了幽灵', '湖北美术出版社', '(丹)金·弗珀兹·艾克松文，(瑞典)爱娃·艾瑞克松图，彭懿译', '2016-10-25 17:06:25', 0),
(1079, 21, '0946', '9787513303217', '好脏的哈利——01.好脏的哈利', '新星出版社', '(美)吉恩·蔡恩著，(美)玛格丽特·布罗伊·格雷厄姆绘，任溶溶译', '2016-10-25 17:06:25', 0),
(1080, 21, '0947', '9787513303842', '好脏的哈利——02.哈利的花毛衣', '新星出版社', '(美)吉恩·蔡恩著，(美)玛格丽特·布罗伊·格雷厄姆绘，任溶溶译', '2016-10-25 17:06:25', 0),
(1081, 21, '0948', '9787513303866', '好脏的哈利——03.哈利海边历险记', '新星出版社', '(美)吉恩·蔡恩著，(美)玛格丽特·布罗伊·格雷厄姆绘，任溶溶译', '2016-10-25 17:06:25', 0),
(1082, 21, '0949', '9787513303859', '好脏的哈利——04.哈利和爱唱歌的邻居', '新星出版社', '(美)吉恩·蔡恩著，(美)玛格丽特·布罗伊·格雷厄姆绘，任溶溶译', '2016-10-25 17:06:25', 0),
(1083, 21, '0950', '9787513316729', '和爸爸一起去探索——和爸爸一起去海边', '新星出版社', '(日)松冈达英著，丁虹译', '2016-10-25 17:06:25', 0),
(1084, 21, '0951', '9787513316736', '和爸爸一起去探索——和爸爸一起去森林', '新星出版社', '(日)松冈达英著，丁虹译', '2016-10-25 17:06:25', 0),
(1085, 21, '0952', '9787539444222', '暴风雨来了', '湖北美术出版社', '(英)加比·戈尔德萨克著，(英)史蒂夫·斯莫尔曼绘，柳漾译', '2016-10-25 17:06:25', 0),
(1086, 21, '0953', '9787539444215', '孵不出来的小鸡', '湖北美术出版社', '(英)加比·戈尔德萨克著，(英)史蒂夫·斯莫尔曼绘，柳漾译', '2016-10-25 17:06:25', 0),
(1087, 21, '0954', '9787539444215', '牛奶去哪儿了', '湖北美术出版社', '(英)加比·戈尔德萨克著，(英)史蒂夫·斯莫尔曼绘，柳漾译', '2016-10-25 17:06:25', 0),
(1088, 21, '0955', '9787539444222', '怕热的小猪', '湖北美术出版社', '(英)加比·戈尔德萨克著，(英)史蒂夫·斯莫尔曼绘，柳漾译', '2016-10-25 17:06:25', 0),
(1089, 21, '0956', '9787539444215', '怕痒痒的小绵羊', '湖北美术出版社', '(英)加比·戈尔德萨克著，(英)史蒂夫·斯莫尔曼绘，柳漾译', '2016-10-25 17:06:25', 0),
(1090, 21, '0957', '9787539444215', '受伤的拖拉机', '湖北美术出版社', '(英)加比·戈尔德萨克著，(英)史蒂夫·斯莫尔曼绘，柳漾译', '2016-10-25 17:06:25', 0),
(1091, 21, '0958', '9787539444222', '拖拉机闯祸了', '湖北美术出版社', '(英)加比·戈尔德萨克著，(英)史蒂夫·斯莫尔曼绘，柳漾译', '2016-10-25 17:06:25', 0),
(1092, 21, '0959', '9787539444222', '糟糕的生日聚会', '湖北美术出版社', '(英)加比·戈尔德萨克著，(英)史蒂夫·斯莫尔曼绘，柳漾译', '2016-10-25 17:06:25', 0),
(1093, 21, '0960', '9787537653220', '雪晚林边歇马', '河北少年儿童出版社', '(美)罗伯．佛洛斯特文，(美)苏珊．杰佛斯图，余光中译', '2016-10-25 17:06:25', 0),
(1094, 21, '0961', '9787537636193', '阿迪和朱莉', '河北少年儿童出版社', '陈致元文/图', '2016-10-25 17:06:25', 0),
(1095, 21, '0962', '9787537638142', '图书馆狮子', '河北少年儿童出版社', '(美)米歇尔·努森文，(美)凯文·霍克斯图，周逸芬译', '2016-10-25 17:06:25', 0),
(1096, 21, '0963', '9787537636025', '一个不能没有礼物的日子', '河北少年儿童出版社', '陈致元文/图', '2016-10-25 17:06:26', 0),
(1097, 21, '0964', '9787537636049', '早起的一天', '河北少年儿童出版社', '赖马文/图', '2016-10-25 17:06:26', 0),
(1098, 21, '0965', '9787537638128', '吃六顿晚餐的猫', '河北少年儿童出版社', '(英)英格·莫尔文/图，黄廼毓译', '2016-10-25 17:06:26', 0),
(1099, 21, '0966', '9787537651127', '绯红树 ', '河北少年儿童出版社', '陈志勇文/图，余光中译', '2016-10-25 17:06:26', 0),
(1100, 21, '0967', '9787537651158', '家园', '河北少年儿童出版社', '(澳)吉妮．贝克文/图', '2016-10-25 17:06:26', 0),
(1101, 21, '0968', '9787537639323', '绿笛', '河北少年儿童出版社', '(美)珍妮儿·肯侬文/图，阿甲审译', '2016-10-25 17:06:26', 0),
(1102, 21, '0969', '9787537636018', '帕拉帕拉山的妖怪', '河北少年儿童出版社', '赖马文/图', '2016-10-25 17:06:26', 0),
(1103, 21, '0970', '9787537636124', '十二生肖的故事', '河北少年儿童出版社', '赖马文/图', '2016-10-25 17:06:26', 0),
(1104, 21, '0971', '9787537638111', '威斯利王国', '河北少年儿童出版社', '(美)保罗·弗莱舒门文，(美)凯文·霍克斯图，杨玲玲，彭懿译', '2016-10-25 17:06:26', 0),
(1105, 21, '0972', '9787537636179', '我变成一只喷火龙了！', '河北少年儿童出版社', '赖马文/图', '2016-10-25 17:06:26', 0),
(1106, 21, '0973', '9787537636155', '我和我的脚踏车', '河北少年儿童出版社', '叶安德文/图', '2016-10-25 17:06:26', 0),
(1107, 21, '0974', '9787537638159', '星月', '河北少年儿童出版社', '(美)珍妮儿·肯侬文/图，阿甲审译', '2016-10-25 17:06:26', 0),
(1108, 21, '0975', '9787537651165', '蜗牛屋', '河北少年儿童出版社', '(英)艾伦·亚伯格文，(英)吉里安·泰勒图，周逸芬译', '2016-10-25 17:06:26', 0),
(1109, 21, '0976', '9787537668064', '家族相簿', '河北少年儿童出版社', '(德)席薇亚·戴娜，(德)提娜·克莉格文，(德)乌丽可·柏杨图，洪翠娥译', '2016-10-25 17:06:26', 0),
(1110, 21, '0977', '9787537668064', '安静也可以美丽', '河北少年儿童出版社', '黄立佩文/图', '2016-10-25 17:06:26', 0),
(1111, 21, '0978', '9787537668064', '鼹鼠的礼物', '河北少年儿童出版社', '(英)海文·欧瑞文，(英)苏珊·巴蕾图，范晓星译', '2016-10-25 17:06:26', 0),
(1112, 21, '0979', '9787537668064', '阳光之家', '河北少年儿童出版社', '(美)依芙·邦婷文，(美)黛安·狄葛罗特图，刘清彦译', '2016-10-25 17:06:26', 0),
(1113, 21, '0980', '9787537668064', '好好爱阿迪', '河北少年儿童出版社', '(美)维吉尼亚·芙蓝明文，(美)福洛得·库柏图，范晓星译', '2016-10-25 17:06:26', 0),
(1114, 21, '0981', '9787537668064', '我最想做的事', '河北少年儿童出版社', '王孟婷文/图', '2016-10-25 17:06:26', 0),
(1115, 21, '0982', '9787537668064', '私人密件', '河北少年儿童出版社', '(英)玛莉安·雷普莉文，(英)寇林·贝克豪斯图，许琳英译', '2016-10-25 17:06:26', 0),
(1116, 21, '0983', '9787537668064', '想念奶奶', '河北少年儿童出版社', '马俐，程文文，马新阶图', '2016-10-25 17:06:26', 0),
(1117, 21, '0984', '9787537668064', '谁偷了便当', '河北少年儿童出版社', '叶安德文/图', '2016-10-25 17:06:26', 0),
(1118, 21, '0985', '9787537668064', '谁是胆小鬼', '河北少年儿童出版社', '黄本蕊文/图', '2016-10-25 17:06:26', 0),
(1119, 21, '0986', '9787221125125', '河合雅雄动物记——1.狮尾狒狒之星', '贵州人民出版社', '(日)草山万兔著，(日)薮内正幸绘，孙雅甜译', '2016-10-25 17:06:26', 0),
(1120, 21, '0987', '9787221125132', '河合雅雄动物记——2.水獭的浮冰之旅', '贵州人民出版社', '(日)草山万兔著，(日)金尾惠子绘，孙雅甜译', '2016-10-25 17:06:26', 0),
(1121, 21, '0988', '9787221125149', '河合雅雄动物记——3.大草原上的兔子与猫的故事', '贵州人民出版社', '(日)草山万兔著，(日)金尾惠子绘，孙雅甜译', '2016-10-25 17:06:26', 0),
(1122, 21, '0989', '9787221125194', '河合雅雄动物记——4.三只小乌鸦', '贵州人民出版社', '(日)草山万兔著，(日)金尾惠子绘，孙雅甜译', '2016-10-25 17:06:26', 0),
(1123, 21, '0990', '9787221125163', '河合雅雄动物记——6.驰骋在极北地区的驯鹿', '贵州人民出版社', '(日)草山万兔著，(日)金尾惠子绘，孙雅甜译', '2016-10-25 17:06:26', 0),
(1124, 21, '0991', '9787544826020', '狼獾河', '接力出版社', '格日勒其木格·黑鹤著', '2016-10-25 17:06:26', 0),
(1125, 21, '0992', '9787532493326', '极限探险-火山惊魂', '少年儿童出版社', '(新西兰)贾斯丁·达斯著，吴刚译', '2016-10-25 17:06:26', 0),
(1126, 21, '0993', '9787532493357', '极限探险-巨蟒伏击', '少年儿童出版社', '(新西兰)贾斯丁·达斯著，向丽娟译', '2016-10-25 17:06:26', 0),
(1127, 21, '0994', '9787532493463', '极限探险-杀人鲸', '少年儿童出版社', '(新西兰)贾斯丁·达斯著，向丽娟译', '2016-10-25 17:06:26', 0),
(1128, 21, '0995', '9787532493296', '极限探险-蝎针行动', '少年儿童出版社', '(新西兰)贾斯丁·达斯著，方晓青译', '2016-10-25 17:06:26', 0),
(1129, 21, '0996', '9787532494699', '博物馆惊魂夜', '少年儿童出版社', '(法)达尼埃尔·蒂埃里著，陈明媛译', '2016-10-25 17:06:26', 0),
(1130, 21, '0997', '9787532494705', '大水池', '少年儿童出版社', '(法)让-于格·欧佩尔著，黄雅琴译', '2016-10-25 17:06:26', 0),
(1131, 21, '0998', '9787532494682', '今晚独自在家', '少年儿童出版社', '(法)让-于格·欧佩尔著，黄雅琴译', '2016-10-25 17:06:26', 0),
(1132, 21, '0999', '9787532760558', '黑质三部曲·之二魔法神刀', '上海译文出版社', '(英)菲利普·普尔曼著，周倩译', '2016-10-25 17:06:26', 0),
(1133, 21, '1000', '9787532760565', '黑质三部曲·之三琥珀望远镜', '上海译文出版社', '(英)菲利普·普尔曼著，陈俊群译', '2016-10-25 17:06:26', 0),
(1134, 21, '1001', '9787532760541', '黑质三部曲·之一黄金罗盘', '上海译文出版社', '(英)菲利普·普尔曼著，周景兴译', '2016-10-25 17:06:26', 0),
(1135, 21, '1002', '9787501606009', '红城王国 大战蒙面狐 1.凶神蒙面狐', '天天出版社', '(英)布赖恩·雅克著，孙宝成译', '2016-10-25 17:06:26', 0),
(1136, 21, '1003', '9787501605996', '红城王国 大战蒙面狐 2.铁喙将军', '天天出版社', '(英)布赖恩·雅克著，孙宝成译', '2016-10-25 17:06:26', 0),
(1137, 21, '1004', '9787501605989', '红城王国 大战蒙面狐 3.毁灭地下王国', '天天出版社', '(英)布赖恩·雅克著，孙宝成译', '2016-10-25 17:06:27', 0),
(1138, 21, '1005', '9787501606962', '红城王国 风暴勇士 1.海上来的姑娘', '天天出版社', '(英)布赖恩·雅克著，周莉译', '2016-10-25 17:06:27', 0),
(1139, 21, '1006', '9787501606979', '红城王国 风暴勇士 2.冒险小分队', '天天出版社', '(英)布赖恩·雅克著，周莉译', '2016-10-25 17:06:27', 0),
(1140, 21, '1007', '9787501606986', '红城王国 风暴勇士 3.决战伽波尔', '天天出版社', '(英)布赖恩·雅克著，周莉译', '2016-10-25 17:06:27', 0),
(1141, 21, '1008', '9787501605927', '红城王国 红城勇士 1.恶魔来袭', '天天出版社', '(英)布赖恩·雅克著，周莉译', '2016-10-25 17:06:27', 0),
(1142, 21, '1009', '9787501605934', '红城王国 红城勇士 2.夺剑之路', '天天出版社', '(英)布赖恩·雅克著，周莉译', '2016-10-25 17:06:27', 0),
(1143, 21, '1010', '9787501605965', '红城王国 红城勇士 3.勇士归来', '天天出版社', '(英)布赖恩·雅克著，周莉译', '2016-10-25 17:06:27', 0),
(1144, 21, '1011', '9787501607204', '红城王国 獾主的城堡 1.獾城的玛拉', '天天出版社', '(英)布赖恩·雅克著，杨晓霞译', '2016-10-25 17:06:27', 0),
(1145, 21, '1012', '9787501607211', '红城王国 獾主的城堡 2.红城的小勇士', '天天出版社', '(英)布赖恩·雅克著，杨晓霞译', '2016-10-25 17:06:27', 0),
(1146, 21, '1013', '9787501607228', '红城王国 獾主的城堡 3.归家者的秋天', '天天出版社', '(英)布赖恩·雅克著，杨晓霞译', '2016-10-25 17:06:27', 0),
(1147, 21, '1014', '9787501605910', '红城王国 野猫终结者 1.野猫女王', '天天出版社', '(英)布赖恩·雅克著，马爱农译', '2016-10-25 17:06:27', 0),
(1148, 21, '1015', '9787501605903', '红城王国 野猫终结者 2.火蜥蜴高岭', '天天出版社', '(英)布赖恩·雅克著，马爱农译', '2016-10-25 17:06:27', 0),
(1149, 21, '1016', '9787501605897', '红城王国 野猫终结者 3.洪水与勇士', '天天出版社', '(英)布赖恩·雅克著，马爱农译', '2016-10-25 17:06:27', 0),
(1150, 21, '1017', '9787507219814', '大茶壶', '中国中福会出版社', '(日)渡边悦子著文/图，邢培健译', '2016-10-25 17:06:27', 0),
(1151, 21, '1018', '9787507219784', '捡到一个小东西', '中国中福会出版社', '(法)斯特凡纳·塞尔沃文，(法)塞西尔·邦邦图，邢培健译', '2016-10-25 17:06:27', 0),
(1152, 21, '1019', '9787507219807', '老狼买裤衩', '中国中福会出版社', '(法)斯特凡纳·塞尔沃文，(法)拉迪蒂亚·勒叟图，邢培健译', '2016-10-25 17:06:27', 0),
(1153, 21, '1020', '9787507219791', '这是谁的短裤？', '中国中福会出版社', '(比)安·克拉埃文/图，邢培健译', '2016-10-25 17:06:27', 0),
(1154, 21, '1021', '9787508522951', '晶晶的桃花源记', '五洲传播出版社', '哲也著，陈美燕绘', '2016-10-25 17:06:27', 0),
(1155, 21, '1022', '9787221124036', '疯狂科学探险队——核弹危机(下)', '贵州人民出版社', '(美)伯特兰·R.布林利文，(美)查尔斯·吉尔图，王心莹译', '2016-10-25 17:06:27', 0),
(1156, 21, '1023', '9787221125156', '河合雅雄动物记——5.森林野猪王', '贵州人民出版社', '(日)草山万兔著，(日)金尾惠子绘，孙雅甜译', '2016-10-25 17:06:27', 0),
(1157, 4, '小书单', '/userupload//201610/26/thumb_581062b908ea8.jpg', '儿童教育,经济,管理培训,小说', '描述', '推荐理由', '2016-10-26 16:01:17', 0);

-- --------------------------------------------------------

--
-- 表的结构 `m_book_sd_relation`
--

CREATE TABLE IF NOT EXISTS `m_book_sd_relation` (
  `id` int(11) NOT NULL AUTO_INCREMENT,
  `book_id` int(11) DEFAULT NULL COMMENT '图书id',
  `sd_id` int(11) DEFAULT NULL COMMENT '书单id',
  `ctime` datetime DEFAULT NULL COMMENT '创建时间',
  PRIMARY KEY (`id`)
) ENGINE=InnoDB  DEFAULT CHARSET=utf8 AUTO_INCREMENT=5 ;

--
-- 转存表中的数据 `m_book_sd_relation`
--

INSERT INTO `m_book_sd_relation` (`id`, `book_id`, `sd_id`, `ctime`) VALUES
(1, 41, 1157, '2016-10-26 00:00:00'),
(2, 42, 1157, '2016-10-20 00:00:00'),
(3, 54, 1157, '2016-10-19 00:00:00'),
(4, 55, 1157, '2016-10-19 00:00:00');

-- --------------------------------------------------------

--
-- 表的结构 `m_carts`
--

CREATE TABLE IF NOT EXISTS `m_carts` (
  `id` int(11) NOT NULL AUTO_INCREMENT,
  `user_id` int(11) DEFAULT NULL COMMENT '用户ID',
  `article_id` int(11) DEFAULT NULL COMMENT '产品ID',
  `number` int(11) DEFAULT '0' COMMENT '产品数量',
  PRIMARY KEY (`id`)
) ENGINE=MyISAM  DEFAULT CHARSET=utf8 AUTO_INCREMENT=213 ;

--
-- 转存表中的数据 `m_carts`
--

INSERT INTO `m_carts` (`id`, `user_id`, `article_id`, `number`) VALUES
(209, NULL, 6, 2),
(212, 1, 8, 1);

-- --------------------------------------------------------

--
-- 表的结构 `m_channel`
--

CREATE TABLE IF NOT EXISTS `m_channel` (
  `id` int(11) NOT NULL AUTO_INCREMENT,
  `site_id` int(11) DEFAULT NULL,
  `name` varchar(50) DEFAULT NULL,
  `title` varchar(100) DEFAULT NULL,
  `is_albums` tinyint(4) DEFAULT NULL,
  `is_attach` tinyint(4) DEFAULT NULL,
  `is_spec` tinyint(4) DEFAULT NULL,
  `sort_id` int(11) DEFAULT NULL,
  PRIMARY KEY (`id`)
) ENGINE=InnoDB  DEFAULT CHARSET=utf8 AUTO_INCREMENT=26 ;

--
-- 转存表中的数据 `m_channel`
--

INSERT INTO `m_channel` (`id`, `site_id`, `name`, `title`, `is_albums`, `is_attach`, `is_spec`, `sort_id`) VALUES
(24, 1, 'bq', '图书标签管理', 0, 0, 0, 99),
(25, 1, 'book', '图书管理', 0, 0, 0, 99);

-- --------------------------------------------------------

--
-- 表的结构 `m_channel_field`
--

CREATE TABLE IF NOT EXISTS `m_channel_field` (
  `id` int(11) NOT NULL AUTO_INCREMENT,
  `channel_id` int(11) DEFAULT NULL,
  `field_id` int(11) DEFAULT NULL,
  PRIMARY KEY (`id`)
) ENGINE=InnoDB  DEFAULT CHARSET=utf8 AUTO_INCREMENT=530 ;

--
-- 转存表中的数据 `m_channel_field`
--

INSERT INTO `m_channel_field` (`id`, `channel_id`, `field_id`) VALUES
(440, 24, 141),
(441, 24, 142),
(442, 24, 143),
(443, 24, 144),
(515, 25, 145),
(516, 25, 146),
(517, 25, 147),
(518, 25, 148),
(519, 25, 149),
(520, 25, 150),
(521, 25, 151),
(522, 25, 152),
(523, 25, 153),
(524, 25, 154),
(525, 25, 155),
(526, 25, 156),
(527, 25, 157),
(528, 25, 158),
(529, 25, 160);

-- --------------------------------------------------------

--
-- 表的结构 `m_channel_site`
--

CREATE TABLE IF NOT EXISTS `m_channel_site` (
  `id` int(11) NOT NULL AUTO_INCREMENT,
  `title` varchar(100) DEFAULT NULL,
  `build_path` varchar(100) DEFAULT NULL,
  `templet_path` varchar(100) DEFAULT NULL,
  `domain` varchar(255) DEFAULT NULL,
  `name` varchar(255) DEFAULT NULL,
  `logo` varchar(255) DEFAULT NULL,
  `company` varchar(255) DEFAULT NULL,
  `address` varchar(255) DEFAULT NULL,
  `tel` varchar(30) DEFAULT NULL,
  `fax` varchar(30) DEFAULT NULL,
  `email` varchar(50) DEFAULT NULL,
  `crod` varchar(100) DEFAULT NULL,
  `copyright` longtext,
  `seo_title` varchar(255) DEFAULT NULL,
  `seo_keyword` varchar(255) DEFAULT NULL,
  `seo_description` varchar(255) DEFAULT NULL,
  `is_default` tinyint(4) DEFAULT NULL,
  `sort_id` int(11) DEFAULT NULL,
  PRIMARY KEY (`id`)
) ENGINE=InnoDB  DEFAULT CHARSET=utf8 AUTO_INCREMENT=5 ;

--
-- 转存表中的数据 `m_channel_site`
--

INSERT INTO `m_channel_site` (`id`, `title`, `build_path`, `templet_path`, `domain`, `name`, `logo`, `company`, `address`, `tel`, `fax`, `email`, `crod`, `copyright`, `seo_title`, `seo_keyword`, `seo_description`, `is_default`, `sort_id`) VALUES
(4, '默认站点', 'main', 'main', NULL, 'DTcms内容管理系统', NULL, '深圳市动力启航软件有限公司', '深圳市宝安区西乡街道铁岗村一巷二号', '13695245546', '-', 'info@dtcms.net', '粤ICP备11064298号', '版权所有 深圳市动力启航软件有限公司 ? Copyright 2009 - 2015. dtcms.net. All Rights Reserved.', 'DTcms网站管理系统 - 动力启航_开源cms_NET开源_cms建站', '动力启航,DTCMS系统,ASP.NET开源,开源CMS,网站管理系统,互联网开发', '让更多的人分享互联网开发技术', 1, 99);

-- --------------------------------------------------------

--
-- 表的结构 `m_collect`
--

CREATE TABLE IF NOT EXISTS `m_collect` (
  `id` int(11) NOT NULL AUTO_INCREMENT,
  `user_id` int(11) DEFAULT NULL COMMENT '//收藏者id',
  `article_id` int(11) DEFAULT NULL COMMENT '//收藏商品id',
  `add_time` datetime DEFAULT NULL COMMENT '//收藏时间',
  PRIMARY KEY (`id`)
) ENGINE=MyISAM  DEFAULT CHARSET=utf8 AUTO_INCREMENT=15 ;

--
-- 转存表中的数据 `m_collect`
--

INSERT INTO `m_collect` (`id`, `user_id`, `article_id`, `add_time`) VALUES
(9, 6, 87, '2016-07-28 16:56:22'),
(12, 6, 13, NULL),
(10, 6, 90, '2016-07-28 16:56:31'),
(13, 4, 6, '2016-10-09 09:25:13'),
(14, 1, 7, '2016-10-09 09:45:16');

-- --------------------------------------------------------

--
-- 表的结构 `m_express`
--

CREATE TABLE IF NOT EXISTS `m_express` (
  `id` int(11) NOT NULL AUTO_INCREMENT,
  `title` varchar(100) DEFAULT NULL,
  `express_code` varchar(100) DEFAULT NULL,
  `express_fee` decimal(19,2) DEFAULT NULL,
  `website` varchar(255) DEFAULT NULL,
  `remark` longtext,
  `sort_id` int(11) DEFAULT NULL,
  `is_lock` tinyint(4) DEFAULT NULL,
  PRIMARY KEY (`id`)
) ENGINE=InnoDB  DEFAULT CHARSET=utf8 AUTO_INCREMENT=10 ;

--
-- 转存表中的数据 `m_express`
--

INSERT INTO `m_express` (`id`, `title`, `express_code`, `express_fee`, `website`, `remark`, `sort_id`, `is_lock`) VALUES
(2, '韵达快递', 'yunda', '18.50', 'http://www.baidu.com', '很快的快递1', 33, 0),
(9, '顺丰快递', 'shunfeng', '15.00', 'http://www.shufeng.com', '很快', 99, 0);

-- --------------------------------------------------------

--
-- 表的结构 `m_feedback`
--

CREATE TABLE IF NOT EXISTS `m_feedback` (
  `id` int(11) NOT NULL AUTO_INCREMENT,
  `site_path` varchar(100) DEFAULT NULL,
  `title` varchar(100) DEFAULT NULL,
  `content` longtext,
  `user_name` varchar(50) DEFAULT NULL,
  `user_tel` varchar(30) DEFAULT NULL,
  `user_qq` varchar(30) DEFAULT NULL,
  `user_email` varchar(50) DEFAULT NULL,
  `add_time` datetime DEFAULT NULL,
  `reply_content` longtext,
  `reply_time` datetime DEFAULT NULL,
  `is_lock` tinyint(4) DEFAULT NULL,
  PRIMARY KEY (`id`)
) ENGINE=InnoDB  DEFAULT CHARSET=utf8 AUTO_INCREMENT=4 ;

--
-- 转存表中的数据 `m_feedback`
--

INSERT INTO `m_feedback` (`id`, `site_path`, `title`, `content`, `user_name`, `user_tel`, `user_qq`, `user_email`, `add_time`, `reply_content`, `reply_time`, `is_lock`) VALUES
(1, NULL, NULL, '留言', 'zht', '123', NULL, '123@qq.com', '2016-10-17 15:44:38', NULL, NULL, NULL),
(2, NULL, NULL, '这里是留言', '小明', '13303859657', NULL, 'zhao_hongtao@qq.com', '2016-10-17 15:47:57', NULL, NULL, NULL),
(3, NULL, NULL, 'laaaaaaaaaaaaaaaaaaaaaaaaacsvdvbdsu 你帮女滴v朝鲜大赦舞动初心单位违反的v出版v发布的 ', '老王', '13303859657', NULL, '123@qq.com', '2016-10-17 15:55:34', NULL, NULL, NULL);

-- --------------------------------------------------------

--
-- 表的结构 `m_link`
--

CREATE TABLE IF NOT EXISTS `m_link` (
  `id` int(11) NOT NULL AUTO_INCREMENT,
  `site_path` varchar(100) DEFAULT NULL,
  `title` varchar(100) DEFAULT NULL,
  `user_name` varchar(50) DEFAULT NULL,
  `user_tel` varchar(30) DEFAULT NULL,
  `email` varchar(50) DEFAULT NULL,
  `site_url` varchar(255) DEFAULT NULL,
  `img_url` varchar(255) DEFAULT NULL,
  `is_image` int(11) DEFAULT NULL,
  `sort_id` int(11) DEFAULT NULL,
  `is_red` tinyint(4) DEFAULT NULL,
  `is_lock` tinyint(4) DEFAULT NULL,
  `add_time` datetime DEFAULT NULL,
  PRIMARY KEY (`id`)
) ENGINE=InnoDB  DEFAULT CHARSET=utf8 AUTO_INCREMENT=36 ;

--
-- 转存表中的数据 `m_link`
--

INSERT INTO `m_link` (`id`, `site_path`, `title`, `user_name`, `user_tel`, `email`, `site_url`, `img_url`, `is_image`, `sort_id`, `is_red`, `is_lock`, `add_time`) VALUES
(1, 'main', '动软中国', '', '', '', 'http://www.maticsoft.com', 'http://www.maticsoft.com/images/logo/logo12.gif', 1, 99, 1, 0, '2015-05-03 01:19:23'),
(2, 'main', '读科技', '', '', '', 'http://www.dukeji.com', 'http://www.dukeji.com/Content/themes/base/CMS/images/logo.jpg', 1, 99, 1, 0, '2015-05-03 01:43:35'),
(3, 'main', '中国站长网', '', '', '', 'http://www.chinaz.com', 'http://www.chinaz.com/images/chinaz.gif', 1, 99, 1, 0, '2015-05-03 01:44:22'),
(4, 'main', '我要源码站', '', '', '', 'http://www.51aspx.com', 'http://img.51aspx.com/p/images/logo_88x31.gif', 1, 99, 1, 0, '2015-05-03 01:50:40'),
(5, 'main', '懒人图库', '', '', '', 'http://www.lanrentuku.com', 'http://img.lanrentuku.com/img/images/logo88x31.gif', 1, 99, 1, 0, '2015-05-03 02:01:44'),
(6, 'main', '深圳体验设计专业委员会', '', '', '', 'http://www.uxdc.org', 'http://www.uxdc.org/logo/uxdc_logo.gif', 1, 99, 1, 0, '2015-05-03 02:05:43'),
(7, 'main', '腾讯CDC', '', '', '', 'http://cdc.tencent.com', 'http://cdc.tencent.com/wp-content/uploads/cdc_logo.gif', 1, 99, 1, 0, '2015-05-03 02:06:27'),
(8, 'main', '视觉同盟', '', '', '', 'http://www.visionunion.com', 'http://www.visionunion.com/help/images/vu_logo.gif', 1, 99, 1, 0, '2015-05-03 02:07:23'),
(9, 'main', '百度搜索用户体验中心', '', '', '', 'http://ued.baidu.com', 'http://cdc.tencent.com/wp-content/uploads/2015/02/ued.baidu_.com_.jpg', 1, 99, 1, 0, '2015-05-03 02:11:04'),
(10, 'main', '蓝色理想', '', '', '', 'http://www.blueidea.com', 'http://www.blueidea.com/logo.gif', 1, 99, 1, 0, '2015-05-03 02:13:22'),
(11, 'main', '盒子UI设计', '', '', '', 'http://www.boxui.com', '', 0, 99, 1, 0, '2015-05-03 02:15:54'),
(12, 'main', '图标下载', '', '', '', 'http://www.easyicon.net/', '', 0, 99, 1, 0, '2015-05-03 02:16:35'),
(13, 'main', '素材天下', '', '', '', 'http://www.sucaitianxia.com', '', 0, 99, 1, 0, '2015-05-03 02:17:25'),
(14, 'main', '设计联盟', '', '', '', 'http://www.cndu.cn', '', 0, 99, 1, 0, '2015-05-03 02:17:57'),
(15, 'main', '插画中国', '', '', '', 'http://www.chahua.org', '', 0, 99, 1, 0, '2015-05-03 02:18:41'),
(16, 'main', '设计路上', '', '', '', 'http://www.sj63.com', '', 0, 99, 1, 0, '2015-05-03 02:19:24'),
(17, 'main', 'UI制造者', '', '', '', 'http://www.uimaker.com', '', 0, 99, 1, 0, '2015-05-03 02:20:02'),
(18, 'main', '视觉中国', '', '', '', 'http://www.shijue.me', '', 0, 99, 1, 0, '2015-05-03 02:21:17'),
(19, 'main', '美图看看', '', '', '', 'http://kankan.meitu.com', '', 0, 99, 1, 0, '2015-05-03 02:21:54'),
(20, 'main', '包装设计网', '', '', '', 'http://www.chndesign.com', '', 0, 99, 1, 0, '2015-05-03 02:22:39'),
(21, 'main', '火星网', '', '', '', 'http://www.hxsd.com.cn', '', 0, 99, 1, 0, '2015-05-03 02:24:30'),
(22, 'main', '桌面城市', '', '', '', 'http://www.deskcity.com', '', 0, 99, 1, 0, '2015-05-03 02:25:02'),
(23, 'main', '天堂图片', '', '', '', 'http://www.ivsky.com', '', 0, 99, 1, 0, '2015-05-03 02:25:45'),
(24, 'main', '游艺网', '', '', '', 'http://www.game798.com', '', 0, 99, 1, 0, '2015-05-03 02:26:19'),
(25, 'main', 'JQuery', '', '', '', 'http://www.jquery.com', '', 0, 99, 1, 0, '2015-05-03 02:27:24'),
(26, 'main', 'dowebok', '', '', '', 'http://www.dowebok.com', '', 0, 99, 1, 0, '2015-05-03 02:28:59'),
(27, 'main', '前端开发仓库', '', '', '', 'http://code.ciaoca.com', '', 0, 99, 1, 0, '2015-05-03 02:29:44'),
(28, 'main', 'Discuz社区', '', '', '', 'http://www.discuz.net', '', 0, 99, 1, 0, '2015-05-03 02:31:27'),
(29, 'main', 'IT之家', '', '', '', 'http://www.ithome.com', '', 0, 99, 1, 0, '2015-05-03 02:32:04'),
(30, 'main', '中国IT实验室', '', '', '', 'http://www.chinaitlab.com', '', 0, 99, 1, 0, '2015-05-03 02:33:13'),
(31, 'main', '驱动之家', '', '', '', 'http://www.mydrivers.com', '', 0, 99, 1, 0, '2015-05-03 02:33:56'),
(32, 'main', '雷锋网', '', '', '', 'http://www.leiphone.com', '', 0, 99, 1, 0, '2015-05-03 02:34:32'),
(33, 'main', 'ckplayer视频播放器', '', '', '', 'http://www.ckplayer.com', '', 0, 99, 1, 0, '2015-05-03 02:35:04'),
(34, 'main', '快递查询', '', '', '', 'http://www.kuaidi100.com', '', 0, 99, 1, 0, '2015-05-03 02:36:14'),
(35, 'main', '动力启航', '', '', '', 'http://www.dtsoft.net', '', 0, 99, 1, 0, '2015-05-03 02:36:41');

-- --------------------------------------------------------

--
-- 表的结构 `m_mail_template`
--

CREATE TABLE IF NOT EXISTS `m_mail_template` (
  `id` int(11) NOT NULL AUTO_INCREMENT,
  `title` varchar(100) DEFAULT NULL,
  `call_index` varchar(50) DEFAULT NULL,
  `maill_title` varchar(100) DEFAULT NULL,
  `content` longtext,
  `is_sys` tinyint(4) DEFAULT NULL,
  PRIMARY KEY (`id`)
) ENGINE=InnoDB  DEFAULT CHARSET=utf8 AUTO_INCREMENT=8 ;

--
-- 转存表中的数据 `m_mail_template`
--

INSERT INTO `m_mail_template` (`id`, `title`, `call_index`, `maill_title`, `content`, `is_sys`) VALUES
(2, '注册激活账户邮件', 'regverify', '激活注册账户(请勿回复此邮件)', '<p>\r\n	<strong>尊敬的{username}，您好：</strong> \r\n</p>\r\n<p>\r\n	欢迎您成为{webname}会员用户，请点击如下的网址进行激活您的会员账户：\r\n</p>\r\n<p>\r\n	<a href="{linkurl}" target="_blank">{linkurl}</a> \r\n</p>\r\n<hr />\r\n<p>\r\n	此链接有效期为{valid}天，请在{valid}天内点击链接进行注册；如果您从未注册过本站会员，请忽略本邮件；此邮件为系统自动发出，请勿回复。<br />\r\n任何疑问，请拨打客服热线咨询：{webtel}。谢谢您的支持！\r\n</p>\r\n<div style="text-align:right;">\r\n	{webname} {weburl}\r\n</div>', 1),
(3, '用户取回密码', 'getpassword', '找回密码提示(请勿回复此邮件)', '<strong>{username}，您好：</strong><br />\r\n<p>\r\n	您在<span style="color:#FF0000;">{webname}</span>点击了“忘记密码”找回申请，故系统自动为您发送了这封邮件。您可以点击以下链接修改您的密码：<br />\r\n<a href="{linkurl}" target="_blank">{linkurl}</a> \r\n</p>\r\n<hr />\r\n<p>\r\n	此链接有效期为{valid}天，请在{valid}天内点击链接进行修改。如果您不需要修改密码，或者您从未点击过“忘记密码”按钮，请忽略本邮件。<br />\r\n任何疑问，请拨打客服热线咨询：{webtel}。谢谢您的支持！\r\n</p>\r\n<div style="text-align:right;">\r\n	{webname} {weburl}\r\n</div>', 1),
(4, '欢迎新用户邮件', 'welcomemsg', '欢迎新用户(请勿回复此邮件)', '<p>\r\n	<strong>尊敬的{username}，您好：</strong> \r\n</p>\r\n<p>\r\n	&nbsp;&nbsp;&nbsp; 您已成功注册并正式成为{webname}会员用户，请您注意保管好个人账户信息，防止丢失或泄漏。\r\n</p>\r\n<hr />\r\n<p>\r\n	此邮件为系统自动发出，请勿回复本邮件，任何疑问，请拨打客服热线咨询：{webtel}。谢谢您的支持！\r\n</p>\r\n<div style="text-align:right;">\r\n	{webname} {weburl}\r\n</div>', 1),
(5, '订单确认通知', 'order_confirm', '订单确认通知', '<p>\r\n	<strong>尊敬的{username}，您好：</strong> \r\n</p>\r\n<p>\r\n	&nbsp;&nbsp;&nbsp;&nbsp;&nbsp; 您在{webname}的一笔订单已确认，订单号为：{orderno}，共计{amount}元，我们会尽快安排发货，请您耐心等待，祝您购物愉快！\r\n</p>\r\n<hr />\r\n<p>\r\n	此邮件为系统自动发出，请勿回复本邮件，任何疑问，请拨打客服热线咨询：{webtel}。谢谢您的支持！\r\n</p>\r\n<div style="text-align:right;">\r\n	{webname} {weburl}\r\n</div>', 1),
(6, '订单发货通知', 'order_express', '订单发货通知', '<p>\r\n	<strong>尊敬的{username}，您好：</strong> \r\n</p>\r\n<p>\r\n	&nbsp;&nbsp;&nbsp;&nbsp;&nbsp; 您在{webname}的一笔订单已经发货，订单号为：{orderno}，共计{amount}元，请您注意查收，祝您购物愉快！\r\n</p>\r\n<hr />\r\n<p>\r\n	此邮件为系统自动发出，请勿回复本邮件，任何疑问，请拨打客服热线咨询：{webtel}。谢谢您的支持！\r\n</p>\r\n<div style="text-align:right;">\r\n	{webname} {weburl}\r\n</div>', 1),
(7, '订单完成通知', 'order_complete', '订单完成通知', '<p>\r\n	<strong>尊敬的{username}，您好：</strong> \r\n</p>\r\n<p>\r\n	&nbsp;&nbsp;&nbsp;&nbsp;&nbsp; 您在{webname}的一笔订单交易完成，订单号为：{orderno}，共计{amount}元，期待您下次光临，祝您购物愉快！\r\n</p>\r\n<hr />\r\n<p>\r\n	此邮件为系统自动发出，请勿回复本邮件，任何疑问，请拨打客服热线咨询：{webtel}。谢谢您的支持！\r\n</p>\r\n<div style="text-align:right;">\r\n	{webname} {weburl}\r\n</div>', 1);

-- --------------------------------------------------------

--
-- 表的结构 `m_manager`
--

CREATE TABLE IF NOT EXISTS `m_manager` (
  `id` int(11) NOT NULL AUTO_INCREMENT,
  `role_id` int(11) DEFAULT NULL,
  `role_type` int(11) DEFAULT NULL,
  `user_name` varchar(100) DEFAULT NULL,
  `password` varchar(100) DEFAULT NULL,
  `salt` varchar(20) DEFAULT NULL,
  `real_name` varchar(50) DEFAULT NULL,
  `telephone` varchar(30) DEFAULT NULL,
  `email` varchar(30) DEFAULT NULL,
  `is_lock` int(11) DEFAULT NULL,
  `add_time` datetime DEFAULT NULL,
  PRIMARY KEY (`id`)
) ENGINE=InnoDB  DEFAULT CHARSET=utf8 AUTO_INCREMENT=3 ;

--
-- 转存表中的数据 `m_manager`
--

INSERT INTO `m_manager` (`id`, `role_id`, `role_type`, `user_name`, `password`, `salt`, `real_name`, `telephone`, `email`, `is_lock`, `add_time`) VALUES
(1, 1, 1, 'admin', 'e10adc3949ba59abbe56e057f20f883e', '24V0XZ', '超级管理员', '13800138000', 'info@dtcms.net', 1, '2015-03-13 13:41:39'),
(2, 1, 2, 'hei', '2dc525bb88a217bc14700cc7b8af58f6', 'dkcy1O', 'heihei', '12365412541', 'hei@qq.com', 1, '2016-07-05 18:12:34');

-- --------------------------------------------------------

--
-- 表的结构 `m_manager_log`
--

CREATE TABLE IF NOT EXISTS `m_manager_log` (
  `id` int(11) NOT NULL AUTO_INCREMENT,
  `user_id` int(11) DEFAULT NULL,
  `user_name` varchar(100) DEFAULT NULL,
  `action_type` varchar(100) DEFAULT NULL,
  `remark` varchar(255) DEFAULT NULL,
  `user_ip` varchar(30) DEFAULT NULL,
  `add_time` datetime DEFAULT NULL,
  PRIMARY KEY (`id`)
) ENGINE=InnoDB DEFAULT CHARSET=utf8 AUTO_INCREMENT=1 ;

-- --------------------------------------------------------

--
-- 表的结构 `m_manager_role`
--

CREATE TABLE IF NOT EXISTS `m_manager_role` (
  `id` int(11) NOT NULL AUTO_INCREMENT,
  `role_name` varchar(100) DEFAULT NULL,
  `role_type` tinyint(4) DEFAULT NULL,
  `is_sys` tinyint(4) DEFAULT NULL,
  PRIMARY KEY (`id`)
) ENGINE=InnoDB  DEFAULT CHARSET=utf8 AUTO_INCREMENT=2 ;

--
-- 转存表中的数据 `m_manager_role`
--

INSERT INTO `m_manager_role` (`id`, `role_name`, `role_type`, `is_sys`) VALUES
(1, '超级管理组', 1, 1);

-- --------------------------------------------------------

--
-- 表的结构 `m_manager_role_value`
--

CREATE TABLE IF NOT EXISTS `m_manager_role_value` (
  `id` int(11) NOT NULL AUTO_INCREMENT,
  `role_id` int(11) DEFAULT NULL,
  `nav_name` varchar(100) DEFAULT NULL,
  `action_type` varchar(50) DEFAULT NULL,
  PRIMARY KEY (`id`)
) ENGINE=InnoDB DEFAULT CHARSET=utf8 AUTO_INCREMENT=1 ;

-- --------------------------------------------------------

--
-- 表的结构 `m_market_albums`
--

CREATE TABLE IF NOT EXISTS `m_market_albums` (
  `id` int(11) NOT NULL AUTO_INCREMENT,
  `article_id` int(11) DEFAULT NULL,
  `thumb_path` varchar(255) DEFAULT NULL,
  `original_path` varchar(255) DEFAULT NULL,
  `remark` longtext,
  `add_time` datetime DEFAULT NULL,
  PRIMARY KEY (`id`)
) ENGINE=InnoDB  DEFAULT CHARSET=utf8 AUTO_INCREMENT=7 ;

--
-- 转存表中的数据 `m_market_albums`
--

INSERT INTO `m_market_albums` (`id`, `article_id`, `thumb_path`, `original_path`, `remark`, `add_time`) VALUES
(5, 1, '/upload/20160927/thumb_57ea7572353ef.jpg', '/upload/20160927/57ea7572353ef.jpg', NULL, '2016-09-27 21:38:00'),
(6, 1, '/upload/20160927/thumb_57ea75797d9d0.jpg', '/upload/20160927/57ea75797d9d0.jpg', NULL, '2016-09-27 21:38:00');

-- --------------------------------------------------------

--
-- 表的结构 `m_market_attach`
--

CREATE TABLE IF NOT EXISTS `m_market_attach` (
  `id` int(11) NOT NULL AUTO_INCREMENT,
  `article_id` int(11) DEFAULT NULL,
  `file_name` varchar(255) DEFAULT NULL,
  `file_path` varchar(255) DEFAULT NULL,
  `file_size` int(11) DEFAULT NULL,
  `file_ext` varchar(20) DEFAULT NULL,
  `down_num` int(11) DEFAULT NULL,
  `point` int(11) DEFAULT NULL,
  `add_time` datetime DEFAULT NULL,
  PRIMARY KEY (`id`)
) ENGINE=InnoDB DEFAULT CHARSET=utf8 AUTO_INCREMENT=1 ;

-- --------------------------------------------------------

--
-- 表的结构 `m_market_category`
--

CREATE TABLE IF NOT EXISTS `m_market_category` (
  `id` int(11) NOT NULL AUTO_INCREMENT,
  `channel_id` int(11) DEFAULT NULL,
  `title` varchar(100) DEFAULT NULL,
  `call_index` varchar(50) DEFAULT NULL,
  `parent_id` int(11) DEFAULT NULL,
  `class_list` longtext,
  `class_layer` int(11) DEFAULT NULL,
  `sort_id` int(11) DEFAULT NULL,
  `link_url` varchar(255) DEFAULT NULL,
  `img_url` varchar(255) DEFAULT NULL,
  `content` longtext,
  `seo_title` varchar(255) DEFAULT NULL,
  `seo_keywords` varchar(255) DEFAULT NULL,
  `seo_description` varchar(255) DEFAULT NULL,
  `is_top` tinyint(2) DEFAULT '1' COMMENT '是否置顶 1、否 2、是',
  `is_rec` tinyint(2) DEFAULT '1' COMMENT '是否推荐 1、否 2、是',
  PRIMARY KEY (`id`)
) ENGINE=InnoDB  DEFAULT CHARSET=utf8 AUTO_INCREMENT=11 ;

--
-- 转存表中的数据 `m_market_category`
--

INSERT INTO `m_market_category` (`id`, `channel_id`, `title`, `call_index`, `parent_id`, `class_list`, `class_layer`, `sort_id`, `link_url`, `img_url`, `content`, `seo_title`, `seo_keywords`, `seo_description`, `is_top`, `is_rec`) VALUES
(1, 22, '玩具', 'tools', 0, NULL, NULL, 99, '', '', '', '', '', '', 2, 2),
(2, 22, '电子类', 'electory', 1, NULL, NULL, 10, '', '', '', '', '', '', 1, 1),
(3, 22, '布偶类', 'others', 1, NULL, NULL, 20, '', '', '', '', '', '', 2, 2),
(4, 22, '智能家电', 'smarthomework', 0, NULL, NULL, 10, '', '', '', '', '', '', 2, 2),
(5, 22, '智能手表', 'watch', 4, NULL, NULL, 10, '', '', '', '', '', '', 2, 2),
(6, 22, '智能电饭煲', 'cookie', 4, NULL, NULL, 20, '', '', '', '', '', '', 2, 2),
(7, 22, '家具', 'home', 0, NULL, NULL, 99, '', '', '', '', '', '', 2, 2),
(8, 22, '材料', 'meterial', 7, NULL, NULL, 99, '', '', '', '', '', '', 1, 2),
(9, 22, '摄影', 'shoot', 0, NULL, NULL, 99, '', '', '', '', '', '', 1, 2),
(10, 22, '照相', 'phpne', 9, NULL, NULL, 99, '', '', '', '', '', '', 1, 2);

-- --------------------------------------------------------

--
-- 表的结构 `m_market_cat_relation`
--

CREATE TABLE IF NOT EXISTS `m_market_cat_relation` (
  `id` int(11) NOT NULL AUTO_INCREMENT,
  `articleid` int(11) DEFAULT NULL COMMENT 'market_value表id',
  `categoryid` int(11) DEFAULT NULL COMMENT 'market_category表id',
  `ctime` varchar(30) DEFAULT NULL,
  PRIMARY KEY (`id`)
) ENGINE=InnoDB  DEFAULT CHARSET=utf8 AUTO_INCREMENT=16 ;

--
-- 转存表中的数据 `m_market_cat_relation`
--

INSERT INTO `m_market_cat_relation` (`id`, `articleid`, `categoryid`, `ctime`) VALUES
(4, 1, 5, '2016-09-27 21:38:00'),
(5, 2, 3, '2016-09-27 21:39:15'),
(6, 3, 2, '2016-09-27 22:06:34'),
(7, 4, 2, '2016-09-28 15:06:21'),
(11, 8, 2, '2016-09-30 10:17:05'),
(12, 8, 3, '2016-09-30 10:17:05'),
(13, 8, 5, '2016-09-30 10:17:05'),
(14, 8, 8, '2016-09-30 10:17:05'),
(15, 8, 10, '2016-09-30 10:17:05');

-- --------------------------------------------------------

--
-- 表的结构 `m_market_field`
--

CREATE TABLE IF NOT EXISTS `m_market_field` (
  `id` int(11) NOT NULL AUTO_INCREMENT,
  `channel_id` int(11) DEFAULT NULL,
  `field_id` int(11) DEFAULT NULL,
  PRIMARY KEY (`id`)
) ENGINE=InnoDB  DEFAULT CHARSET=utf8 AUTO_INCREMENT=80 ;

--
-- 转存表中的数据 `m_market_field`
--

INSERT INTO `m_market_field` (`id`, `channel_id`, `field_id`) VALUES
(76, 22, 114),
(77, 22, 119),
(78, 22, 121),
(79, 22, 140);

-- --------------------------------------------------------

--
-- 表的结构 `m_market_value`
--

CREATE TABLE IF NOT EXISTS `m_market_value` (
  `id` int(11) NOT NULL AUTO_INCREMENT,
  `sell_price` int(11) DEFAULT NULL,
  `title` varchar(50) DEFAULT NULL,
  `channel_id` int(11) DEFAULT NULL,
  `stock_quantity` int(11) DEFAULT NULL,
  `img_url` text,
  `is_index` int(11) DEFAULT NULL,
  `is_hot` int(11) DEFAULT NULL,
  `status` int(11) DEFAULT NULL,
  `goodsNo` varchar(50) DEFAULT NULL,
  PRIMARY KEY (`id`)
) ENGINE=InnoDB  DEFAULT CHARSET=utf8 AUTO_INCREMENT=9 ;

--
-- 转存表中的数据 `m_market_value`
--

INSERT INTO `m_market_value` (`id`, `sell_price`, `title`, `channel_id`, `stock_quantity`, `img_url`, `is_index`, `is_hot`, `status`, `goodsNo`) VALUES
(6, 120, '笔记本电脑', 22, 192, '/upload/20160928/57eb80fee512e.jpg', 1, 1, 0, 'fg-456465'),
(7, 152, '美的电饭锅', 22, 12, '/upload/20160928/57ebaa12f06c1.jpg', 1, 1, 0, 'vb-123456'),
(8, 450, '木材', 22, 487, '/upload/20160928/57ebabb678cac.jpg', 1, 1, 0, 'gd-123114');

-- --------------------------------------------------------

--
-- 表的结构 `m_message`
--

CREATE TABLE IF NOT EXISTS `m_message` (
  `id` int(11) NOT NULL AUTO_INCREMENT,
  `content` text COMMENT '原因',
  `is_lock` tinyint(4) DEFAULT '0' COMMENT '是否开启 0否 1是',
  `category` tinyint(4) DEFAULT NULL COMMENT '分类 1是订单取消信息 2是站内信息',
  PRIMARY KEY (`id`)
) ENGINE=MyISAM  DEFAULT CHARSET=utf8 AUTO_INCREMENT=31 ;

-- --------------------------------------------------------

--
-- 表的结构 `m_navigation`
--

CREATE TABLE IF NOT EXISTS `m_navigation` (
  `id` int(11) NOT NULL AUTO_INCREMENT,
  `parent_id` int(11) DEFAULT NULL,
  `channel_id` int(11) DEFAULT NULL,
  `nav_type` varchar(50) DEFAULT NULL,
  `name` varchar(50) DEFAULT NULL,
  `title` varchar(100) DEFAULT NULL,
  `sub_title` varchar(100) DEFAULT NULL,
  `icon_url` varchar(255) DEFAULT NULL,
  `link_url` varchar(255) DEFAULT NULL,
  `sort_id` int(11) DEFAULT NULL,
  `is_lock` tinyint(4) DEFAULT NULL,
  `remark` longtext,
  `action_type` longtext,
  `is_sys` tinyint(4) DEFAULT NULL,
  PRIMARY KEY (`id`)
) ENGINE=InnoDB  DEFAULT CHARSET=utf8 AUTO_INCREMENT=150 ;

--
-- 转存表中的数据 `m_navigation`
--

INSERT INTO `m_navigation` (`id`, `parent_id`, `channel_id`, `nav_type`, `name`, `title`, `sub_title`, `icon_url`, `link_url`, `sort_id`, `is_lock`, `remark`, `action_type`, `is_sys`) VALUES
(2, 0, 0, 'System', 'sys_application', '应用管理', '应用', '/Admin/skin/default/nav/pus.png', '', 99, 1, '系统默认导航，不可更改导航ID', '', 1),
(3, 0, 0, 'System', 'sys_users', '会员管理', '会员', '/Admin/skin/default/nav/user.png', '', 101, 0, '系统默认导航，不可更改导航ID', 'Show', 1),
(4, 0, 0, 'System', 'sys_controller', '控制面板', '控制面板', '/Admin/skin/default/nav/sys.png', '', 103, 0, '系统默认导航，不可更改导航ID', 'Show', 0),
(5, 4, 0, 'System', 'sys_manager', '系统用户', '', '', '', 103, 0, '', 'Show', 0),
(6, 5, 0, 'System', 'manager_list', '管理员管理', '', '', 'Manager/manager_list', 99, 0, '', '', 0),
(7, 5, 0, 'System', 'manager_role', '角色管理', '', '', 'Manager/role_list', 99, 1, '', '', 0),
(8, 5, 0, 'System', 'manager_log', '管理日志', '', '', 'Manager/manager_log', 99, 1, '', '', 0),
(9, 4, 0, 'System', 'sys_settings', '系统管理', '', '', '', 99, 0, '', 'Show', 0),
(10, 9, 0, 'System', 'sys_config', '系统设置', '', '', 'Settings/sys_config', 99, 0, '', '', 0),
(11, 9, 0, 'System', 'sys_plugin_config', '插件设置', '', '', 'Settings/plugin_list', 99, 1, '', '', 0),
(12, 9, 0, 'System', 'sys_url_rewrite', 'URL配置', '', '', 'Settings/url_rewrite_list', 99, 1, '', '', 0),
(13, 4, 0, 'System', 'sys_site_settings', '站点设置', '', '', '', 100, 0, '', 'Show', 0),
(14, 13, 0, 'System', 'sys_site_manage', '站点管理', '', '', 'Channel/site_list', 99, 1, '', '', 0),
(15, 13, 0, 'System', 'sys_channel_manage', '频道管理', '', '', 'Channel/channel_list', 100, 0, '', 'Show,View,Add,Edit,Delete', 0),
(16, 13, 0, 'System', 'sys_channel_field', '扩展字段', '', '', 'Channel/attribute_field_list', 101, 0, '', 'Show,View,Add,Edit,Delete', 0),
(17, 4, 0, 'System', 'sys_design', '界面管理', '', '', '', 102, 0, '', 'Show', 0),
(18, 17, 0, 'System', 'sys_site_templet', '站点模板管理', '', '', 'Settings/templet_list', 99, 1, '', '', 0),
(19, 17, 0, 'System', 'sys_builder_html', '生成静态管理', '', '', 'Settings/builder_html', 99, 1, '', '', 0),
(20, 17, 0, 'System', 'sys_navigation', '后台导航管理', '', '', 'Settings/nav_list', 102, 0, '', 'Show,View,Add,Edit,Delete', 0),
(23, 2, 0, 'System', 'sys_plugin_manage', '插件管理', '', '', '', 99, 0, '', 'Show,View', 1),
(28, 21, 0, 'System', 'order_manage', '订单管理', '', '', '', 99, 0, '', 'Show', 0),
(29, 21, 0, 'System', 'order_settings', '订单设置', '', '', '', 100, 0, '', 'Show', 0),
(30, 29, 0, 'System', 'order_config', '订单参数设置', '', '', 'Order/order_config', 99, 0, '', 'Show,View,Edit', 0),
(31, 29, 0, 'System', 'order_payment', '支付方式设置', '', '', 'Order/payment_list', 100, 0, '', 'Show,View,Edit', 0),
(32, 29, 0, 'System', 'order_express', '配送方式设置', '', '', 'Order/express_list', 101, 0, '', 'Show,View,Add,Edit,Delete', 0),
(35, 28, 0, 'System', 'order_list', '全部订单', '', '', 'Order/order_list', 100, 0, '', 'Show,View,Add,Edit,Delete,Confirm,Cancel,Invalid', 0),
(36, 3, 0, 'System', 'user_manage', '会员管理', '', '', '', 99, 0, '', 'Show', 0),
(37, 36, 0, 'System', 'user_audit', '审核会员', '', '', 'Users/user_audit', 99, 0, '', 'Show,View,Audit', 0),
(38, 36, 0, 'System', 'user_list', '所有会员', '', '', 'Users/user_list', 100, 0, '', 'Show,View,Add,Edit,Delete', 0),
(39, 36, 0, 'System', 'user_group', '会员组别', '', '', 'Users/group_list', 101, 0, '', 'Show,View,Add,Edit,Delete', 0),
(40, 3, 0, 'System', 'user_log', '会员日志', '', '', '', 100, 0, '', 'Show', 0),
(41, 40, 0, 'System', 'user_sms', '发送短信', '', '', 'Users/user_sms', 99, 0, '', 'Show,View,Add', 0),
(42, 40, 0, 'System', 'user_message', '站内消息', '', '', 'Users/message_list', 100, 0, '', 'Show,View,Add,Delete', 0),
(43, 40, 0, 'System', 'user_recharge_log', '充值记录', '', '', 'Users/recharge_list', 101, 0, '', 'Show,View,Add,Delete', 0),
(44, 40, 0, 'System', 'user_amount_log', '消费记录', '', '', 'Users/amount_log', 102, 0, '', 'Show,View,Delete', 0),
(45, 40, 0, 'System', 'user_point_log', '积分记录', '', '', 'Users/point_log', 103, 0, '', 'Show,View,Delete', 0),
(46, 3, 0, 'System', 'user_settings', '会员设置', '', '', '', 101, 0, '', 'Show', 0),
(47, 46, 0, 'System', 'user_config', '参数设置', '', '', 'Users/user_config', 99, 0, '', 'Show,View,Edit', 0),
(48, 46, 0, 'System', 'user_sms_template', '短信模板', '', '', 'Users/sms_template_list', 101, 0, '', 'Show,View,Add,Edit,Delete', 0),
(49, 46, 0, 'System', 'user_mail_template', '邮件模板', '', '', 'Users/mail_template_list', 102, 0, '', 'Show,View,Add,Edit,Delete', 0),
(50, 46, 0, 'System', 'user_oauth', 'OAuth设置', '', '', 'Users/oauth_app_list', 100, 0, '', 'Show,View,Add,Edit,Delete', 0),
(73, 23, 0, 'System', 'plugin_feedback', '留言管理', '', '', '/plugins/feedback/admin/index', 99, 1, '', '', 1),
(74, 23, 0, 'System', 'plugin_link', '链接管理', '', '', '/plugins/link/admin/index', 99, 1, '', '', 1),
(84, 84, 0, 'System', 'ttt_xxx', 'hehe', '', '', 'www.baidu.com', 99, 0, '', '', 0),
(85, 85, 0, 'System', 'hei_text', '插件管理', '', '', 'www.google.com', 99, 0, '13', '', 0),
(90, 0, 0, 'System', 'news', '站点管理', '站点', '', '', 99, 0, '', NULL, 0),
(91, 90, 0, 'System', 'newspart', '站点模块', '', '', '', 99, 0, '', NULL, 0),
(92, 0, 0, 'System', 'advertisement', '广告管理', '广告', '', '', 99, 0, '', '', 0),
(93, 92, 0, 'System', 'advertisementpart', '广告模块', '', '', '', 99, 0, '', '', 0),
(95, 94, 0, 'System', 'marketpart', '商城模块', '', '', '', 99, 0, '', '', 0),
(96, 0, 0, 'System', 'statistics', '统计管理', '统计', '', '', 99, 0, '', '', 0),
(97, 96, 0, 'System', 'statisticspart', '统计模块', '', '', '', 99, 0, '', '', 0),
(142, 91, 24, 'System', 'channel_bq', '图书标签管理', NULL, NULL, NULL, 100, 0, NULL, 'Show', 1),
(143, 142, 24, 'System', 'channel_bq_list', '内容管理', NULL, NULL, 'News/article_list', 99, 0, NULL, 'Show,View,Add,Edit,Delete,Audit', 1),
(144, 142, 24, 'System', 'channel_bq_category', '栏目类别', NULL, NULL, 'News/category_list', 100, 0, NULL, 'Show,View,Add,Edit,Delete,Audit', 1),
(145, 142, 24, 'System', 'channel_bq_comment', '评论管理', NULL, NULL, 'News/comment_list', 101, 0, NULL, 'Show,View,Add,Edit,Delete,Audit', 1),
(146, 91, 25, 'System', 'channel_book', '图书管理', NULL, NULL, NULL, 100, 0, NULL, 'Show', 1),
(147, 146, 25, 'System', 'channel_book_list', '内容管理', NULL, NULL, 'News/article_list', 99, 0, NULL, 'Show,View,Add,Edit,Delete,Audit', 1),
(148, 146, 25, 'System', 'channel_book_category', '栏目类别', NULL, NULL, 'News/category_list', 100, 0, NULL, 'Show,View,Add,Edit,Delete,Audit', 1),
(149, 146, 25, 'System', 'channel_book_comment', '评论管理', NULL, NULL, 'News/comment_list', 101, 0, NULL, 'Show,View,Add,Edit,Delete,Audit', 1);

-- --------------------------------------------------------

--
-- 表的结构 `m_news_albums`
--

CREATE TABLE IF NOT EXISTS `m_news_albums` (
  `id` int(11) NOT NULL AUTO_INCREMENT,
  `article_id` int(11) DEFAULT NULL,
  `thumb_path` varchar(255) DEFAULT NULL,
  `original_path` varchar(255) DEFAULT NULL,
  `remark` longtext,
  `add_time` datetime DEFAULT NULL,
  PRIMARY KEY (`id`)
) ENGINE=InnoDB  DEFAULT CHARSET=utf8 AUTO_INCREMENT=15 ;

--
-- 转存表中的数据 `m_news_albums`
--

INSERT INTO `m_news_albums` (`id`, `article_id`, `thumb_path`, `original_path`, `remark`, `add_time`) VALUES
(10, 3, '/upload/20160926/thumb_57e907239fce6.jpg', '/upload/20160926/57e907239fce6.jpg', NULL, '2016-09-27 16:04:50'),
(14, 2, '/upload/20160926/thumb_57e9054cc9925.jpg', '/upload/20160926/57e9054cc9925.jpg', NULL, '2016-09-27 16:15:04');

-- --------------------------------------------------------

--
-- 表的结构 `m_news_attach`
--

CREATE TABLE IF NOT EXISTS `m_news_attach` (
  `id` int(11) NOT NULL AUTO_INCREMENT,
  `article_id` int(11) DEFAULT NULL,
  `file_name` varchar(255) DEFAULT NULL,
  `file_path` varchar(255) DEFAULT NULL,
  `file_size` int(11) DEFAULT NULL,
  `file_ext` varchar(20) DEFAULT NULL,
  `down_num` int(11) DEFAULT NULL,
  `point` int(11) DEFAULT NULL,
  `add_time` datetime DEFAULT NULL,
  PRIMARY KEY (`id`)
) ENGINE=InnoDB  DEFAULT CHARSET=utf8 AUTO_INCREMENT=15 ;

--
-- 转存表中的数据 `m_news_attach`
--

INSERT INTO `m_news_attach` (`id`, `article_id`, `file_name`, `file_path`, `file_size`, `file_ext`, `down_num`, `point`, `add_time`) VALUES
(10, 3, '57e9072bd1f84.jpg', '/upload/20160926/57e9072bd1f84.jpg', 1411, '1411', NULL, 0, '2016-09-27 16:04:50'),
(14, 2, '57e905562ac43.png', '/upload/20160926/57e905562ac43.png', 92, '92', NULL, 0, '2016-09-27 16:15:04');

-- --------------------------------------------------------

--
-- 表的结构 `m_news_category`
--

CREATE TABLE IF NOT EXISTS `m_news_category` (
  `id` int(11) NOT NULL AUTO_INCREMENT,
  `channel_id` int(11) DEFAULT NULL,
  `title` varchar(100) DEFAULT NULL,
  `call_index` varchar(50) DEFAULT NULL,
  `parent_id` int(11) DEFAULT NULL,
  `class_list` longtext,
  `class_layer` int(11) DEFAULT NULL,
  `sort_id` int(11) DEFAULT NULL,
  `link_url` varchar(255) DEFAULT NULL,
  `img_url` varchar(255) DEFAULT NULL,
  `content` longtext,
  `seo_title` varchar(255) DEFAULT NULL,
  `seo_keywords` varchar(255) DEFAULT NULL,
  `seo_description` varchar(255) DEFAULT NULL,
  `is_top` tinyint(2) DEFAULT '1' COMMENT '是否置顶 1、否 2、是',
  `is_rec` tinyint(2) DEFAULT '1' COMMENT '是否推荐 1、否 2、是',
  PRIMARY KEY (`id`)
) ENGINE=InnoDB  DEFAULT CHARSET=utf8 AUTO_INCREMENT=21 ;

--
-- 转存表中的数据 `m_news_category`
--

INSERT INTO `m_news_category` (`id`, `channel_id`, `title`, `call_index`, `parent_id`, `class_list`, `class_layer`, `sort_id`, `link_url`, `img_url`, `content`, `seo_title`, `seo_keywords`, `seo_description`, `is_top`, `is_rec`) VALUES
(15, 25, '中小学配备书目', '', 0, NULL, NULL, 99, '', '', '', '', '', '', 1, 1),
(16, 25, '儿童文学', '', 0, NULL, NULL, 99, '', '', '', '', '', '', 1, 1),
(17, 25, '科普/百科', '', 0, NULL, NULL, 99, '', '', '', '', '', '', 1, 1),
(18, 25, '励志', '', 0, NULL, NULL, 99, '', '', '', '', '', '', 1, 1),
(19, 25, '小说', '', 0, NULL, NULL, 99, '', '', '', '', '', '', 1, 1),
(20, 25, '中国史', '', 0, NULL, NULL, 99, '', '', '', '', '', '', 1, 1);

-- --------------------------------------------------------

--
-- 表的结构 `m_news_cat_relation`
--

CREATE TABLE IF NOT EXISTS `m_news_cat_relation` (
  `id` int(11) NOT NULL AUTO_INCREMENT,
  `articleid` int(11) DEFAULT NULL COMMENT 'news_value表id',
  `categoryid` int(11) DEFAULT NULL COMMENT 'news_category表id',
  `ctime` varchar(30) DEFAULT NULL,
  PRIMARY KEY (`id`)
) ENGINE=InnoDB  DEFAULT CHARSET=utf8 AUTO_INCREMENT=66 ;

--
-- 转存表中的数据 `m_news_cat_relation`
--

INSERT INTO `m_news_cat_relation` (`id`, `articleid`, `categoryid`, `ctime`) VALUES
(39, 3, 4, '2016-09-27 16:04:50'),
(40, 3, 8, '2016-09-27 16:04:50'),
(41, 3, 9, '2016-09-27 16:04:50'),
(50, 1, 5, '2016-09-27 16:05:22'),
(51, 1, 7, '2016-09-27 16:05:22'),
(52, 1, 10, '2016-09-27 16:05:22'),
(61, 2, 5, '2016-09-27 16:15:04'),
(62, 2, 7, '2016-09-27 16:15:04'),
(63, 2, 9, '2016-09-27 16:15:04'),
(65, 4, 14, '2016-09-27 16:17:20');

-- --------------------------------------------------------

--
-- 表的结构 `m_news_field`
--

CREATE TABLE IF NOT EXISTS `m_news_field` (
  `id` int(11) NOT NULL AUTO_INCREMENT,
  `channel_id` int(11) DEFAULT NULL,
  `field_id` int(11) DEFAULT NULL,
  PRIMARY KEY (`id`)
) ENGINE=InnoDB  DEFAULT CHARSET=utf8 AUTO_INCREMENT=95 ;

--
-- 转存表中的数据 `m_news_field`
--

INSERT INTO `m_news_field` (`id`, `channel_id`, `field_id`) VALUES
(8, 19, 2),
(9, 19, 74),
(36, 18, 4),
(37, 18, 77),
(38, 18, 78),
(39, 18, 80),
(40, 13, 4),
(41, 13, 77),
(42, 13, 78),
(43, 13, 79),
(44, 13, 80),
(48, 20, 4),
(49, 20, 77),
(50, 20, 79),
(51, 24, 141),
(52, 24, 142),
(53, 24, 143),
(90, 25, 146),
(91, 25, 147),
(92, 25, 148),
(93, 25, 149),
(94, 25, 150);

-- --------------------------------------------------------

--
-- 表的结构 `m_news_value`
--

CREATE TABLE IF NOT EXISTS `m_news_value` (
  `id` int(11) NOT NULL AUTO_INCREMENT,
  `channel_id` int(11) DEFAULT NULL,
  `bqtitle` varchar(50) DEFAULT NULL,
  `bqadd_time` varchar(50) DEFAULT NULL,
  `bqsort_id` int(11) DEFAULT NULL,
  `bqstatus` int(11) DEFAULT NULL,
  `user_id` int(11) DEFAULT NULL,
  `book_name` varchar(50) DEFAULT NULL,
  `book_author` varchar(50) DEFAULT NULL,
  `book_press` varchar(50) DEFAULT NULL,
  `book_cover` text,
  `book_tag` varchar(50) DEFAULT NULL,
  `ISBN` varchar(50) DEFAULT NULL,
  `age` varchar(50) DEFAULT NULL,
  `price` varchar(50) DEFAULT NULL,
  `category` varchar(50) DEFAULT NULL,
  `prize` varchar(50) DEFAULT NULL,
  `content_intro` varchar(500) DEFAULT NULL,
  `author_intro` varchar(500) DEFAULT NULL,
  `list_info` varchar(100) DEFAULT NULL,
  `book_add_time` varchar(50) DEFAULT NULL,
  `book_publication_time` varchar(50) DEFAULT NULL,
  PRIMARY KEY (`id`)
) ENGINE=InnoDB  DEFAULT CHARSET=utf8 AUTO_INCREMENT=56 ;

--
-- 转存表中的数据 `m_news_value`
--

INSERT INTO `m_news_value` (`id`, `channel_id`, `bqtitle`, `bqadd_time`, `bqsort_id`, `bqstatus`, `user_id`, `book_name`, `book_author`, `book_press`, `book_cover`, `book_tag`, `ISBN`, `age`, `price`, `category`, `prize`, `content_intro`, `author_intro`, `list_info`, `book_add_time`, `book_publication_time`) VALUES
(5, 24, '儿童教育', '2016-10-01 16:04:24', 99, 0, NULL, NULL, NULL, NULL, NULL, NULL, NULL, NULL, NULL, NULL, NULL, NULL, NULL, NULL, NULL, NULL),
(6, 24, '人文社科', '2016-10-13 16:06:25', 98, 0, NULL, NULL, NULL, NULL, NULL, NULL, NULL, NULL, NULL, NULL, NULL, NULL, NULL, NULL, NULL, NULL),
(7, 24, '神话故事', '2016-10-05 16:34:57', 10, 0, NULL, NULL, NULL, NULL, NULL, NULL, NULL, NULL, NULL, NULL, NULL, NULL, NULL, NULL, NULL, NULL),
(8, 24, '大百科', '2016-10-04 16:34:26', 8, 0, NULL, NULL, NULL, NULL, NULL, NULL, NULL, NULL, NULL, NULL, NULL, NULL, NULL, NULL, NULL, NULL),
(9, 25, NULL, NULL, NULL, NULL, 4, '计算机组成原理', 'zht', '人民邮电出版社', '/upload/20161018/5805e9d704cab.jpg', '计算机', NULL, NULL, NULL, NULL, NULL, NULL, NULL, NULL, NULL, NULL),
(10, 25, NULL, NULL, NULL, NULL, 4, '计算机操作系统', 'zht', '清华出版社', '/userupload//201610/18/thumb_5805ebc681a99.jpg', '', NULL, NULL, NULL, NULL, NULL, NULL, NULL, NULL, NULL, NULL),
(11, 25, NULL, NULL, NULL, NULL, 4, '计算机操作系统', 'zht', '清华出版社', '/userupload//201610/18/thumb_5805ebc681a99.jpg', '操作系统,计算机', NULL, NULL, NULL, NULL, NULL, NULL, NULL, NULL, NULL, NULL),
(12, 25, NULL, NULL, NULL, NULL, 4, '计算机操作系统', 'zht', '清华出版社', '/userupload//201610/18/thumb_5805ebc681a99.jpg', '', NULL, NULL, NULL, NULL, NULL, NULL, NULL, NULL, NULL, NULL),
(13, 25, NULL, NULL, NULL, NULL, 21, '黄雨伞', '(韩)柳在守著', '接力出版社', '0001.jpg', '想象，音乐', '9787544838900', '1-2年级', '38', '图画书', '', '这是一本美丽无比的图画书。\n　　雨中，一把黄色的雨伞飘动在小路上。一会儿，蓝雨伞、红雨伞、绿雨伞、粉红雨伞也飘来了，它们飘过路口，飘过游乐场……看上去像是万紫千红的花朵。\n　　雨中的雨伞，是那样神奇，那样美丽，让人惊叹，让读者体会自然之美。\n　　每把小伞下面都有一个秘密，伞和伞之间都有故事。图中没有一个文字，为读者提供了想象空间，让他们感受幻想之美。\n　　本书随书附赠CD，十三段音乐，或轻柔欢快，或悠扬甜美，与画面相互呼应，让读者享受音乐之美。\n　　每个画面中，都有不同颜色、不同数目的雨伞，让读者在美丽的画面中认识数字、颜色，体味认知之美。\n国际儿童读物联盟（IBBY）残疾儿童图书奖；《纽约时报》好书奖', '柳在守，毕业于韩国弘益大学绘画专业，因参与名为“海松”的托儿机构的活动，对韩国儿童文化的发展现状产生了兴趣。这段经历也成为之后很长时间他创作儿童图画书的基础。他在担任美术教师期间，以“我的图画书”为题，开展了美术教育改良运动，目前是韩国“南北文化整合教育院”和“儿童的好朋友”协会会员，致力于南北儿童文化交流工作。作品有《白头山的故事》《在妈妈怀中睡着》《石头和长寿梅》等。本书于2002年被《纽约时报》评为“年度最佳图画书”。 \n关于作曲家：\n申东一毕业于首尔大学音乐学院作曲专业，并在纽约大学获得硕士学位。2003年获得“今天的年轻艺术家”奖，2004年获得“KBS国乐大奖”。目前为儿童音乐企划公司“汤姆的房间”及作曲者组织“作曲庭院”的首席代表，还兼任韩国民族音乐人协会常任理事，并在韩国艺术综合大学和首尔大学授课。作品有钢琴曲专辑《蓝色自行车》《越快的世界》，童谣集《蟋蟀》《空房间》，音乐剧《故事爷爷和奇怪的夜晚》。', '连续六年入选《新阅读研究所中国幼儿基础阅读书目：推荐书目》', '2016-10-25 17:45:01', '2015'),
(41, 25, NULL, NULL, NULL, NULL, 21, '黄雨伞', '(韩)柳在守著', '接力出版社', '0001.jpg', '想象，音乐', '9787544838900', '1-2年级', '38', '图画书', '', '这是一本美丽无比的图画书。\n　　雨中，一把黄色的雨伞飘动在小路上。一会儿，蓝雨伞、红雨伞、绿雨伞、粉红雨伞也飘来了，它们飘过路口，飘过游乐场……看上去像是万紫千红的花朵。\n　　雨中的雨伞，是那样神奇，那样美丽，让人惊叹，让读者体会自然之美。\n　　每把小伞下面都有一个秘密，伞和伞之间都有故事。图中没有一个文字，为读者提供了想象空间，让他们感受幻想之美。\n　　本书随书附赠CD，十三段音乐，或轻柔欢快，或悠扬甜美，与画面相互呼应，让读者享受音乐之美。\n　　每个画面中，都有不同颜色、不同数目的雨伞，让读者在美丽的画面中认识数字、颜色，体味认知之美。\n国际儿童读物联盟（IBBY）残疾儿童图书奖；《纽约时报》好书奖', '柳在守，毕业于韩国弘益大学绘画专业，因参与名为“海松”的托儿机构的活动，对韩国儿童文化的发展现状产生了兴趣。这段经历也成为之后很长时间他创作儿童图画书的基础。他在担任美术教师期间，以“我的图画书”为题，开展了美术教育改良运动，目前是韩国“南北文化整合教育院”和“儿童的好朋友”协会会员，致力于南北儿童文化交流工作。作品有《白头山的故事》《在妈妈怀中睡着》《石头和长寿梅》等。本书于2002年被《纽约时报》评为“年度最佳图画书”。 \n关于作曲家：\n申东一毕业于首尔大学音乐学院作曲专业，并在纽约大学获得硕士学位。2003年获得“今天的年轻艺术家”奖，2004年获得“KBS国乐大奖”。目前为儿童音乐企划公司“汤姆的房间”及作曲者组织“作曲庭院”的首席代表，还兼任韩国民族音乐人协会常任理事，并在韩国艺术综合大学和首尔大学授课。作品有钢琴曲专辑《蓝色自行车》《越快的世界》，童谣集《蟋蟀》《空房间》，音乐剧《故事爷爷和奇怪的夜晚》。', '连续六年入选《新阅读研究所中国幼儿基础阅读书目：推荐书目》', '2016-10-25 20:16:40', '2015'),
(42, 25, NULL, NULL, NULL, NULL, 21, '白马与神图', '李健编绘', '新疆青少年出版社', '0002.jpg', '节日民俗', '9787551546683', '3-4年级', '28', '图画书', '', '孩子们应该了解粮食的来历，《白马与神图》用图画书形式讲述了“二十四节气” 的由来以及人们运用节气知识过上丰足生活的传奇故事：生长在黄河边的男孩阿福收养了一匹孤单瘦弱的白色小马驹，富有灵性的白马凭借马毛形成的神图，引导阿福和乡亲们掌握了根据季节变化来安排农事、生活的规律，并把这些规律总结成了“二十四节气”，一直沿用至今。\n气韵独特的水墨丹青与经久流传的中国故事完美融合，向孩子们展示了中国画古朴悠远的艺术美，展示了中国传统文化的魅力，版权已输出至美国、法国并重印！\n荣获文化部“中国文化艺术政府奖第二届动漫奖”', '李健，著名图画书作家，插画师，毕业于河北师范大学美术学院国画系，代表作品有《雨龙》、《过新年》等原创图画书，并曾为《森林报》（彩绘版）、《“真好玩”长卷系列童话》等优质童书绘制插图。', NULL, '2016-10-25 20:16:40', '2014'),
(43, 25, NULL, NULL, NULL, NULL, 21, '兵马俑', '李健编绘', '新疆青少年出版社', '0003.jpg', '历史传说', '9787551546690', '3-4年级', '28', '图画书', '', '《兵马俑》用图画书形式讲述了一个神奇的故事，帮孩子们了解有关秦始皇陵兵马俑的知识：图画书开篇，小明参观兵马俑展，被健壮沉稳、威风凛凛的将军俑吸引，把将军俑的纪念品买回家。晚上，将军俑用铜车马将小明带回了自己的大本营，和小明玩起了捉迷藏。寻找将军俑的过程中，小明先后遇到了步兵俑、跪射俑、骑兵俑、舞乐俑和文官俑，终于找到将军俑。将军俑和小明乘坐战马回到小明家，这时候，小明才知道刚才发生的一切原来只是一场梦。故事富有浓厚的历史和人文气息。\n　　气韵独特的水墨丹青与匠心独运的中国故事完美融合，向孩子们展示了中国画古朴悠远的艺术美，展示了中国传统文化的魅力，版权已输出至美国、巴西、葡萄牙并重印！\n荣获文化部“中国文化艺术政府奖第二届动漫奖”', '李健，著名图画书作家，插画师，毕业于河北师范大学美术学院国画系，代表作品有《雨龙》、《过新年》等原创图画书，并曾为《森林报》（彩绘版）、《“真好玩”长卷系列童话》等优质童书绘制插图。', ' 入选“《人民日报》100本适合孩子阅读的精品书”', '2016-10-25 20:16:40', '2014'),
(44, 25, NULL, NULL, NULL, NULL, 21, '小悟空', '李健编绘', '新疆青少年出版社', '0004.jpg', '民间故事', '9787551546706', '3-4年级', '28', '图画书', '', '《小悟空》故事取材于我国古代脍炙人口的神话小说《西游记》，浓缩再现“美猴王” 的传奇故事，让孩子们认识了执着感恩、勇敢坚持的小悟空：花果山上的小猴子为救醒对自己有养育之恩的老猴王，跋涉万里去寻找海那边的老神仙求医问药，一路上得到神龟、凤凰、龙王的帮助，练就金刚不坏身、七十二变等神奇本领，终于找到老神仙，求得仙丹，不仅救醒了老猴王，还成为大家拥戴的美猴王。故事来源于古典名著，又有所颠覆，体现出编绘者别出心裁的创意。\n　　气韵独特的水墨丹青与经久流传的中国故事完美融合，向孩子们展示了中国画古朴悠远的艺术美，展示了中国传统文化的魅力，版权已输出至美国、法国并重印！\n荣获文化部“中国文化艺术政府奖第二届动漫奖”', '李健，著名图画书作家，插画师，毕业于河北师范大学美术学院国画系，代表作品有《雨龙》、《过新年》等原创图画书，并曾为《森林报》（彩绘版）、《“真好玩”长卷系列童话》等优质童书绘制插图。', ' 入选新阅读研究所“中国原创童书100佳” ', '2016-10-25 20:16:40', '2014'),
(45, 25, NULL, NULL, NULL, NULL, 21, '黄雨伞', '(韩)柳在守著', '接力出版社', '0001.jpg', '想象，音乐', '9787544838900', '1-2年级', '38', '图画书', '', '这是一本美丽无比的图画书。\n　　雨中，一把黄色的雨伞飘动在小路上。一会儿，蓝雨伞、红雨伞、绿雨伞、粉红雨伞也飘来了，它们飘过路口，飘过游乐场……看上去像是万紫千红的花朵。\n　　雨中的雨伞，是那样神奇，那样美丽，让人惊叹，让读者体会自然之美。\n　　每把小伞下面都有一个秘密，伞和伞之间都有故事。图中没有一个文字，为读者提供了想象空间，让他们感受幻想之美。\n　　本书随书附赠CD，十三段音乐，或轻柔欢快，或悠扬甜美，与画面相互呼应，让读者享受音乐之美。\n　　每个画面中，都有不同颜色、不同数目的雨伞，让读者在美丽的画面中认识数字、颜色，体味认知之美。\n国际儿童读物联盟（IBBY）残疾儿童图书奖；《纽约时报》好书奖', '柳在守，毕业于韩国弘益大学绘画专业，因参与名为“海松”的托儿机构的活动，对韩国儿童文化的发展现状产生了兴趣。这段经历也成为之后很长时间他创作儿童图画书的基础。他在担任美术教师期间，以“我的图画书”为题，开展了美术教育改良运动，目前是韩国“南北文化整合教育院”和“儿童的好朋友”协会会员，致力于南北儿童文化交流工作。作品有《白头山的故事》《在妈妈怀中睡着》《石头和长寿梅》等。本书于2002年被《纽约时报》评为“年度最佳图画书”。 \n关于作曲家：\n申东一毕业于首尔大学音乐学院作曲专业，并在纽约大学获得硕士学位。2003年获得“今天的年轻艺术家”奖，2004年获得“KBS国乐大奖”。目前为儿童音乐企划公司“汤姆的房间”及作曲者组织“作曲庭院”的首席代表，还兼任韩国民族音乐人协会常任理事，并在韩国艺术综合大学和首尔大学授课。作品有钢琴曲专辑《蓝色自行车》《越快的世界》，童谣集《蟋蟀》《空房间》，音乐剧《故事爷爷和奇怪的夜晚》。', '连续六年入选《新阅读研究所中国幼儿基础阅读书目：推荐书目》', '2016-10-25 20:17:51', '2015'),
(46, 25, NULL, NULL, NULL, NULL, 21, '白马与神图', '李健编绘', '新疆青少年出版社', '0002.jpg', '节日民俗', '9787551546683', '3-4年级', '28', '图画书', '', '孩子们应该了解粮食的来历，《白马与神图》用图画书形式讲述了“二十四节气” 的由来以及人们运用节气知识过上丰足生活的传奇故事：生长在黄河边的男孩阿福收养了一匹孤单瘦弱的白色小马驹，富有灵性的白马凭借马毛形成的神图，引导阿福和乡亲们掌握了根据季节变化来安排农事、生活的规律，并把这些规律总结成了“二十四节气”，一直沿用至今。\n气韵独特的水墨丹青与经久流传的中国故事完美融合，向孩子们展示了中国画古朴悠远的艺术美，展示了中国传统文化的魅力，版权已输出至美国、法国并重印！\n荣获文化部“中国文化艺术政府奖第二届动漫奖”', '李健，著名图画书作家，插画师，毕业于河北师范大学美术学院国画系，代表作品有《雨龙》、《过新年》等原创图画书，并曾为《森林报》（彩绘版）、《“真好玩”长卷系列童话》等优质童书绘制插图。', NULL, '2016-10-25 20:17:51', '2014'),
(47, 25, NULL, NULL, NULL, NULL, 21, '兵马俑', '李健编绘', '新疆青少年出版社', '0003.jpg', '历史传说', '9787551546690', '3-4年级', '28', '图画书', '', '《兵马俑》用图画书形式讲述了一个神奇的故事，帮孩子们了解有关秦始皇陵兵马俑的知识：图画书开篇，小明参观兵马俑展，被健壮沉稳、威风凛凛的将军俑吸引，把将军俑的纪念品买回家。晚上，将军俑用铜车马将小明带回了自己的大本营，和小明玩起了捉迷藏。寻找将军俑的过程中，小明先后遇到了步兵俑、跪射俑、骑兵俑、舞乐俑和文官俑，终于找到将军俑。将军俑和小明乘坐战马回到小明家，这时候，小明才知道刚才发生的一切原来只是一场梦。故事富有浓厚的历史和人文气息。\n　　气韵独特的水墨丹青与匠心独运的中国故事完美融合，向孩子们展示了中国画古朴悠远的艺术美，展示了中国传统文化的魅力，版权已输出至美国、巴西、葡萄牙并重印！\n荣获文化部“中国文化艺术政府奖第二届动漫奖”', '李健，著名图画书作家，插画师，毕业于河北师范大学美术学院国画系，代表作品有《雨龙》、《过新年》等原创图画书，并曾为《森林报》（彩绘版）、《“真好玩”长卷系列童话》等优质童书绘制插图。', ' 入选“《人民日报》100本适合孩子阅读的精品书”', '2016-10-25 20:17:51', '2014'),
(48, 25, NULL, NULL, NULL, NULL, 21, '小悟空', '李健编绘', '新疆青少年出版社', '0004.jpg', '民间故事', '9787551546706', '3-4年级', '28', '图画书', '', '《小悟空》故事取材于我国古代脍炙人口的神话小说《西游记》，浓缩再现“美猴王” 的传奇故事，让孩子们认识了执着感恩、勇敢坚持的小悟空：花果山上的小猴子为救醒对自己有养育之恩的老猴王，跋涉万里去寻找海那边的老神仙求医问药，一路上得到神龟、凤凰、龙王的帮助，练就金刚不坏身、七十二变等神奇本领，终于找到老神仙，求得仙丹，不仅救醒了老猴王，还成为大家拥戴的美猴王。故事来源于古典名著，又有所颠覆，体现出编绘者别出心裁的创意。\n　　气韵独特的水墨丹青与经久流传的中国故事完美融合，向孩子们展示了中国画古朴悠远的艺术美，展示了中国传统文化的魅力，版权已输出至美国、法国并重印！\n荣获文化部“中国文化艺术政府奖第二届动漫奖”', '李健，著名图画书作家，插画师，毕业于河北师范大学美术学院国画系，代表作品有《雨龙》、《过新年》等原创图画书，并曾为《森林报》（彩绘版）、《“真好玩”长卷系列童话》等优质童书绘制插图。', ' 入选新阅读研究所“中国原创童书100佳” ', '2016-10-25 20:17:51', '2014'),
(49, 25, NULL, NULL, NULL, NULL, 21, '黄雨伞', '(韩)柳在守著', '接力出版社', '0001.jpg', '想象，音乐', '9787544838900', '1-2年级', '38', '图画书', '', '这是一本美丽无比的图画书。\n　　雨中，一把黄色的雨伞飘动在小路上。一会儿，蓝雨伞、红雨伞、绿雨伞、粉红雨伞也飘来了，它们飘过路口，飘过游乐场……看上去像是万紫千红的花朵。\n　　雨中的雨伞，是那样神奇，那样美丽，让人惊叹，让读者体会自然之美。\n　　每把小伞下面都有一个秘密，伞和伞之间都有故事。图中没有一个文字，为读者提供了想象空间，让他们感受幻想之美。\n　　本书随书附赠CD，十三段音乐，或轻柔欢快，或悠扬甜美，与画面相互呼应，让读者享受音乐之美。\n　　每个画面中，都有不同颜色、不同数目的雨伞，让读者在美丽的画面中认识数字、颜色，体味认知之美。\n国际儿童读物联盟（IBBY）残疾儿童图书奖；《纽约时报》好书奖', '柳在守，毕业于韩国弘益大学绘画专业，因参与名为“海松”的托儿机构的活动，对韩国儿童文化的发展现状产生了兴趣。这段经历也成为之后很长时间他创作儿童图画书的基础。他在担任美术教师期间，以“我的图画书”为题，开展了美术教育改良运动，目前是韩国“南北文化整合教育院”和“儿童的好朋友”协会会员，致力于南北儿童文化交流工作。作品有《白头山的故事》《在妈妈怀中睡着》《石头和长寿梅》等。本书于2002年被《纽约时报》评为“年度最佳图画书”。 \n关于作曲家：\n申东一毕业于首尔大学音乐学院作曲专业，并在纽约大学获得硕士学位。2003年获得“今天的年轻艺术家”奖，2004年获得“KBS国乐大奖”。目前为儿童音乐企划公司“汤姆的房间”及作曲者组织“作曲庭院”的首席代表，还兼任韩国民族音乐人协会常任理事，并在韩国艺术综合大学和首尔大学授课。作品有钢琴曲专辑《蓝色自行车》《越快的世界》，童谣集《蟋蟀》《空房间》，音乐剧《故事爷爷和奇怪的夜晚》。', '连续六年入选《新阅读研究所中国幼儿基础阅读书目：推荐书目》', '2016-10-25 20:20:15', '2015'),
(50, 25, NULL, NULL, NULL, NULL, 21, '白马与神图', '李健编绘', '新疆青少年出版社', '0002.jpg', '节日民俗', '9787551546683', '3-4年级', '28', '图画书', '', '孩子们应该了解粮食的来历，《白马与神图》用图画书形式讲述了“二十四节气” 的由来以及人们运用节气知识过上丰足生活的传奇故事：生长在黄河边的男孩阿福收养了一匹孤单瘦弱的白色小马驹，富有灵性的白马凭借马毛形成的神图，引导阿福和乡亲们掌握了根据季节变化来安排农事、生活的规律，并把这些规律总结成了“二十四节气”，一直沿用至今。\n气韵独特的水墨丹青与经久流传的中国故事完美融合，向孩子们展示了中国画古朴悠远的艺术美，展示了中国传统文化的魅力，版权已输出至美国、法国并重印！\n荣获文化部“中国文化艺术政府奖第二届动漫奖”', '李健，著名图画书作家，插画师，毕业于河北师范大学美术学院国画系，代表作品有《雨龙》、《过新年》等原创图画书，并曾为《森林报》（彩绘版）、《“真好玩”长卷系列童话》等优质童书绘制插图。', NULL, '2016-10-25 20:20:15', '2014'),
(51, 25, NULL, NULL, NULL, NULL, 21, '兵马俑', '李健编绘', '新疆青少年出版社', '0003.jpg', '历史传说', '9787551546690', '3-4年级', '28', '图画书', '', '《兵马俑》用图画书形式讲述了一个神奇的故事，帮孩子们了解有关秦始皇陵兵马俑的知识：图画书开篇，小明参观兵马俑展，被健壮沉稳、威风凛凛的将军俑吸引，把将军俑的纪念品买回家。晚上，将军俑用铜车马将小明带回了自己的大本营，和小明玩起了捉迷藏。寻找将军俑的过程中，小明先后遇到了步兵俑、跪射俑、骑兵俑、舞乐俑和文官俑，终于找到将军俑。将军俑和小明乘坐战马回到小明家，这时候，小明才知道刚才发生的一切原来只是一场梦。故事富有浓厚的历史和人文气息。\n　　气韵独特的水墨丹青与匠心独运的中国故事完美融合，向孩子们展示了中国画古朴悠远的艺术美，展示了中国传统文化的魅力，版权已输出至美国、巴西、葡萄牙并重印！\n荣获文化部“中国文化艺术政府奖第二届动漫奖”', '李健，著名图画书作家，插画师，毕业于河北师范大学美术学院国画系，代表作品有《雨龙》、《过新年》等原创图画书，并曾为《森林报》（彩绘版）、《“真好玩”长卷系列童话》等优质童书绘制插图。', ' 入选“《人民日报》100本适合孩子阅读的精品书”', '2016-10-25 20:20:15', '2014'),
(52, 25, NULL, NULL, NULL, NULL, 21, '小悟空', '李健编绘', '新疆青少年出版社', '0004.jpg', '民间故事', '9787551546706', '3-4年级', '28', '图画书', '', '《小悟空》故事取材于我国古代脍炙人口的神话小说《西游记》，浓缩再现“美猴王” 的传奇故事，让孩子们认识了执着感恩、勇敢坚持的小悟空：花果山上的小猴子为救醒对自己有养育之恩的老猴王，跋涉万里去寻找海那边的老神仙求医问药，一路上得到神龟、凤凰、龙王的帮助，练就金刚不坏身、七十二变等神奇本领，终于找到老神仙，求得仙丹，不仅救醒了老猴王，还成为大家拥戴的美猴王。故事来源于古典名著，又有所颠覆，体现出编绘者别出心裁的创意。\n　　气韵独特的水墨丹青与经久流传的中国故事完美融合，向孩子们展示了中国画古朴悠远的艺术美，展示了中国传统文化的魅力，版权已输出至美国、法国并重印！\n荣获文化部“中国文化艺术政府奖第二届动漫奖”', '李健，著名图画书作家，插画师，毕业于河北师范大学美术学院国画系，代表作品有《雨龙》、《过新年》等原创图画书，并曾为《森林报》（彩绘版）、《“真好玩”长卷系列童话》等优质童书绘制插图。', ' 入选新阅读研究所“中国原创童书100佳” ', '2016-10-25 20:20:15', '2014'),
(53, 25, NULL, NULL, NULL, NULL, 21, 'C语言', 'zht,zht,zht', '两只小猪加比索', '/userupload//201610/26/thumb_58100c8f23f21.jpg', '儿童教育,经济,管理培训,C语言', '123456788', NULL, '123.00', NULL, NULL, '', '作者简介', NULL, NULL, NULL),
(54, 25, NULL, NULL, NULL, NULL, 21, 'php', 'zht,,', '两只小猪加比索', '/userupload//201610/26/thumb_581011934eb8e.jpg', '儿童教育,经济,管理培训,PHP', '111', NULL, '', NULL, NULL, '', '作者简介', NULL, '2016-10-26 10:14;54', NULL),
(55, 25, NULL, NULL, NULL, NULL, 4, '测试图片大小', 'glen', '两只小猪加比索', '/userupload//201610/26/thumb_581048af2d790.jpg', '', '', NULL, '', NULL, NULL, '', '', NULL, '2016-10-26 14:10;24', NULL);

-- --------------------------------------------------------

--
-- 表的结构 `m_orders`
--

CREATE TABLE IF NOT EXISTS `m_orders` (
  `orderId` int(11) NOT NULL AUTO_INCREMENT,
  `orderNo` varchar(100) DEFAULT '0' COMMENT '订单号',
  `area` varchar(150) DEFAULT NULL COMMENT '省市区名称',
  `area1` int(11) DEFAULT '0' COMMENT '省份',
  `area2` int(11) DEFAULT '0' COMMENT '城市',
  `area3` int(11) DEFAULT '0' COMMENT '地区',
  `isPush` tinyint(4) DEFAULT '0',
  `promotionCodeLevel` int(11) DEFAULT NULL,
  `promotionCode` varchar(100) DEFAULT NULL,
  `orderStatus` tinyint(4) DEFAULT '0' COMMENT '订单状态  0-已取消 1-待支付 2-待发货 3-待收货    4-待评论 5-退款申请中 6-商家同意退款申请 7-商家待收货 8-商家已收货 9-商家同意退款 10-商家拒绝退款 14-已完成 15-退款申请中（用户已支付，商家未发货时提出）',
  `freight` int(11) DEFAULT NULL COMMENT '运费',
  `totalMoney` float(11,2) DEFAULT '0.00' COMMENT '订单总金额',
  `realityMoney` float(11,2) DEFAULT '0.00' COMMENT '实际支付的金额',
  `point` int(11) DEFAULT '0' COMMENT '积分',
  `totalScore` varchar(100) DEFAULT '0' COMMENT '用户花费的积分',
  `returnScore` varchar(100) DEFAULT '0' COMMENT '订单返回的积分',
  `employScore` varchar(100) DEFAULT '0' COMMENT '使用积分',
  `scoreDeduction` varchar(100) DEFAULT '0' COMMENT '积分抵扣',
  `yhmDeduction` varchar(100) DEFAULT NULL COMMENT '优惠码抵扣',
  `payType` tinyint(4) DEFAULT '0' COMMENT '支付类型 默认0-微信支付 1-支付宝支付2积分支付',
  `isPay` tinyint(4) DEFAULT '0' COMMENT '是否支付 默认0-未支付 1-已支付',
  `isAppraises` tinyint(4) DEFAULT '0' COMMENT '是否评价 0否 1-是',
  `isRefund` tinyint(4) DEFAULT '0' COMMENT '是否返积分 0-否 1-是',
  `userId` int(11) DEFAULT NULL COMMENT '用户ID',
  `userMobile` varchar(100) DEFAULT NULL,
  `userName` varchar(100) DEFAULT NULL COMMENT '用户名',
  `consignee` varchar(100) DEFAULT NULL COMMENT '收货人姓名',
  `userAddress` varchar(100) DEFAULT NULL COMMENT '详细地址',
  `userPhone` varchar(30) DEFAULT NULL COMMENT '收货人联系电话',
  `deliveryNo` varchar(40) DEFAULT NULL COMMENT '快递单号',
  `buyerMessage` varchar(255) DEFAULT NULL COMMENT '买家留言',
  `refuseReason` varchar(255) DEFAULT NULL COMMENT '拒绝退款原因',
  `deliveryCompanyId` int(11) DEFAULT NULL COMMENT '快递公司ID',
  `isShow` tinyint(4) DEFAULT '1' COMMENT '订单是否显示 0-隐藏 1-显示(用于伪删除)',
  `orderFlag` tinyint(4) DEFAULT '1' COMMENT '订单是否可用 0-否 1-是',
  `createTime` datetime DEFAULT NULL COMMENT '订单创建时间',
  `payTime` datetime DEFAULT NULL,
  `deliveryTime` datetime DEFAULT NULL COMMENT '订单发货时间',
  `queryTime` datetime DEFAULT NULL COMMENT '订单收货时间',
  `cancelCause` varchar(255) DEFAULT NULL COMMENT '订单取消原因',
  `tradeNo` varchar(100) DEFAULT NULL COMMENT '支付宝交易号',
  `return_info` varchar(255) DEFAULT NULL COMMENT '退款说明',
  `return_reason` varchar(100) DEFAULT NULL COMMENT '退款原因',
  `spec_text` text COMMENT '退款申请图片凭证',
  `refundTime` datetime DEFAULT NULL COMMENT '退款申请时间',
  `userDeliveryNo` varchar(100) DEFAULT NULL COMMENT '用户提供的物流单号',
  `userDeliveryName` varchar(100) DEFAULT NULL COMMENT '用户提供的物流名称',
  `invoiceVal` varchar(100) DEFAULT NULL COMMENT '所属类型 例如：个人 、公司',
  `invoiceName` varchar(100) DEFAULT NULL COMMENT '发票抬头',
  `shipmentAddress` varchar(250) DEFAULT NULL COMMENT '寄货地址',
  `shipmentPhone` varchar(100) DEFAULT NULL,
  `shipmentName` varchar(100) DEFAULT NULL,
  `refundQueryTime` datetime DEFAULT NULL COMMENT '商家同意退款时间',
  `updata_time` datetime DEFAULT NULL COMMENT '评价时间',
  PRIMARY KEY (`orderId`)
) ENGINE=InnoDB  DEFAULT CHARSET=utf8 AUTO_INCREMENT=210 ;

--
-- 转存表中的数据 `m_orders`
--

INSERT INTO `m_orders` (`orderId`, `orderNo`, `area`, `area1`, `area2`, `area3`, `isPush`, `promotionCodeLevel`, `promotionCode`, `orderStatus`, `freight`, `totalMoney`, `realityMoney`, `point`, `totalScore`, `returnScore`, `employScore`, `scoreDeduction`, `yhmDeduction`, `payType`, `isPay`, `isAppraises`, `isRefund`, `userId`, `userMobile`, `userName`, `consignee`, `userAddress`, `userPhone`, `deliveryNo`, `buyerMessage`, `refuseReason`, `deliveryCompanyId`, `isShow`, `orderFlag`, `createTime`, `payTime`, `deliveryTime`, `queryTime`, `cancelCause`, `tradeNo`, `return_info`, `return_reason`, `spec_text`, `refundTime`, `userDeliveryNo`, `userDeliveryName`, `invoiceVal`, `invoiceName`, `shipmentAddress`, `shipmentPhone`, `shipmentName`, `refundQueryTime`, `updata_time`) VALUES
(122, '341475225591138', '广东 潮州 饶平县', 0, 0, 0, 0, NULL, NULL, 6, 5, 120.00, 2940.00, 0, '0', '0', '0', '0', NULL, 0, 0, 0, 0, 1, NULL, NULL, '123132', '465465465', '13112345678', NULL, NULL, NULL, NULL, 1, 1, '2016-09-30 16:53:11', '2016-09-30 16:53:11', NULL, NULL, NULL, NULL, NULL, NULL, NULL, '2016-10-08 16:43:55', NULL, NULL, NULL, NULL, '', '', '', NULL, '2016-10-08 16:28:31'),
(123, '801475225848585', '广东 潮州 饶平县', 0, 0, 0, 0, NULL, NULL, 14, 5, 1502.00, 2940.00, 0, '0', '0', '0', '0', NULL, 0, 1, 0, 0, 1, NULL, NULL, '123132', '465465465', '13112345678', '456456464', NULL, '123', 2, 1, 1, '2016-09-30 16:57:28', '2016-09-30 16:53:11', '2016-10-08 10:58:03', NULL, NULL, NULL, NULL, NULL, NULL, '2016-10-08 16:31:35', NULL, NULL, NULL, NULL, '', '', '', NULL, '2016-10-08 15:53:05'),
(124, '501475226322522', '广东 潮州 饶平县', 0, 0, 0, 0, NULL, NULL, 8, 5, 304.00, 2940.00, 0, '0', '0', '0', '0', NULL, 0, 1, 0, 0, 1, NULL, NULL, '123132', '465465465', '13112345678', NULL, NULL, '111', NULL, 1, 1, '2016-09-30 17:05:22', '2016-09-30 16:53:11', NULL, NULL, NULL, NULL, NULL, NULL, NULL, '2016-10-08 16:33:47', NULL, NULL, NULL, NULL, NULL, NULL, NULL, '2016-10-08 13:39:52', '2016-10-08 15:53:05'),
(125, '541475227444691', '广东 潮州 饶平县', 0, 0, 0, 0, NULL, NULL, 5, 5, 2640.00, 2940.00, 0, '0', '0', '0', '0', NULL, 0, 1, 0, 0, 1, NULL, NULL, '123132', '465465465', '13112345678', '45465465465', NULL, NULL, 2, 1, 1, '2016-09-30 17:24:04', '2016-09-30 16:53:11', '2016-09-30 17:34:16', NULL, NULL, NULL, NULL, NULL, NULL, '2016-10-08 16:34:39', NULL, NULL, NULL, NULL, NULL, NULL, NULL, NULL, '2016-10-08 16:05:55'),
(126, '541475897996843', '广东 潮州 饶平县', 0, 0, 0, 0, NULL, NULL, 2, 5, 450.00, 2940.00, 0, '0', '0', '0', '0', NULL, 0, 1, 0, 0, 1, NULL, NULL, '123132', '465465465', '13112345678', '4564654', NULL, '123123', 9, 1, 1, '2016-10-08 11:39:56', '2016-09-30 16:53:11', '2016-10-08 14:02:45', NULL, NULL, NULL, NULL, NULL, NULL, '2016-10-08 16:42:38', NULL, NULL, NULL, NULL, '', '', '', '2016-10-08 14:28:30', '2016-10-08 15:53:05'),
(127, '441475916448952', '广东 潮州 饶平县', 0, 0, 0, 0, NULL, NULL, 11, NULL, 450.00, 2940.00, 0, '0', '0', '0', '0', NULL, 0, 1, 0, 0, 1, NULL, NULL, '123132', '465465465', '13112345678', '66666666', NULL, NULL, 9, 1, 1, '2016-10-08 16:47:28', NULL, '2016-10-08 16:49:45', NULL, NULL, NULL, NULL, '我不想要了', NULL, '2016-10-08 16:54:03', '1313456465', '顺丰快递', NULL, NULL, '', '', '', '2016-10-08 17:25:17', '2016-10-08 16:53:42'),
(128, '631475918761389', '广东 潮州 饶平县', 0, 0, 0, 0, NULL, NULL, 14, NULL, 120.00, 2940.00, 0, '0', '0', '0', '0', NULL, 0, 0, 0, 0, 1, NULL, NULL, '123132', '465465465', '13112345678', NULL, NULL, NULL, NULL, 1, 1, '2016-10-08 17:26:01', NULL, NULL, NULL, NULL, NULL, NULL, NULL, NULL, NULL, NULL, NULL, NULL, NULL, NULL, NULL, NULL, NULL, '2016-10-09 18:01:41'),
(194, '581476023349544', NULL, 0, 0, 0, 0, NULL, NULL, 1, NULL, 0.00, 240.00, 0, '0', '0', '0', '0', NULL, 0, 0, 0, 0, 1, NULL, NULL, NULL, NULL, NULL, NULL, NULL, NULL, NULL, 1, 1, '2016-10-09 22:29:09', NULL, NULL, NULL, NULL, NULL, NULL, NULL, NULL, NULL, NULL, NULL, NULL, NULL, NULL, NULL, NULL, NULL, NULL),
(195, '761476026490667', '广东 潮州 饶平县', 0, 0, 0, 0, NULL, NULL, 1, NULL, 450.00, 450.00, 0, '0', '0', '0', '0', NULL, 0, 0, 0, 0, 1, NULL, NULL, '123132', '465465465', '13112345678', NULL, NULL, NULL, NULL, 1, 1, '2016-10-09 23:21:30', NULL, NULL, NULL, NULL, NULL, NULL, NULL, NULL, NULL, NULL, NULL, NULL, NULL, NULL, NULL, NULL, NULL, NULL),
(196, '801476066075799', NULL, 0, 0, 0, 0, NULL, NULL, 1, NULL, 0.00, 120.00, 0, '0', '0', '0', '0', NULL, 0, 0, 0, 0, 1, NULL, NULL, NULL, NULL, NULL, NULL, NULL, NULL, NULL, 1, 1, '2016-10-10 10:21:15', NULL, NULL, NULL, NULL, NULL, NULL, NULL, NULL, NULL, NULL, NULL, NULL, NULL, NULL, NULL, NULL, NULL, NULL),
(209, '601476069185743', '广东 潮州 饶平县', 0, 0, 0, 0, NULL, NULL, 1, NULL, 450.00, 450.00, 0, '0', '0', '0', '0', NULL, 0, 0, 0, 0, 1, NULL, NULL, '123132', '465465465', '13112345678', NULL, NULL, NULL, NULL, 1, 1, '2016-10-10 11:13:05', NULL, NULL, NULL, NULL, NULL, NULL, NULL, NULL, NULL, NULL, NULL, NULL, NULL, NULL, NULL, NULL, NULL, NULL);

-- --------------------------------------------------------

--
-- 表的结构 `m_order_goods`
--

CREATE TABLE IF NOT EXISTS `m_order_goods` (
  `id` int(11) NOT NULL AUTO_INCREMENT,
  `article_id` int(11) DEFAULT NULL,
  `order_id` int(11) DEFAULT NULL,
  `goods_id` int(11) DEFAULT NULL,
  `goods_no` varchar(50) DEFAULT NULL,
  `goods_title` varchar(100) DEFAULT NULL,
  `img_url` varchar(255) DEFAULT NULL,
  `spec_text` longtext COMMENT '退货图片凭证',
  `cannotRefund` varchar(255) DEFAULT NULL COMMENT '商家拒绝退款原因',
  `goods_price` float(11,2) DEFAULT NULL,
  `goodsStatus` tinyint(4) DEFAULT '0' COMMENT '订单商品状态  0-已取消 1-待支付 2-待发货 3-待收货  4-待评论 5-退款申请中 6-商家同意退款申请 7-商家待收货 8-商家已收货 9-商家同意退款 10-商家拒绝退款',
  `real_price` float(11,2) DEFAULT NULL,
  `quantity` int(11) DEFAULT NULL,
  `point` int(11) DEFAULT NULL,
  `express_id` int(11) unsigned NOT NULL,
  `return_info` varchar(255) DEFAULT NULL COMMENT '用户退货说明',
  `return_reason` varchar(255) DEFAULT NULL COMMENT '用户退货原因',
  `refundTime` datetime DEFAULT NULL COMMENT '用户申请退货时间',
  `deliveryName` varchar(100) DEFAULT NULL COMMENT '物流名称',
  `deliveryNo` varchar(100) DEFAULT NULL COMMENT '物流单号',
  `refundQueryTime` datetime DEFAULT NULL COMMENT '商家同意退款时间',
  `shipmentAddress` varchar(255) DEFAULT NULL COMMENT '寄货地址',
  `shipmentName` varchar(100) DEFAULT NULL,
  `shipmentPhone` varchar(100) DEFAULT NULL,
  PRIMARY KEY (`id`)
) ENGINE=InnoDB  DEFAULT CHARSET=utf8 AUTO_INCREMENT=200 ;

--
-- 转存表中的数据 `m_order_goods`
--

INSERT INTO `m_order_goods` (`id`, `article_id`, `order_id`, `goods_id`, `goods_no`, `goods_title`, `img_url`, `spec_text`, `cannotRefund`, `goods_price`, `goodsStatus`, `real_price`, `quantity`, `point`, `express_id`, `return_info`, `return_reason`, `refundTime`, `deliveryName`, `deliveryNo`, `refundQueryTime`, `shipmentAddress`, `shipmentName`, `shipmentPhone`) VALUES
(102, 6, 122, NULL, NULL, '笔记本电脑', '/upload/20160928/57eb80fee512e.jpg', NULL, NULL, 120.00, 0, 120.00, 1, NULL, 0, NULL, NULL, NULL, NULL, NULL, NULL, NULL, NULL, NULL),
(103, 8, 123, NULL, NULL, '木材', '/upload/20160928/57ebabb678cac.jpg', NULL, NULL, 450.00, 0, 1350.00, 3, NULL, 0, NULL, NULL, NULL, NULL, NULL, NULL, NULL, NULL, NULL),
(104, 7, 123, NULL, NULL, '美的电饭锅', '/upload/20160928/57ebaa12f06c1.jpg', NULL, NULL, 152.00, 0, 152.00, 1, NULL, 0, NULL, NULL, NULL, NULL, NULL, NULL, NULL, NULL, NULL),
(105, 7, 124, NULL, NULL, '美的电饭锅', '/upload/20160928/57ebaa12f06c1.jpg', NULL, NULL, 152.00, 0, 304.00, 2, NULL, 0, NULL, NULL, NULL, NULL, NULL, NULL, NULL, NULL, NULL),
(106, 6, 125, NULL, NULL, '笔记本电脑', '/upload/20160928/57eb80fee512e.jpg', NULL, NULL, 120.00, 0, 2640.00, 22, NULL, 0, NULL, NULL, NULL, NULL, NULL, NULL, NULL, NULL, NULL),
(107, 8, 126, NULL, NULL, '木材', '/upload/20160928/57ebabb678cac.jpg', NULL, NULL, 450.00, 0, 450.00, 1, NULL, 0, NULL, NULL, NULL, NULL, NULL, NULL, NULL, NULL, NULL),
(108, 8, 127, NULL, NULL, '木材', '/upload/20160928/57ebabb678cac.jpg', NULL, NULL, 450.00, 0, 450.00, 1, NULL, 0, NULL, NULL, NULL, NULL, NULL, NULL, NULL, NULL, NULL),
(109, 6, 128, NULL, NULL, '笔记本电脑', '/upload/20160928/57eb80fee512e.jpg', NULL, NULL, 120.00, 0, 120.00, 1, NULL, 0, NULL, NULL, NULL, NULL, NULL, NULL, NULL, NULL, NULL),
(129, 6, 154, NULL, NULL, '笔记本电脑', '/upload/20160928/57eb80fee512e.jpg', NULL, NULL, 120.00, 0, 240.00, 2, NULL, 0, NULL, NULL, NULL, NULL, NULL, NULL, NULL, NULL, NULL),
(149, 6, 166, NULL, NULL, '笔记本电脑', '/upload/20160928/57eb80fee512e.jpg', NULL, NULL, 120.00, 0, 240.00, 2, NULL, 0, NULL, NULL, NULL, NULL, NULL, NULL, NULL, NULL, NULL),
(150, 8, 166, NULL, NULL, '木材', '/upload/20160928/57ebabb678cac.jpg', NULL, NULL, 450.00, 0, 1350.00, 3, NULL, 0, NULL, NULL, NULL, NULL, NULL, NULL, NULL, NULL, NULL),
(151, 6, 167, NULL, NULL, '笔记本电脑', '/upload/20160928/57eb80fee512e.jpg', NULL, NULL, 120.00, 0, 240.00, 2, NULL, 0, NULL, NULL, NULL, NULL, NULL, NULL, NULL, NULL, NULL),
(153, 6, 169, NULL, NULL, '笔记本电脑', '/upload/20160928/57eb80fee512e.jpg', NULL, NULL, 120.00, 0, 240.00, 2, NULL, 0, NULL, NULL, NULL, NULL, NULL, NULL, NULL, NULL, NULL),
(154, 6, 170, NULL, NULL, '笔记本电脑', '/upload/20160928/57eb80fee512e.jpg', NULL, NULL, 120.00, 0, 240.00, 2, NULL, 0, NULL, NULL, NULL, NULL, NULL, NULL, NULL, NULL, NULL),
(155, 0, 171, NULL, NULL, NULL, NULL, NULL, NULL, NULL, 0, 0.00, 3, NULL, 0, NULL, NULL, NULL, NULL, NULL, NULL, NULL, NULL, NULL),
(156, 0, 172, NULL, NULL, NULL, NULL, NULL, NULL, NULL, 0, 0.00, 3, NULL, 0, NULL, NULL, NULL, NULL, NULL, NULL, NULL, NULL, NULL),
(157, 6, 173, NULL, NULL, '笔记本电脑', '/upload/20160928/57eb80fee512e.jpg', NULL, NULL, 120.00, 0, 360.00, 3, NULL, 0, NULL, NULL, NULL, NULL, NULL, NULL, NULL, NULL, NULL),
(158, 6, 174, NULL, NULL, '笔记本电脑', '/upload/20160928/57eb80fee512e.jpg', NULL, NULL, 120.00, 0, 240.00, 2, NULL, 0, NULL, NULL, NULL, NULL, NULL, NULL, NULL, NULL, NULL),
(159, 6, 175, NULL, NULL, '笔记本电脑', '/upload/20160928/57eb80fee512e.jpg', NULL, NULL, 120.00, 0, 240.00, 2, NULL, 0, NULL, NULL, NULL, NULL, NULL, NULL, NULL, NULL, NULL),
(184, 6, 194, NULL, NULL, '笔记本电脑', '/upload/20160928/57eb80fee512e.jpg', NULL, NULL, 120.00, 0, 240.00, 2, NULL, 0, NULL, NULL, NULL, NULL, NULL, NULL, NULL, NULL, NULL),
(185, 8, 195, NULL, NULL, '木材', '/upload/20160928/57ebabb678cac.jpg', NULL, NULL, 450.00, 0, 450.00, 1, NULL, 0, NULL, NULL, NULL, NULL, NULL, NULL, NULL, NULL, NULL),
(186, 6, 196, NULL, NULL, '笔记本电脑', '/upload/20160928/57eb80fee512e.jpg', NULL, NULL, 120.00, 0, 120.00, 1, NULL, 0, NULL, NULL, NULL, NULL, NULL, NULL, NULL, NULL, NULL),
(199, 8, 209, NULL, NULL, '木材', '/upload/20160928/57ebabb678cac.jpg', NULL, NULL, 450.00, 0, 450.00, 1, NULL, 0, NULL, NULL, NULL, NULL, NULL, NULL, NULL, NULL, NULL);

-- --------------------------------------------------------

--
-- 表的结构 `m_payment`
--

CREATE TABLE IF NOT EXISTS `m_payment` (
  `id` int(11) NOT NULL AUTO_INCREMENT,
  `title` varchar(100) DEFAULT NULL,
  `img_url` varchar(255) DEFAULT NULL,
  `remark` longtext,
  `type` tinyint(4) DEFAULT NULL,
  `poundage_type` tinyint(4) DEFAULT NULL,
  `poundage_amount` decimal(19,2) DEFAULT NULL,
  `sort_id` int(11) DEFAULT NULL,
  `is_lock` tinyint(4) DEFAULT NULL,
  `api_path` varchar(100) DEFAULT NULL,
  PRIMARY KEY (`id`)
) ENGINE=InnoDB  DEFAULT CHARSET=utf8 AUTO_INCREMENT=5 ;

--
-- 转存表中的数据 `m_payment`
--

INSERT INTO `m_payment` (`id`, `title`, `img_url`, `remark`, `type`, `poundage_type`, `poundage_amount`, `sort_id`, `is_lock`, `api_path`) VALUES
(1, '货到付款', '/upload/20160629/57736e7aad680.png', '收到商品后进行支付，支持现金和刷卡服务。', 2, 1, '10.00', 25, 0, ''),
(2, '账户余额', '', '账户余额是客户在您网站上的账户虚拟资金', 1, 2, '0.00', 100, 0, 'balance'),
(3, '支付宝', '', '付款后立即到账，无预付/年费，单笔费率阶梯最低0.7%，无流量限制。<a href="https://www.alipay.com/himalayas/practicality_customer.htm?customer_external_id=C433530444855584111X&market_type=from_agent_contract&pro_codes=61F99645EC0DC4380ADE569DD132AD7A" target="_blank">立即申请</a>', 1, 2, '0.00', 101, 0, 'alipaypc'),
(4, '财付通', '', '费率最低至0.61%并赠送价值千元企业QQ。<a href="http://union.tenpay.com/mch/mch_register.shtml?sp_suggestuser=1202822001" target="_blank">中小商家签约入口</a>', 1, 2, '0.00', 102, 0, 'tenpaypc');

-- --------------------------------------------------------

--
-- 表的结构 `m_pointchangelog`
--

CREATE TABLE IF NOT EXISTS `m_pointchangelog` (
  `id` int(11) NOT NULL AUTO_INCREMENT,
  `purposeType` tinyint(4) DEFAULT NULL COMMENT '积分来源或用途 0-订单返还积分 1-系统分配',
  `orderId` int(11) DEFAULT NULL COMMENT '积分来源或用途属于订单',
  `userId` int(11) DEFAULT NULL COMMENT '用户ID',
  `scoreChange` varchar(100) DEFAULT NULL COMMENT '积分的变化',
  `remark` varchar(100) DEFAULT '系统分配' COMMENT '备注',
  `createTime` datetime DEFAULT NULL COMMENT '创建时间',
  PRIMARY KEY (`id`)
) ENGINE=MyISAM  DEFAULT CHARSET=utf8 AUTO_INCREMENT=35 ;

--
-- 转存表中的数据 `m_pointchangelog`
--

INSERT INTO `m_pointchangelog` (`id`, `purposeType`, `orderId`, `userId`, `scoreChange`, `remark`, `createTime`) VALUES
(1, 0, 48, 117, '-0.01', '积分消费', '2016-08-25 21:09:37'),
(2, 0, 49, 117, '-0.01', '积分消费', '2016-08-25 21:09:52'),
(3, 0, 50, 117, '-0.15', '积分消费', '2016-08-25 21:10:07'),
(4, 0, 51, 122, '-10', '积分消费', '2016-09-06 12:29:02'),
(5, 0, 52, 122, '-', '积分消费', '2016-09-06 12:31:55'),
(6, 0, 53, 122, '-', '积分消费', '2016-09-06 12:33:27'),
(7, NULL, 53, 122, '+', '退款返还', '2016-09-06 12:44:59'),
(8, 0, 55, 122, '-100', '积分消费', '2016-09-06 14:22:47'),
(9, 0, 56, 122, '-100', '积分消费', '2016-09-06 14:23:56'),
(10, NULL, 57, 122, '+0', '退款返还', '2016-09-06 14:31:41'),
(11, NULL, 57, 122, '+0', '已确定同意退款', '2016-09-06 14:33:31'),
(12, 0, 58, 122, '-100', '积分消费', '2016-09-06 14:35:33'),
(13, NULL, 59, 122, '+0', '已确定同意退款', '2016-09-06 15:03:24'),
(14, 0, 62, 68, '-899', '积分消费', '2016-09-06 15:24:31'),
(15, 0, 63, 122, '-719.2', '积分消费', '2016-09-06 15:44:14'),
(16, NULL, 64, 122, '+0', '已确定同意退款', '2016-09-07 19:32:19'),
(17, NULL, 64, 122, '+0', '已确定同意退款', '2016-09-07 19:33:30'),
(18, NULL, 68, 122, '+0', '已确定同意退款', '2016-09-12 09:13:29'),
(19, NULL, 66, 99, '+0', '取消订单返还', '2016-09-12 10:53:14'),
(20, NULL, 67, 122, '+0', '已确定同意退款', '2016-09-12 16:45:17'),
(21, NULL, 67, 122, '+0', '已确定同意退款', '2016-09-12 16:49:23'),
(22, 0, 1, 70, '+99.9', '订单返积分', '2016-09-18 00:11:41'),
(23, NULL, 46, 99, '+719.20', '已确定同意退款', '2016-09-18 09:32:30'),
(24, NULL, 68, 122, '+0', '已确定同意退款', '2016-09-30 14:52:54'),
(25, NULL, 124, 1, '+0', '已确定同意退款', '2016-10-08 12:06:51'),
(26, NULL, 124, 1, '+0', '退款返还', '2016-10-08 13:33:53'),
(27, NULL, 124, 1, '+0', '退款返还', '2016-10-08 13:34:17'),
(28, NULL, 124, 1, '+0', '已确定同意退款', '2016-10-08 13:39:19'),
(29, NULL, 124, 1, '+0', '已确定同意退款', '2016-10-08 13:39:52'),
(30, NULL, 126, 1, '+0', '已确定同意退款', '2016-10-08 13:45:12'),
(31, NULL, 126, 1, '+0', '退款返还', '2016-10-08 13:46:11'),
(32, NULL, 126, 1, '+0', '已确定同意退款', '2016-10-08 14:20:32'),
(33, NULL, 126, 1, '+0', '已确定同意退款', '2016-10-08 14:28:30'),
(34, NULL, 127, 1, '+0', '已确定同意退款', '2016-10-08 17:25:17');

-- --------------------------------------------------------

--
-- 表的结构 `m_search_field`
--

CREATE TABLE IF NOT EXISTS `m_search_field` (
  `id` int(11) NOT NULL AUTO_INCREMENT,
  `channel_id` int(11) DEFAULT NULL,
  `field_id` int(11) DEFAULT NULL,
  PRIMARY KEY (`id`)
) ENGINE=InnoDB  DEFAULT CHARSET=utf8 AUTO_INCREMENT=74 ;

--
-- 转存表中的数据 `m_search_field`
--

INSERT INTO `m_search_field` (`id`, `channel_id`, `field_id`) VALUES
(1, 13, 4),
(2, 13, 77),
(4, 20, 12),
(57, 21, 131),
(58, 21, 133),
(63, 22, 114),
(64, 22, 121),
(65, 22, 140),
(66, 24, 141),
(73, 25, 146);

-- --------------------------------------------------------

--
-- 表的结构 `m_sms_template`
--

CREATE TABLE IF NOT EXISTS `m_sms_template` (
  `id` int(11) NOT NULL AUTO_INCREMENT,
  `title` varchar(100) DEFAULT NULL,
  `call_index` varchar(50) DEFAULT NULL,
  `content` longtext,
  `is_sys` tinyint(4) DEFAULT NULL,
  PRIMARY KEY (`id`)
) ENGINE=InnoDB  DEFAULT CHARSET=utf8 AUTO_INCREMENT=6 ;

--
-- 转存表中的数据 `m_sms_template`
--

INSERT INTO `m_sms_template` (`id`, `title`, `call_index`, `content`, `is_sys`) VALUES
(1, '会员验证码短信', 'usercode', '您的验证码为：{code}，{valid}分钟内有效。', 1),
(2, '欢迎新用户短信', 'welcomemsg', '欢迎成为{webname}会员，你的用户名为：{username}，注意保管好您的账户信息。', 1),
(3, '订单确认通知', 'order_confirm', '尊敬的{username}，您在{webname}的订单已确认，订单号为：{orderno}，共计{amount}元，我们会尽快安排发货。', 1),
(4, '订单发货通知', 'order_express', '尊敬的{username}，您在{webname}的订单已发货，订单号为：{orderno}，请注意查收。', 1),
(5, '订单完成通知', 'order_complete', '尊敬的{username}，您在{webname}的一笔订单交易完成，订单号为：{orderno}，期待下次光临，祝您购物愉快。', 1);

-- --------------------------------------------------------

--
-- 表的结构 `m_statistics`
--

CREATE TABLE IF NOT EXISTS `m_statistics` (
  `id` int(11) NOT NULL AUTO_INCREMENT,
  `title` varchar(255) CHARACTER SET utf8 DEFAULT NULL,
  `count` int(11) DEFAULT NULL,
  PRIMARY KEY (`id`)
) ENGINE=MyISAM  DEFAULT CHARSET=latin1 AUTO_INCREMENT=7 ;

--
-- 转存表中的数据 `m_statistics`
--

INSERT INTO `m_statistics` (`id`, `title`, `count`) VALUES
(4, '笔记本', 8),
(3, '产品', 36),
(5, '电脑', 1),
(6, '品4', 5);

-- --------------------------------------------------------

--
-- 表的结构 `m_useraddress`
--

CREATE TABLE IF NOT EXISTS `m_useraddress` (
  `id` int(11) NOT NULL AUTO_INCREMENT,
  `user_id` int(11) DEFAULT NULL,
  `consignee` varchar(100) DEFAULT NULL COMMENT '收货人名称',
  `area1` varchar(250) DEFAULT NULL COMMENT '省份ID',
  `area2` varchar(250) DEFAULT NULL COMMENT '城市ID',
  `area3` varchar(250) DEFAULT NULL COMMENT '区县ID',
  `area` varchar(100) DEFAULT NULL COMMENT '地区',
  `address` varchar(255) DEFAULT NULL COMMENT '详细地址',
  `mobile` varchar(20) DEFAULT NULL COMMENT '手机号码',
  `post_code` varchar(20) DEFAULT NULL COMMENT '邮政编码',
  `is_default` int(11) DEFAULT NULL COMMENT '是否默认 0否 1是',
  `add_time` datetime DEFAULT NULL,
  PRIMARY KEY (`id`)
) ENGINE=InnoDB  DEFAULT CHARSET=utf8 AUTO_INCREMENT=144 ;

--
-- 转存表中的数据 `m_useraddress`
--

INSERT INTO `m_useraddress` (`id`, `user_id`, `consignee`, `area1`, `area2`, `area3`, `area`, `address`, `mobile`, `post_code`, `is_default`, `add_time`) VALUES
(136, 6, '111', '2', '52', '500', '北京 北京 东城区', '1', '15768541737', '111', 0, '2016-08-04 12:02:40'),
(137, 6, '1212', '2', '52', '500', '北京 北京 东城区', '1212', '18770008349', '1212', 0, '2016-08-04 12:02:35'),
(138, 6, '胡望明', '2', '52', '513', '北京 北京 怀柔区', '天安门城楼', '18770008349', '222222', 1, '2016-08-04 14:40:17'),
(139, 4, '李小明', '6', '77', '707', '广东 深圳 南山区', '南油', '13112345678', '223594', 1, '2016-09-29 11:32:36'),
(140, 1, '李小明', '6', '77', '707', '广东 深圳 南山区', '南油', '13112345678', '123456', 0, '2016-09-29 11:56:08'),
(141, 7, '54444', '6', '77', '707', '广东 深圳 南山区', '5555', '13112345678', '15555', 1, '2016-09-29 18:46:47'),
(142, 9, 'ljljl', '6', '77', '708', '广东 深圳 宝安区', '44444444', '13112345678', '4444444', 1, '2016-09-30 09:13:45'),
(143, 1, '123132', '6', '78', '713', '广东 潮州 饶平县', '465465465', '13112345678', '4564654', 1, '2016-09-30 14:15:31');

-- --------------------------------------------------------

--
-- 表的结构 `m_userorderlog`
--

CREATE TABLE IF NOT EXISTS `m_userorderlog` (
  `id` int(11) NOT NULL AUTO_INCREMENT,
  `userId` int(11) DEFAULT NULL COMMENT '用户ID',
  `orderId` int(11) DEFAULT NULL COMMENT '订单ID',
  `content` text COMMENT '内容',
  `addTime` datetime DEFAULT NULL,
  PRIMARY KEY (`id`)
) ENGINE=MyISAM  DEFAULT CHARSET=utf8 AUTO_INCREMENT=320 ;

--
-- 转存表中的数据 `m_userorderlog`
--

INSERT INTO `m_userorderlog` (`id`, `userId`, `orderId`, `content`, `addTime`) VALUES
(1, 70, 1, '用户已下单、等待支付', '2016-08-17 20:09:02'),
(2, 70, 2, '用户已下单、等待支付', '2016-08-17 20:09:13'),
(3, 1, 2, '该订单状态已被管理员【admin】从【待支付】修改为【已删除】', '2016-08-17 20:09:22'),
(4, 1, 1, '该订单状态已被管理员【admin】从【待支付】修改为【已完成】', '2016-08-17 20:09:32'),
(5, 99, 3, '用户已下单、等待支付', '2016-08-18 06:48:25'),
(6, 99, 3, '用户已支付、等待商家发货配送', '2016-08-18 06:49:10'),
(7, 99, 4, '用户已下单、等待支付', '2016-08-18 06:52:44'),
(8, 99, 4, '用户已支付、等待商家发货配送', '2016-08-18 06:53:09'),
(9, 99, 5, '用户已下单、等待支付', '2016-08-18 08:40:07'),
(10, 99, 5, '用户已支付、等待商家发货配送', '2016-08-18 08:40:44'),
(11, 99, 6, '用户已下单、等待支付', '2016-08-18 08:44:06'),
(12, 99, 6, '用户已支付、等待商家发货配送', '2016-08-18 08:44:19'),
(13, 99, 7, '用户已下单、等待支付', '2016-08-18 08:48:45'),
(14, 99, 7, '用户已支付、等待商家发货配送', '2016-08-18 08:49:20'),
(15, 99, 8, '用户已下单、等待支付', '2016-08-18 08:56:43'),
(16, 99, 8, '用户已支付、等待商家发货配送', '2016-08-18 08:57:11'),
(17, 99, 9, '用户已下单、等待支付', '2016-08-18 09:00:05'),
(18, 99, 9, '用户已支付、等待商家发货配送', '2016-08-18 09:00:36'),
(19, 68, 10, '用户已下单、等待支付', '2016-08-19 10:50:19'),
(20, 68, 11, '用户已下单、等待支付', '2016-08-19 10:51:06'),
(21, 68, 11, '用户已支付、等待商家发货配送', '2016-08-19 10:52:36'),
(22, 1, 10, '该订单状态已被管理员【admin】从【待支付】修改为【已完成】', '2016-08-19 10:53:15'),
(23, 68, 10, '用户申请退款', '2016-08-19 10:57:48'),
(24, 1, 10, '商家已同意用户退款申请请求', '2016-08-19 10:58:04'),
(25, 68, 10, '用户退货商品已发货配送，物流公司：111 单号：11', '2016-08-19 10:58:44'),
(26, 68, 11, '(待发货)用户发起退款申请,退款原因：风一样的难挨', '2016-08-19 11:00:55'),
(27, 117, 12, '用户已下单、等待支付', '2016-08-19 11:04:30'),
(28, 117, 13, '用户已下单、等待支付', '2016-08-19 11:05:02'),
(29, 1, 11, '该订单状态已被管理员【admin】从【退款申请中(未发货)】修改为【已完成】', '2016-08-19 11:23:39'),
(30, 68, 14, '用户已下单、等待支付', '2016-08-19 14:29:16'),
(31, 68, 14, '用户已支付（积分免单）、等待发货', '2016-08-19 14:29:16'),
(32, 68, 14, '(待发货)用户发起退款申请,退款原因：风一样的难挨', '2016-08-19 14:31:18'),
(33, 1, 14, '商家同意退款', '2016-08-19 14:31:51'),
(34, 1, 14, '商家已确定退款', '2016-08-19 14:32:28'),
(35, 68, 15, '用户已下单、等待支付', '2016-08-19 14:37:15'),
(36, 68, 15, '用户已支付、等待商家发货配送', '2016-08-19 14:39:06'),
(37, 1, 15, '商家发货', '2016-08-19 14:39:42'),
(38, 68, 15, '用户确认收货，订单交易完成', '2016-08-19 14:39:58'),
(39, 68, 16, '用户已下单、等待支付', '2016-08-19 14:41:19'),
(40, 68, 17, '用户已下单、等待支付', '2016-08-19 15:04:32'),
(41, 68, 18, '用户已下单、等待支付', '2016-08-19 15:05:53'),
(42, 68, 19, '用户已下单、等待支付', '2016-08-19 15:08:57'),
(43, 68, 20, '用户已下单、等待支付', '2016-08-19 15:11:01'),
(44, 68, 20, '用户已支付（积分免单）、等待发货', '2016-08-19 15:11:01'),
(45, 68, 21, '用户已下单、等待支付', '2016-08-19 15:11:37'),
(46, 68, 21, '用户已支付（积分免单）、等待发货', '2016-08-19 15:11:37'),
(47, 68, 22, '用户已下单、等待支付', '2016-08-19 15:12:21'),
(48, 68, 23, '用户已下单、等待支付', '2016-08-19 15:14:25'),
(49, 68, 24, '用户已下单、等待支付', '2016-08-19 15:15:05'),
(50, 1, 24, '商家发货', '2016-08-19 15:15:58'),
(51, 68, 24, '用户已确认收货、交易完成', '2016-08-19 15:16:13'),
(52, 68, 25, '用户已下单、等待支付', '2016-08-19 15:43:23'),
(53, 1, 25, '商家发货', '2016-08-19 15:44:11'),
(54, 68, 25, '用户已确认收货、交易完成', '2016-08-19 15:44:53'),
(55, 73, 26, '用户已下单、等待支付', '2016-08-19 15:53:11'),
(56, 73, 27, '用户已下单、等待支付', '2016-08-19 15:54:24'),
(57, 73, 27, '用户已支付（积分免单）、等待发货', '2016-08-19 15:54:24'),
(58, 68, 28, '用户已下单、等待支付', '2016-08-19 15:56:20'),
(59, 117, 29, '用户已下单、等待支付', '2016-08-19 16:39:24'),
(60, 117, 30, '用户已下单、等待支付', '2016-08-19 20:17:26'),
(61, 117, 30, '用户已支付（积分免单）、等待发货', '2016-08-19 20:17:26'),
(62, 117, 31, '用户已下单、等待支付', '2016-08-19 20:29:06'),
(63, 117, 31, '用户已支付（积分免单）、等待发货', '2016-08-19 20:29:06'),
(64, 117, 32, '用户已下单、等待支付', '2016-08-19 20:33:04'),
(65, 117, 32, '用户已支付（积分免单）、等待发货', '2016-08-19 20:33:04'),
(66, 99, 33, '用户已下单、等待支付', '2016-08-19 20:42:58'),
(67, 99, 33, '用户已支付（积分免单）、等待发货', '2016-08-19 20:42:58'),
(68, 117, 34, '用户已下单、等待支付', '2016-08-19 20:44:55'),
(69, 117, 34, '用户已支付（积分免单）、等待发货', '2016-08-19 20:44:55'),
(70, 99, 35, '用户已下单、等待支付', '2016-08-19 20:46:19'),
(71, 99, 36, '用户已下单、等待支付', '2016-08-19 20:47:00'),
(72, 99, 37, '用户已下单、等待支付', '2016-08-19 20:47:19'),
(73, 99, 38, '用户已下单、等待支付', '2016-08-19 20:47:53'),
(74, 99, 38, '用户已支付、等待商家发货配送', '2016-08-19 20:48:28'),
(75, 117, 39, '用户已下单、等待支付', '2016-08-19 20:54:03'),
(76, 117, 40, '用户已下单、等待支付', '2016-08-19 20:54:47'),
(77, 117, 40, '用户已支付（积分免单）、等待发货', '2016-08-19 20:54:47'),
(78, 117, 41, '用户已下单、等待支付', '2016-08-19 20:56:31'),
(79, 117, 41, '用户已支付（积分免单）、等待发货', '2016-08-19 20:56:31'),
(80, 117, 42, '用户已下单、等待支付', '2016-08-19 21:01:54'),
(81, 117, 42, '用户已支付（积分免单）、等待发货', '2016-08-19 21:01:54'),
(82, 99, 43, '用户已下单、等待支付', '2016-08-25 20:49:42'),
(83, 99, 43, '用户已支付（积分免单）、等待发货', '2016-08-25 20:49:42'),
(84, 99, 44, '用户已下单、等待支付', '2016-08-25 20:53:26'),
(85, 99, 44, '用户已支付（积分免单）、等待发货', '2016-08-25 20:53:26'),
(86, 99, 45, '用户已下单、等待支付', '2016-08-25 20:59:37'),
(87, 99, 45, '用户已支付（积分免单）、等待发货', '2016-08-25 20:59:37'),
(88, 99, 46, '用户已下单、等待支付', '2016-08-25 21:05:28'),
(89, 99, 46, '用户已支付（积分免单）、等待发货', '2016-08-25 21:05:28'),
(90, 117, 47, '用户已下单、等待支付', '2016-08-25 21:07:16'),
(91, 117, 47, '用户已支付（积分免单）、等待发货', '2016-08-25 21:07:16'),
(92, 117, 48, '用户已下单、等待支付', '2016-08-25 21:09:37'),
(93, 117, 48, '用户已支付（积分免单）、等待发货', '2016-08-25 21:09:37'),
(94, 117, 49, '用户已下单、等待支付', '2016-08-25 21:09:52'),
(95, 117, 49, '用户已支付（积分免单）、等待发货', '2016-08-25 21:09:52'),
(96, 117, 50, '用户已下单、等待支付', '2016-08-25 21:10:07'),
(97, 117, 50, '用户已支付（积分免单）、等待发货', '2016-08-25 21:10:07'),
(98, 1, 50, '该订单状态已被管理员【admin】从【待发货】修改为【已删除】', '2016-08-30 15:56:37'),
(99, 1, 49, '该订单状态已被管理员【admin】从【待发货】修改为【待发货】', '2016-08-30 15:56:55'),
(100, 1, 49, '该订单状态已被管理员【admin】从【待发货】修改为【商家已收货】', '2016-08-30 15:57:03'),
(101, 1, 49, '该订单状态已被管理员【admin】从【商家已收货】修改为【商家待收货】', '2016-08-30 15:57:11'),
(102, 1, 49, '该订单状态已被管理员【admin】从【商家待收货】修改为【退款申请中(未发货)】', '2016-08-30 16:54:45'),
(103, 1, 49, '该订单状态已被管理员【admin】从【退款申请中(未发货)】修改为【退款申请中(已收货)】', '2016-08-30 16:54:50'),
(104, 122, 51, '用户已下单、等待支付', '2016-09-06 12:29:02'),
(105, 122, 52, '用户已下单、等待支付', '2016-09-06 12:31:55'),
(106, 122, 53, '用户已下单、等待支付', '2016-09-06 12:33:27'),
(107, 122, 53, '用户已支付、等待商家发货配送', '2016-09-06 12:33:45'),
(108, 122, 53, '(待发货)用户发起退款申请,退款原因：风一样的难挨', '2016-09-06 12:44:29'),
(109, 1, 53, '商家拒绝退款，拒绝理由：898', '2016-09-06 12:44:59'),
(110, 1, 53, '商家发货', '2016-09-06 12:45:28'),
(111, 122, 53, '用户确认收货，订单交易完成', '2016-09-06 12:45:48'),
(112, 122, 54, '用户已下单、等待支付', '2016-09-06 12:55:53'),
(113, 122, 55, '用户已下单、等待支付', '2016-09-06 14:22:47'),
(114, 122, 56, '用户已下单、等待支付', '2016-09-06 14:23:56'),
(115, 122, 57, '用户已下单、等待支付', '2016-09-06 14:25:31'),
(116, 122, 57, '用户已支付、等待商家发货配送', '2016-09-06 14:25:50'),
(117, 1, 57, '商家发货', '2016-09-06 14:28:03'),
(118, 122, 57, '用户确认收货，订单交易完成', '2016-09-06 14:28:27'),
(119, 1, 57, '该订单状态已被管理员【admin】从【交易完成】修改为【待发货】', '2016-09-06 14:29:09'),
(120, 122, 57, '(待发货)用户发起退款申请,退款原因：风一样的难挨', '2016-09-06 14:31:11'),
(121, 1, 57, '商家拒绝退款，拒绝理由：323232', '2016-09-06 14:31:41'),
(122, 122, 57, '(待发货)用户发起退款申请,退款原因：风一样的难挨', '2016-09-06 14:32:54'),
(123, 1, 57, '商家同意退款', '2016-09-06 14:33:09'),
(124, 1, 57, '商家已确定退款', '2016-09-06 14:33:31'),
(125, 122, 58, '用户已下单、等待支付', '2016-09-06 14:35:33'),
(126, 122, 59, '用户已下单、等待支付', '2016-09-06 14:39:38'),
(127, 76, 60, '用户已下单、等待支付', '2016-09-06 14:48:26'),
(128, 76, 60, '用户已支付、等待商家发货配送', '2016-09-06 14:48:38'),
(129, 122, 59, '用户已支付、等待商家发货配送', '2016-09-06 14:51:02'),
(130, 1, 59, '商家发货', '2016-09-06 14:52:24'),
(131, 122, 59, '用户确认收货，订单交易完成', '2016-09-06 14:52:31'),
(132, 112, 61, '用户已下单、等待支付', '2016-09-06 14:53:58'),
(133, 122, 59, '用户申请退款', '2016-09-06 14:57:30'),
(134, 1, 59, '商家拒绝退款申请', '2016-09-06 14:58:10'),
(135, 1, 59, '该订单状态已被管理员【admin】从【商家拒绝退款申请】修改为【已完成】', '2016-09-06 14:59:22'),
(136, 122, 59, '用户申请退款', '2016-09-06 15:01:09'),
(137, 1, 59, '商家已同意用户退款申请请求', '2016-09-06 15:01:30'),
(138, 122, 59, '用户退货商品已发货配送，物流公司：3223 单号：3232', '2016-09-06 15:02:12'),
(139, 1, 59, '商家已确认收货', '2016-09-06 15:02:42'),
(140, 1, 59, '商家同意退款', '2016-09-06 15:03:04'),
(141, 1, 59, '商家已确定退款', '2016-09-06 15:03:24'),
(142, 68, 62, '用户已下单、等待支付', '2016-09-06 15:24:31'),
(143, 122, 63, '用户已下单、等待支付', '2016-09-06 15:44:14'),
(144, 122, 63, '用户已支付（积分免单）、等待发货', '2016-09-06 15:44:14'),
(145, 1, 63, '商家发货', '2016-09-06 15:44:57'),
(146, 122, 63, '用户确认收货，订单交易完成', '2016-09-06 15:45:05'),
(147, 122, 64, '用户已下单、等待支付', '2016-09-07 19:31:14'),
(148, 122, 64, '用户已支付、等待商家发货配送', '2016-09-07 19:31:31'),
(149, 122, 64, '(待发货)用户发起退款申请,退款原因：风一样的难挨', '2016-09-07 19:31:56'),
(150, 1, 64, '商家同意退款', '2016-09-07 19:32:09'),
(151, 1, 64, '商家已确定退款', '2016-09-07 19:32:19'),
(152, 1, 64, '该订单状态已被管理员【admin】从【商家已退款】修改为【退款申请中(未发货)】', '2016-09-07 19:32:48'),
(153, 1, 64, '商家同意退款', '2016-09-07 19:33:05'),
(154, 1, 64, '商家已确定退款', '2016-09-07 19:33:30'),
(155, 122, 65, '用户已下单、等待支付', '2016-09-08 13:50:59'),
(156, 99, 66, '用户已下单、等待支付', '2016-09-08 14:18:28'),
(157, 122, 67, '用户已下单、等待支付', '2016-09-12 09:03:55'),
(158, 122, 68, '用户已下单、等待支付', '2016-09-12 09:12:01'),
(159, 1, 68, '该订单状态已被管理员【admin】从【待支付】修改为【待发货】', '2016-09-12 09:12:30'),
(160, 122, 68, '(待发货)用户发起退款申请,退款原因：风一样的难挨', '2016-09-12 09:12:39'),
(161, 1, 68, '商家同意退款', '2016-09-12 09:13:09'),
(162, 1, 68, '商家已确定退款', '2016-09-12 09:13:29'),
(163, 1, 66, '商家已取消订单', '2016-09-12 10:53:14'),
(164, 1, 67, '该订单状态已被管理员【admin】从【待支付】修改为【待发货】', '2016-09-12 16:44:02'),
(165, 122, 67, '(待发货)用户发起退款申请,退款原因：23232', '2016-09-12 16:44:24'),
(166, 1, 67, '商家同意退款', '2016-09-12 16:44:53'),
(167, 1, 67, '商家已确定退款', '2016-09-12 16:45:17'),
(168, 1, 67, '该订单状态已被管理员【admin】从【商家已退款】修改为【待发货】', '2016-09-12 16:46:00'),
(169, 1, 67, '商家发货', '2016-09-12 16:46:14'),
(170, 122, 67, '用户确认收货，订单交易完成', '2016-09-12 16:46:39'),
(171, 122, 67, '用户申请退款', '2016-09-12 16:47:13'),
(172, 1, 67, '商家已同意用户退款申请请求', '2016-09-12 16:47:54'),
(173, 122, 67, '用户退货商品已发货配送，物流公司：32323 单号：233232', '2016-09-12 16:48:32'),
(174, 1, 67, '商家已确认收货', '2016-09-12 16:48:50'),
(175, 1, 67, '商家同意退款', '2016-09-12 16:49:08'),
(176, 1, 67, '商家已确定退款', '2016-09-12 16:49:23'),
(177, 1, 67, '该订单状态已被管理员【admin】从【商家已退款】修改为【已完成】', '2016-09-12 16:50:54'),
(178, 117, 12, '订单已超时，系统自动取消', '2016-09-18 00:11:41'),
(179, 68, 16, '订单已超时，系统自动取消', '2016-09-18 00:11:41'),
(180, 73, 26, '订单已超时，系统自动取消', '2016-09-18 00:11:41'),
(181, 99, 35, '订单已超时，系统自动取消', '2016-09-18 00:11:41'),
(182, 99, 36, '订单已超时，系统自动取消', '2016-09-18 00:11:41'),
(183, 99, 37, '订单已超时，系统自动取消', '2016-09-18 00:11:41'),
(184, 117, 39, '订单已超时，系统自动取消', '2016-09-18 00:11:41'),
(185, 122, 51, '订单已超时，系统自动取消', '2016-09-18 00:11:41'),
(186, 122, 52, '订单已超时，系统自动取消', '2016-09-18 00:11:41'),
(187, 122, 54, '订单已超时，系统自动取消', '2016-09-18 00:11:41'),
(188, 122, 55, '订单已超时，系统自动取消', '2016-09-18 00:11:41'),
(189, 122, 56, '订单已超时，系统自动取消', '2016-09-18 00:11:41'),
(190, 122, 58, '订单已超时，系统自动取消', '2016-09-18 00:11:41'),
(191, 112, 61, '订单已超时，系统自动取消', '2016-09-18 00:11:41'),
(192, 122, 65, '订单已超时，系统自动取消', '2016-09-18 00:11:41'),
(193, 1, 46, '商家发货', '2016-09-18 09:29:36'),
(194, 99, 46, '用户确认收货，订单交易完成', '2016-09-18 09:30:00'),
(195, 99, 46, '用户申请退款', '2016-09-18 09:30:28'),
(196, 1, 46, '商家已同意用户退款申请请求', '2016-09-18 09:31:09'),
(197, 99, 46, '用户退货商品已发货配送，物流公司：344 单号：434343', '2016-09-18 09:31:35'),
(198, 1, 46, '商家已确认收货', '2016-09-18 09:31:48'),
(199, 1, 46, '商家同意退款', '2016-09-18 09:32:10'),
(200, 1, 46, '商家已确定退款', '2016-09-18 09:32:30'),
(201, 1, 62, '商家发货', '2016-09-23 14:12:12'),
(202, 68, 62, '订单交易完成，系统自动确认收货', '2016-09-25 00:57:53'),
(203, 1, 68, '该订单状态已被管理员【admin】从【商家已退款】修改为【商家已收货】', '2016-09-30 11:22:26'),
(204, 1, 68, '该订单状态已被管理员【admin】从【商家已收货】修改为【已删除】', '2016-09-30 11:22:38'),
(205, 1, 68, '该订单状态已被管理员【admin】从【已取消】修改为【已完成】', '2016-09-30 11:23:33'),
(206, 1, 68, '该订单状态已被管理员【admin】从【交易完成】修改为【退款申请中(未发货)】', '2016-09-30 14:32:19'),
(207, 1, 68, '该订单状态已被管理员【admin】从【退款申请中(未发货)】修改为【退款申请中(已收货)】', '2016-09-30 14:32:28'),
(208, 1, 68, '该订单状态已被管理员【admin】从【退款申请中(已收货)】修改为【退款申请中(未发货)】', '2016-09-30 14:52:42'),
(209, 1, 68, '商家同意退款', '2016-09-30 14:52:47'),
(210, 1, 68, '商家已确定退款', '2016-09-30 14:52:54'),
(211, 1, 125, '该订单状态已被管理员【admin】从【待支付】修改为【待发货】', '2016-09-30 17:34:03'),
(212, 1, 125, '商家发货', '2016-09-30 17:34:16'),
(213, 1, 123, '该订单状态已被管理员【admin】从【待支付】修改为【待发货】', '2016-10-08 10:54:14'),
(214, 1, 123, '商家发货', '2016-10-08 10:58:03'),
(215, 1, 123, '该订单状态已被管理员【admin】从【待收货】修改为【已取消】', '2016-10-08 11:34:28'),
(216, 1, 126, '该订单状态已被管理员【admin】从【待支付】修改为【待发货】', '2016-10-08 11:40:39'),
(217, 1, 126, '该订单状态已被管理员【admin】从【待发货】修改为【已完成】', '2016-10-08 11:42:17'),
(218, 1, 124, '该订单状态已被管理员【admin】从【待支付】修改为【待发货】', '2016-10-08 11:48:00'),
(219, 1, 124, '该订单状态已被管理员【admin】从【待发货】修改为【退款申请中(未发货)】', '2016-10-08 11:48:56'),
(220, 1, 123, '该订单状态已被管理员【admin】从【已取消】修改为【退款申请中(已收货)】', '2016-10-08 11:49:15'),
(221, 1, 123, '该订单状态已被管理员【admin】从【退款申请中(已收货)】修改为【已取消】', '2016-10-08 11:49:56'),
(222, 1, 124, '该订单状态已被管理员【admin】从【退款申请中(未发货)】修改为【退款申请中(已收货)】', '2016-10-08 11:50:11'),
(223, 1, 123, '该订单状态已被管理员【admin】从【已取消】修改为【退款申请中(已收货)】', '2016-10-08 11:50:40'),
(224, 1, 124, '该订单状态已被管理员【admin】从【退款申请中(已收货)】修改为【退款申请中(未发货)】', '2016-10-08 11:53:15'),
(225, 1, 123, '商家拒绝退款申请', '2016-10-08 11:56:14'),
(226, 1, 124, '商家同意退款', '2016-10-08 11:57:18'),
(227, 1, 123, '该订单状态已被管理员【admin】从【商家拒绝退款申请】修改为【退款申请中(已收货)】', '2016-10-08 12:01:17'),
(228, 1, 123, '商家已同意用户退款申请请求', '2016-10-08 12:02:01'),
(229, 1, 124, '该订单状态已被管理员【admin】从【商家同意退款申请(退款中)】修改为【退款申请中(未发货)】', '2016-10-08 12:05:42'),
(230, 1, 124, '该订单状态已被管理员【admin】从【退款申请中(未发货)】修改为【退款申请中(未发货)】', '2016-10-08 12:06:01'),
(231, 1, 124, '商家同意退款', '2016-10-08 12:06:11'),
(232, 1, 124, '商家已确定退款', '2016-10-08 12:06:51'),
(233, 1, 124, '该订单状态已被管理员【admin】从【商家已退款】修改为【已取消】', '2016-10-08 13:30:51'),
(234, 1, 124, '该订单状态已被管理员【admin】从【已取消】修改为【待支付】', '2016-10-08 13:31:12'),
(235, 1, 124, '该订单状态已被管理员【admin】从【待支付】修改为【待发货】', '2016-10-08 13:31:25'),
(236, 1, 124, '该订单状态已被管理员【admin】从【待发货】修改为【已完成】', '2016-10-08 13:31:35'),
(237, 1, 124, '该订单状态已被管理员【admin】从【交易完成】修改为【退款申请中(未发货)】', '2016-10-08 13:31:48'),
(238, 1, 124, '该订单状态已被管理员【admin】从【退款申请中(未发货)】修改为【退款申请中(已收货)】', '2016-10-08 13:32:33'),
(239, 1, 124, '该订单状态已被管理员【admin】从【退款申请中(已收货)】修改为【商家同意退款申请】', '2016-10-08 13:32:41'),
(240, 1, 124, '该订单状态已被管理员【admin】从【商家同意退款申请】修改为【退款申请中(未发货)】', '2016-10-08 13:33:10'),
(241, 1, 124, '商家同意退款', '2016-10-08 13:33:18'),
(242, 1, 124, '该订单状态已被管理员【admin】从【商家同意退款申请(退款中)】修改为【商家同意退款申请】', '2016-10-08 13:33:32'),
(243, 1, 124, '该订单状态已被管理员【admin】从【商家同意退款申请】修改为【退款申请中(未发货)】', '2016-10-08 13:33:47'),
(244, 1, 124, '商家拒绝退款，拒绝理由：11', '2016-10-08 13:33:53'),
(245, 1, 124, '该订单状态已被管理员【admin】从【待发货】修改为【退款申请中(未发货)】', '2016-10-08 13:34:10'),
(246, 1, 124, '商家拒绝退款，拒绝理由：333', '2016-10-08 13:34:17'),
(247, 1, 124, '该订单状态已被管理员【admin】从【待发货】修改为【退款申请中(已收货)】', '2016-10-08 13:34:33'),
(248, 1, 124, '商家拒绝退款申请', '2016-10-08 13:34:38'),
(249, 1, 124, '该订单状态已被管理员【admin】从【商家拒绝退款申请】修改为【退款中】', '2016-10-08 13:34:58'),
(250, 1, 124, '该订单状态已被管理员【admin】从【商家同意退款申请(退款中)】修改为【已退款】', '2016-10-08 13:35:16'),
(251, 1, 124, '该订单状态已被管理员【admin】从【商家已退款】修改为【退款中】', '2016-10-08 13:35:27'),
(252, 1, 124, '该订单状态已被管理员【admin】从【商家同意退款申请(退款中)】修改为【商家待收货】', '2016-10-08 13:35:44'),
(253, 1, 124, '该订单状态已被管理员【admin】从【商家待收货】修改为【商家已收货】', '2016-10-08 13:37:56'),
(254, 1, 124, '商家同意退款', '2016-10-08 13:38:46'),
(255, 1, 124, '商家已确定退款', '2016-10-08 13:39:19'),
(256, 1, 124, '该订单状态已被管理员【admin】从【商家已退款】修改为【退款申请中(未发货)】', '2016-10-08 13:39:34'),
(257, 1, 124, '商家同意退款', '2016-10-08 13:39:42'),
(258, 1, 124, '商家已确定退款', '2016-10-08 13:39:52'),
(259, 1, 124, '该订单状态已被管理员【admin】从【商家已退款】修改为【商家待收货】', '2016-10-08 13:40:14'),
(260, 1, 126, '该订单状态已被管理员【admin】从【交易完成】修改为【已取消】', '2016-10-08 13:41:02'),
(261, 1, 126, '该订单状态已被管理员【admin】从【已取消】修改为【待支付】', '2016-10-08 13:41:50'),
(262, 1, 126, '该订单状态已被管理员【admin】从【待支付】修改为【待发货】', '2016-10-08 13:42:03'),
(263, 1, 126, '商家发货', '2016-10-08 13:42:19'),
(264, 1, 126, '该订单状态已被管理员【admin】从【待收货】修改为【已完成】', '2016-10-08 13:42:39'),
(265, 1, 126, '该订单状态已被管理员【admin】从【交易完成】修改为【退款申请中(未发货)】', '2016-10-08 13:43:26'),
(266, 1, 126, '商家同意退款', '2016-10-08 13:43:36'),
(267, 1, 126, '商家已确定退款', '2016-10-08 13:45:12'),
(268, 1, 126, '该订单状态已被管理员【admin】从【商家已退款】修改为【退款申请中(未发货)】', '2016-10-08 13:45:21'),
(269, 1, 126, '商家拒绝退款，拒绝理由：4564654', '2016-10-08 13:46:11'),
(270, 1, 126, '该订单状态已被管理员【admin】从【待发货】修改为【退款申请中(已收货)】', '2016-10-08 13:46:22'),
(271, 1, 126, '商家拒绝退款申请', '2016-10-08 13:47:06'),
(272, 1, 126, '该订单状态已被管理员【admin】从【商家拒绝退款申请】修改为【退款申请中(已收货)】', '2016-10-08 13:47:16'),
(273, 1, 126, '商家已同意用户退款申请请求', '2016-10-08 13:47:36'),
(274, 1, 126, '该订单状态已被管理员【admin】从【商家同意退款申请】修改为【商家待收货】', '2016-10-08 13:48:25'),
(275, 1, 126, '该订单状态已被管理员【admin】从【商家待收货】修改为【商家已收货】', '2016-10-08 13:48:37'),
(276, 1, 126, '该订单状态已被管理员【admin】从【商家已收货】修改为【退款中】', '2016-10-08 13:48:49'),
(277, 1, 126, '该订单状态已被管理员【admin】从【商家同意退款申请(退款中)】修改为【已退款】', '2016-10-08 13:49:04'),
(278, 1, 126, '该订单状态已被管理员【admin】从【商家已退款】修改为【已删除】', '2016-10-08 13:49:16'),
(279, 1, 126, '该订单状态已被管理员【admin】从【已取消】修改为【已取消】', '2016-10-08 13:50:07'),
(280, 1, 126, '该订单状态已被管理员【admin】从【】修改为【待支付】', '2016-10-08 14:00:48'),
(281, 1, 126, '该订单状态已被管理员【admin】从【待支付】修改为【待发货】', '2016-10-08 14:01:15'),
(282, 1, 126, '商家发货', '2016-10-08 14:02:45'),
(283, 1, 126, '商家拒绝退款申请', '2016-10-08 14:12:08'),
(284, 1, 126, '该订单状态已被管理员【admin】从【商家拒绝退款申请】修改为【退款申请中(未发货)】', '2016-10-08 14:15:04'),
(285, 1, 126, '商家同意退款', '2016-10-08 14:16:45'),
(286, 1, 126, '商家已确定退款', '2016-10-08 14:20:32'),
(287, 1, 126, '该订单状态已被管理员【admin】从【商家同意退款申请(退款中)】修改为【已退款】', '2016-10-08 14:22:25'),
(288, 1, 126, '该订单状态已被管理员【admin】从【商家已退款】修改为【退款申请中(已收货)】', '2016-10-08 14:23:08'),
(289, 1, 126, '商家已同意用户退款申请请求', '2016-10-08 14:23:17'),
(290, 1, 126, '该订单状态已被管理员【admin】从【商家同意退款申请】修改为【商家待收货】', '2016-10-08 14:23:48'),
(291, 1, 126, '商家已确认收货', '2016-10-08 14:25:32'),
(292, 1, 126, '商家同意退款', '2016-10-08 14:28:04'),
(293, 1, 126, '商家已确定退款', '2016-10-08 14:28:30'),
(294, 1, 126, '该订单状态已被管理员【admin】从【商家已退款】修改为【已完成】', '2016-10-08 14:29:14'),
(295, 1, 126, '该订单状态已被管理员【admin】从【交易完成】修改为【退款申请中(未发货)】', '2016-10-08 14:36:26'),
(296, 1, 126, '商家同意退款', '2016-10-08 14:36:30'),
(297, 1, 126, '该订单状态已被管理员【admin】从【】修改为【退款申请中(未发货)】', '2016-10-08 16:34:53'),
(298, 1, 126, '该订单状态已被管理员【admin】从【退款申请中(未发货)】修改为【已完成】', '2016-10-08 16:35:12'),
(299, 1, 126, '该订单状态已被管理员【admin】从【交易完成】修改为【待发货】', '2016-10-08 16:35:23'),
(300, 1, 126, '该订单状态已被管理员【admin】从【退款申请中(已收货)】修改为【退款申请中(未发货)】', '2016-10-08 16:41:09'),
(301, 1, 125, '该订单状态已被管理员【admin】从【退款申请中(已收货)】修改为【退款申请中(已收货)】', '2016-10-08 16:41:16'),
(302, 1, 126, '该订单状态已被管理员【admin】从【退款申请中(未发货)】修改为【待发货】', '2016-10-08 16:42:14'),
(303, 1, 126, '商家同意退款', '2016-10-08 16:45:44'),
(304, 1, 122, '商家已同意用户退款申请请求', '2016-10-08 16:45:50'),
(305, 1, 126, '该订单状态已被管理员【admin】从【商家同意退款申请(退款中)】修改为【待发货】', '2016-10-08 16:46:46'),
(306, 1, 127, '该订单状态已被管理员【admin】从【待支付】修改为【待发货】', '2016-10-08 16:49:27'),
(307, 1, 127, '商家发货', '2016-10-08 16:49:45'),
(308, 1, 127, '商家已同意用户退款申请请求', '2016-10-08 16:55:56'),
(309, 1, 127, '该订单状态已被管理员【admin】从【商家待收货】修改为【退款申请中(已收货)】', '2016-10-08 17:12:58'),
(310, 1, 127, '商家已同意用户退款申请请求', '2016-10-08 17:13:03'),
(311, 1, 127, '该订单状态已被管理员【admin】从【商家待收货】修改为【退款申请中(已收货)】', '2016-10-08 17:16:34'),
(312, 1, 127, '商家已同意用户退款申请请求', '2016-10-08 17:16:38'),
(313, 1, 127, '该订单状态已被管理员【admin】从【商家待收货】修改为【退款申请中(已收货)】', '2016-10-08 17:18:58'),
(314, 1, 127, '商家已同意用户退款申请请求', '2016-10-08 17:19:01'),
(315, 1, 127, '该订单状态已被管理员【admin】从【商家待收货】修改为【退款申请中(已收货)】', '2016-10-08 17:24:31'),
(316, 1, 127, '商家已同意用户退款申请请求', '2016-10-08 17:24:34'),
(317, 1, 127, '商家已确认收货', '2016-10-08 17:24:59'),
(318, 1, 127, '商家同意退款', '2016-10-08 17:25:08'),
(319, 1, 127, '商家已确定退款', '2016-10-08 17:25:17');

-- --------------------------------------------------------

--
-- 表的结构 `m_users`
--

CREATE TABLE IF NOT EXISTS `m_users` (
  `id` int(11) NOT NULL AUTO_INCREMENT,
  `group_id` int(11) DEFAULT NULL,
  `user_type` tinyint(1) DEFAULT NULL COMMENT '0个人用户，1出版社用户',
  `user_name` varchar(100) DEFAULT NULL,
  `salt` varchar(20) DEFAULT NULL,
  `password` varchar(100) DEFAULT NULL,
  `mobile` varchar(20) DEFAULT NULL,
  `email` varchar(50) DEFAULT NULL,
  `avatar` varchar(255) DEFAULT NULL,
  `nick_name` varchar(100) DEFAULT NULL,
  `sex` varchar(20) DEFAULT NULL,
  `birthday` datetime DEFAULT NULL,
  `telphone` varchar(50) DEFAULT NULL,
  `area` varchar(255) DEFAULT NULL,
  `address` varchar(255) DEFAULT NULL,
  `province` int(5) DEFAULT '0' COMMENT '省id',
  `city` int(5) DEFAULT '0' COMMENT '城市id',
  `qq` varchar(20) DEFAULT NULL,
  `msn` varchar(100) DEFAULT NULL,
  `amount` decimal(19,2) DEFAULT NULL,
  `point` int(11) DEFAULT '0',
  `exp` int(11) DEFAULT NULL,
  `status` tinyint(4) DEFAULT NULL,
  `reg_time` datetime DEFAULT NULL,
  `reg_ip` varchar(20) DEFAULT NULL,
  `press` varchar(20) DEFAULT NULL COMMENT '出版社单位',
  `press_url` varchar(100) DEFAULT NULL COMMENT '公司网址',
  `press_intro` text COMMENT '公司简介',
  `name` varchar(20) DEFAULT NULL COMMENT '提交人姓名',
  `idnum` varchar(20) DEFAULT NULL COMMENT '身份证号',
  `position` varchar(20) DEFAULT NULL COMMENT '提交人职位',
  `license` varchar(100) DEFAULT NULL COMMENT '职业许可证',
  PRIMARY KEY (`id`),
  UNIQUE KEY `uniquename` (`user_name`)
) ENGINE=InnoDB  DEFAULT CHARSET=utf8 AUTO_INCREMENT=23 ;

--
-- 转存表中的数据 `m_users`
--

INSERT INTO `m_users` (`id`, `group_id`, `user_type`, `user_name`, `salt`, `password`, `mobile`, `email`, `avatar`, `nick_name`, `sex`, `birthday`, `telphone`, `area`, `address`, `province`, `city`, `qq`, `msn`, `amount`, `point`, `exp`, `status`, `reg_time`, `reg_ip`, `press`, `press_url`, `press_intro`, `name`, `idnum`, `position`, `license`) VALUES
(1, 1, 0, 'admin123', NULL, 'e10adc3949ba59abbe56e057f20f883e', '13927987400', '', '', '', '', '0000-00-00 00:00:00', '', NULL, '', 0, 0, '', '', '0.00', 0, 0, 0, '2016-09-29 11:07:05', '127.0.0.1', '', NULL, NULL, NULL, NULL, NULL, NULL),
(4, 1, 0, 'admin', NULL, 'fcea920f7412b5da7be0cf42b8c93759', '13303859657', '', '/userupload//201610/26/58103b4a16fab.jpg', 'nick', '女', '2016-10-17 00:00:00', '18770008349', NULL, '河南 郑州', 11, 149, '18770008349', '18770008349', '0.00', 0, 0, 0, '2016-09-29 11:09:30', '127.0.0.1', '', NULL, NULL, NULL, NULL, NULL, NULL),
(20, 1, 1, 'rmyd', NULL, 'e10adc3949ba59abbe56e057f20f883e', '133038596575', '123@qq.com', NULL, NULL, '男', NULL, NULL, NULL, NULL, 0, 0, NULL, NULL, NULL, 0, NULL, 0, '2016-10-24 08:57:08', '127.0.0.1', '人民邮电出版社', NULL, NULL, '赵宏涛', '411503199210152315', '总经理', '/userupload//201610/24/thumb_580d5ce4820fa.jpg'),
(21, 1, 1, '清华出版社', NULL, 'e10adc3949ba59abbe56e057f20f883e', '13303859657555', '123@qq.com', '/userupload/201610/27/5811c852834c0.jpg', NULL, '男', NULL, NULL, '天信中心306', '广东 深圳', 6, 77, NULL, NULL, NULL, 0, NULL, 0, '2016-10-24 10:43:14', '127.0.0.1', '清华出版社', 'http://www123.com', 'lalalalaallaaalaaa', '赵宏涛', '411503199210152315', '总经理', ''),
(22, 1, 1, '清华出版社2', NULL, 'e10adc3949ba59abbe56e057f20f883e', '13303859657555', '123@qq.com', NULL, NULL, '男', NULL, NULL, NULL, NULL, 0, 0, NULL, NULL, NULL, 0, NULL, 2, '2016-10-24 10:47:52', '127.0.0.1', '清华出版社2', NULL, NULL, '1', '411503199210152315', '1', '/userupload//201610/24/thumb_580d770c96d28.jpg');

-- --------------------------------------------------------

--
-- 表的结构 `m_user_amount_log`
--

CREATE TABLE IF NOT EXISTS `m_user_amount_log` (
  `id` int(11) NOT NULL AUTO_INCREMENT,
  `user_id` int(11) DEFAULT NULL,
  `user_name` varchar(100) DEFAULT NULL,
  `payment_id` int(11) DEFAULT NULL,
  `value` decimal(19,2) DEFAULT NULL,
  `remark` longtext,
  `add_time` datetime DEFAULT NULL,
  PRIMARY KEY (`id`)
) ENGINE=InnoDB  DEFAULT CHARSET=utf8 AUTO_INCREMENT=8 ;

--
-- 转存表中的数据 `m_user_amount_log`
--

INSERT INTO `m_user_amount_log` (`id`, `user_id`, `user_name`, `payment_id`, `value`, `remark`, `add_time`) VALUES
(1, 2, 'jack', 1, '15.00', '充值', '2016-07-01 15:06:22'),
(4, 3, 'tom', 4, '15.00', '充值', '2016-07-01 15:20:13'),
(5, 3, 'tom', 2, '35.00', '充值', '2016-07-01 15:20:36'),
(6, 3, 'tom', 1, '-25.00', '充值', '2016-07-01 15:21:16'),
(7, 3, 'tom', 3, '19.00', '充值', '2016-07-01 15:21:48');

-- --------------------------------------------------------

--
-- 表的结构 `m_user_attach_log`
--

CREATE TABLE IF NOT EXISTS `m_user_attach_log` (
  `id` int(11) NOT NULL AUTO_INCREMENT,
  `user_id` int(11) DEFAULT NULL,
  `user_name` varchar(100) DEFAULT NULL,
  `attach_id` int(11) DEFAULT NULL,
  `file_name` varchar(255) DEFAULT NULL,
  `add_time` datetime DEFAULT NULL,
  PRIMARY KEY (`id`)
) ENGINE=InnoDB DEFAULT CHARSET=utf8 AUTO_INCREMENT=1 ;

-- --------------------------------------------------------

--
-- 表的结构 `m_user_code`
--

CREATE TABLE IF NOT EXISTS `m_user_code` (
  `id` int(11) NOT NULL AUTO_INCREMENT,
  `user_id` int(11) DEFAULT NULL,
  `user_name` varchar(100) DEFAULT NULL,
  `type` varchar(20) DEFAULT NULL,
  `str_code` varchar(255) DEFAULT NULL,
  `count` int(11) DEFAULT NULL,
  `status` tinyint(4) DEFAULT NULL,
  `user_ip` varchar(20) DEFAULT NULL,
  `eff_time` datetime DEFAULT NULL,
  `add_time` datetime DEFAULT NULL,
  PRIMARY KEY (`id`)
) ENGINE=InnoDB DEFAULT CHARSET=utf8 AUTO_INCREMENT=1 ;

-- --------------------------------------------------------

--
-- 表的结构 `m_user_groups`
--

CREATE TABLE IF NOT EXISTS `m_user_groups` (
  `id` int(11) NOT NULL AUTO_INCREMENT,
  `title` varchar(100) DEFAULT NULL,
  `grade` int(11) DEFAULT NULL,
  `upgrade_exp` int(11) DEFAULT NULL,
  `amount` decimal(19,2) DEFAULT NULL,
  `point` int(11) DEFAULT NULL,
  `discount` int(11) DEFAULT NULL,
  `is_default` tinyint(4) DEFAULT NULL,
  `is_upgrade` tinyint(4) DEFAULT NULL,
  `is_lock` tinyint(4) DEFAULT NULL,
  PRIMARY KEY (`id`)
) ENGINE=InnoDB  DEFAULT CHARSET=utf8 AUTO_INCREMENT=5 ;

--
-- 转存表中的数据 `m_user_groups`
--

INSERT INTO `m_user_groups` (`id`, `title`, `grade`, `upgrade_exp`, `amount`, `point`, `discount`, `is_default`, `is_upgrade`, `is_lock`) VALUES
(1, '注册会员', 1, 0, '0.00', 0, 100, 1, 0, 0),
(2, '高级会员', 2, 1000, '0.00', 0, 99, 0, 1, 0),
(3, '中级会员', 3, 2000, '1.00', 10, 98, 0, 1, 0),
(4, '钻石会员', 4, 1500, '2.00', 20, 95, 0, 1, 0);

-- --------------------------------------------------------

--
-- 表的结构 `m_user_group_price`
--

CREATE TABLE IF NOT EXISTS `m_user_group_price` (
  `id` int(11) NOT NULL AUTO_INCREMENT,
  `article_id` int(11) DEFAULT NULL,
  `goods_id` int(11) DEFAULT NULL,
  `group_id` int(11) DEFAULT NULL,
  `price` decimal(19,2) DEFAULT NULL,
  PRIMARY KEY (`id`)
) ENGINE=InnoDB DEFAULT CHARSET=utf8 AUTO_INCREMENT=1 ;

-- --------------------------------------------------------

--
-- 表的结构 `m_user_login_log`
--

CREATE TABLE IF NOT EXISTS `m_user_login_log` (
  `id` int(11) NOT NULL AUTO_INCREMENT,
  `user_id` int(11) DEFAULT NULL,
  `user_name` varchar(100) DEFAULT NULL,
  `remark` varchar(255) DEFAULT NULL,
  `login_time` datetime DEFAULT NULL,
  `login_ip` varchar(50) DEFAULT NULL,
  PRIMARY KEY (`id`)
) ENGINE=InnoDB DEFAULT CHARSET=utf8 AUTO_INCREMENT=1 ;

-- --------------------------------------------------------

--
-- 表的结构 `m_user_message`
--

CREATE TABLE IF NOT EXISTS `m_user_message` (
  `id` int(11) NOT NULL AUTO_INCREMENT,
  `type` tinyint(4) DEFAULT NULL,
  `post_user_name` varchar(100) DEFAULT NULL,
  `accept_user_name` varchar(100) DEFAULT NULL,
  `is_read` tinyint(4) DEFAULT NULL,
  `title` varchar(100) DEFAULT NULL,
  `content` longtext,
  `post_time` datetime DEFAULT NULL,
  `read_time` datetime DEFAULT NULL,
  PRIMARY KEY (`id`)
) ENGINE=InnoDB  DEFAULT CHARSET=utf8 AUTO_INCREMENT=13 ;

--
-- 转存表中的数据 `m_user_message`
--

INSERT INTO `m_user_message` (`id`, `type`, `post_user_name`, `accept_user_name`, `is_read`, `title`, `content`, `post_time`, `read_time`) VALUES
(1, 1, 'admin', 'tom', 0, 'hei', '123', '2016-07-01 16:27:17', NULL),
(3, 1, 'tom', 'jack', 0, 'movie', 'jdsfljsdkfsljf见风使舵雷锋精神减肥的开始就', '2016-07-01 16:29:18', NULL),
(4, 0, 'admin', 'jhon', 0, '方式的开发及', '绝对是刻录机服务的奇偶位手机发老实交代', '2016-07-01 16:29:50', NULL),
(5, 1, 'admin', 'tom', 0, '水淀粉及圣诞节', '设计费会计师的附件是打飞机', '2016-07-01 16:30:09', NULL),
(6, 0, 'admin', 'jack', 0, '上见覅偶电视剧', '圣诞节风露宿服务三架飞机是考虑到', '2016-07-01 16:30:42', NULL),
(7, 2, 'admin', 'jhon', 0, '的可否的', '圣诞节复苏飞往南方呢', '2016-07-01 16:31:11', NULL),
(8, 2, 'admin', 'tom', 0, '世纪东方困了就睡', 'u费时间方式', '2016-07-01 16:31:33', NULL),
(9, 2, 'admin', 'tom', 0, '的开发商可', '地方VC项目Vm可视对讲方式的会计方法计算机 &lt;br /&gt;', '2016-07-01 16:33:01', NULL),
(10, 1, 'admin', 'jack', 0, '圣诞节疯狂洛杉矶', '设计的付款了圣诞节方式大姐夫说', '2016-07-01 16:33:13', NULL),
(12, 1, 'admin', 'jhon', 0, '圣诞节法律上', 'sdjfklsjdf 的数据库来福建省的123&lt;br /&gt;', '2016-07-01 16:36:38', NULL);

-- --------------------------------------------------------

--
-- 表的结构 `m_user_oauth`
--

CREATE TABLE IF NOT EXISTS `m_user_oauth` (
  `id` int(11) NOT NULL AUTO_INCREMENT,
  `user_id` int(11) DEFAULT NULL,
  `user_name` varchar(100) DEFAULT NULL,
  `oauth_name` varchar(50) DEFAULT NULL,
  `oauth_access_token` longtext,
  `oauth_openid` varchar(255) DEFAULT NULL,
  `add_time` datetime DEFAULT NULL,
  PRIMARY KEY (`id`)
) ENGINE=InnoDB  DEFAULT CHARSET=utf8 AUTO_INCREMENT=5 ;

--
-- 转存表中的数据 `m_user_oauth`
--

INSERT INTO `m_user_oauth` (`id`, `user_id`, `user_name`, `oauth_name`, `oauth_access_token`, `oauth_openid`, `add_time`) VALUES
(2, 2, 'tom', 'weibo', '124512', '65412', '2016-07-04 13:49:35'),
(4, 4, 'jf', 'weixin', 'fjdkfj', 'ijvc', '2016-07-19 13:50:06');

-- --------------------------------------------------------

--
-- 表的结构 `m_user_oauth_app`
--

CREATE TABLE IF NOT EXISTS `m_user_oauth_app` (
  `id` int(11) NOT NULL AUTO_INCREMENT,
  `title` varchar(100) DEFAULT NULL,
  `img_url` varchar(255) DEFAULT NULL,
  `app_id` varchar(100) DEFAULT NULL,
  `app_key` longtext,
  `remark` longtext,
  `sort_id` int(11) DEFAULT NULL,
  `is_lock` tinyint(4) DEFAULT NULL,
  `api_path` varchar(255) DEFAULT NULL,
  PRIMARY KEY (`id`)
) ENGINE=InnoDB  DEFAULT CHARSET=utf8 AUTO_INCREMENT=7 ;

--
-- 转存表中的数据 `m_user_oauth_app`
--

INSERT INTO `m_user_oauth_app` (`id`, `title`, `img_url`, `app_id`, `app_key`, `remark`, `sort_id`, `is_lock`, `api_path`) VALUES
(1, '用QQ帐号登录', '/images/oauth/qq.png', 'API Key', 'Secret Key', 'QQ互联开放平台', 99, 0, 'qq'),
(2, '用新浪微博登录', '/images/oauth/weibo.png', 'API Key', 'Secret Key', '新浪微博开放平台', 100, 0, 'sina'),
(3, '用淘宝账号登录', '/images/oauth/taobao.png', 'API Key', 'Secret Key', '淘宝开放平台', 101, 0, 'taobao'),
(4, '用开心网帐号登录', '/images/oauth/kaixin.png', 'API Key', 'Secret Key', '开心网开放平台', 102, 0, 'kaixin'),
(5, '用人人网帐号登录', '/images/oauth/renren.png', 'API Key', 'Secret Key', '人人网开放平台', 103, 0, 'renren'),
(6, '用飞信账号登录', '/images/oauth/feixin.png', 'API Key', 'Secret Key', '中国移动飞信开放平台', 104, 0, 'feixin');

-- --------------------------------------------------------

--
-- 表的结构 `m_user_point_log`
--

CREATE TABLE IF NOT EXISTS `m_user_point_log` (
  `id` int(11) NOT NULL AUTO_INCREMENT,
  `user_id` int(11) DEFAULT NULL,
  `user_name` varchar(100) DEFAULT NULL,
  `value` int(11) DEFAULT NULL,
  `remark` longtext,
  `add_time` datetime DEFAULT NULL,
  PRIMARY KEY (`id`)
) ENGINE=InnoDB  DEFAULT CHARSET=utf8 AUTO_INCREMENT=3 ;

--
-- 转存表中的数据 `m_user_point_log`
--

INSERT INTO `m_user_point_log` (`id`, `user_id`, `user_name`, `value`, `remark`, `add_time`) VALUES
(2, 3, 'tom', 20, '活动', '2016-07-01 15:32:03');

-- --------------------------------------------------------

--
-- 表的结构 `m_user_recharge`
--

CREATE TABLE IF NOT EXISTS `m_user_recharge` (
  `id` int(11) NOT NULL AUTO_INCREMENT,
  `user_id` int(11) DEFAULT NULL,
  `user_name` varchar(100) DEFAULT NULL,
  `recharge_no` varchar(100) DEFAULT NULL,
  `payment_id` int(11) DEFAULT NULL,
  `amount` decimal(19,2) DEFAULT NULL,
  `status` tinyint(4) DEFAULT NULL,
  `add_time` datetime DEFAULT NULL,
  `complete_time` datetime DEFAULT NULL,
  PRIMARY KEY (`id`)
) ENGINE=InnoDB  DEFAULT CHARSET=utf8 AUTO_INCREMENT=23 ;

--
-- 转存表中的数据 `m_user_recharge`
--

INSERT INTO `m_user_recharge` (`id`, `user_id`, `user_name`, `recharge_no`, `payment_id`, `amount`, `status`, `add_time`, `complete_time`) VALUES
(1, 3, 'tom', 'S14673530257232', 1, '20.00', 1, '2016-07-01 14:03:52', '2016-07-01 14:03:52'),
(2, 3, 'tom', 'S14673530482661', 2, '-30.00', 1, '2016-07-01 14:04:19', '2016-07-01 14:04:19'),
(3, 3, 'tom', 'S14673531259954', 1, '-20.00', 1, '2016-07-01 14:05:33', '2016-07-01 14:05:33'),
(4, 3, 'tom', 'S14673532611500', 1, '-23.00', 1, '2016-07-01 14:07:55', '2016-07-01 14:07:55'),
(5, 3, 'tom', 'S14673533237468', 1, '-10.00', 1, '2016-07-01 14:08:50', '2016-07-01 14:08:50'),
(6, 3, 'tom', 'S14673534173220', 1, '18.00', 1, '2016-07-01 14:10:28', '2016-07-01 14:10:28'),
(14, 2, 'jack', 'S14673567758536', 1, '15.00', 1, '2016-07-01 15:06:22', '2016-07-01 15:06:22'),
(15, 2, 'jack', 'S14673568101533', 1, '28.00', 1, '2016-07-01 15:07:01', '2016-07-01 15:07:01'),
(16, 2, 'jack', 'S14673568298700', 1, '-18.00', 1, '2016-07-01 15:07:17', '2016-07-01 15:07:17'),
(17, 3, 'tom', 'S14673576021662', 4, '15.00', 1, '2016-07-01 15:20:13', '2016-07-01 15:20:13'),
(18, 3, 'tom', 'S14673576208427', 2, '35.00', 1, '2016-07-01 15:20:36', '2016-07-01 15:20:36'),
(19, 3, 'tom', 'S14673576641435', 1, '-25.00', 1, '2016-07-01 15:21:16', '2016-07-01 15:21:16'),
(20, 3, 'tom', 'S14673576977604', 3, '19.00', 1, '2016-07-01 15:21:48', '2016-07-01 15:21:48'),
(22, 3, 'tom', 'S14678586256696', 1, '-5.00', 1, '2016-07-07 10:30:33', '2016-07-07 10:30:33');

/*!40101 SET CHARACTER_SET_CLIENT=@OLD_CHARACTER_SET_CLIENT */;
/*!40101 SET CHARACTER_SET_RESULTS=@OLD_CHARACTER_SET_RESULTS */;
/*!40101 SET COLLATION_CONNECTION=@OLD_COLLATION_CONNECTION */;
